X,Y,Z,Azimuth,Bearing,Direction,Latitude,Longitude,Altitude,Date,Time
579,311,2452,28,1,NNE,25.714184,-80.283920,20.00,04/15/2024,01:09:35
584,311,2462,28,1,NNE,25.714182,-80.283920,20.00,04/15/2024,01:09:36
600,319,2440,27,1,NNE,25.714182,-80.283920,20.00,04/15/2024,01:09:36
584,321,2448,28,1,NNE,25.714182,-80.283920,20.00,04/15/2024,01:09:36
583,329,2445,29,1,NNE,25.714182,-80.283920,20.10,04/15/2024,01:09:36
597,350,2459,30,1,NNE,25.714182,-80.283920,20.10,04/15/2024,01:09:36
591,355,2430,30,1,NNE,25.714184,-80.283920,20.10,04/15/2024,01:09:36
589,356,2437,31,1,NNE,25.714182,-80.283920,20.10,04/15/2024,01:09:36
591,350,2440,30,1,NNE,25.714182,-80.283920,20.00,04/15/2024,01:09:36
591,369,2418,31,1,NNE,25.714182,-80.283920,20.00,04/15/2024,01:09:36
595,350,2425,30,1,NNE,25.714182,-80.283920,20.00,04/15/2024,01:09:36
591,333,2422,29,1,NNE,25.714182,-80.283920,20.00,04/15/2024,01:09:37
605,326,2418,28,1,NNE,25.714182,-80.283920,20.10,04/15/2024,01:09:37
583,342,2467,30,1,NNE,25.714182,-80.283920,20.10,04/15/2024,01:09:37
589,352,2440,30,1,NNE,25.714182,-80.283920,20.10,04/15/2024,01:09:37
568,363,2462,32,1,NNE,25.714182,-80.283920,20.10,04/15/2024,01:09:37
554,355,2452,32,1,NNE,25.714182,-80.283920,20.20,04/15/2024,01:09:37
563,359,2459,32,1,NNE,25.714184,-80.283920,20.20,04/15/2024,01:09:37
561,365,2462,33,1,NNE,25.714184,-80.283920,20.10,04/15/2024,01:09:37
552,372,2474,33,1,NNE,25.714184,-80.283920,20.10,04/15/2024,01:09:37
559,361,2485,32,1,NNE,25.714184,-80.283920,20.10,04/15/2024,01:09:37
557,377,2482,34,1,NNE,25.714184,-80.283920,20.10,04/15/2024,01:09:38
557,372,2459,33,1,NNE,25.714184,-80.283920,20.20,04/15/2024,01:09:38
557,386,2459,34,1,NNE,25.714182,-80.283920,20.20,04/15/2024,01:09:38
559,386,2467,34,1,NNE,25.714182,-80.283920,20.20,04/15/2024,01:09:38
548,384,2467,35,1,NNE,25.714182,-80.283920,20.20,04/15/2024,01:09:38
532,359,2485,34,1,NNE,25.714182,-80.283920,20.20,04/15/2024,01:09:38
563,372,2489,33,1,NNE,25.714182,-80.283920,20.20,04/15/2024,01:09:38
571,356,2452,31,1,NNE,25.714182,-80.283920,20.10,04/15/2024,01:09:38
568,346,2462,31,1,NNE,25.714182,-80.283920,20.10,04/15/2024,01:09:38
577,348,2462,31,1,NNE,25.714182,-80.283920,20.10,04/15/2024,01:09:38
545,372,2455,34,1,NNE,25.714182,-80.283920,20.10,04/15/2024,01:09:39
538,356,2474,33,1,NNE,25.714182,-80.283920,20.10,04/15/2024,01:09:39
557,346,2500,31,1,NNE,25.714182,-80.283920,20.20,04/15/2024,01:09:39
542,369,2485,34,1,NNE,25.714182,-80.283920,20.20,04/15/2024,01:09:39
542,376,2459,34,1,NNE,25.714182,-80.283920,20.20,04/15/2024,01:09:39
536,380,2482,35,1,NNE,25.714182,-80.283920,20.20,04/15/2024,01:09:39
518,394,2467,37,1,NNE,25.714182,-80.283920,20.10,04/15/2024,01:09:39
550,416,2440,37,1,NNE,25.714182,-80.283920,20.10,04/15/2024,01:09:39
540,431,2470,38,1,NNE,25.714182,-80.283920,20.20,04/15/2024,01:09:39
527,436,2470,39,1,NNE,25.714182,-80.283920,20.20,04/15/2024,01:09:40
540,424,2455,38,1,NNE,25.714182,-80.283920,20.20,04/15/2024,01:09:40
534,405,2467,37,1,NNE,25.714182,-80.283920,20.20,04/15/2024,01:09:40
545,394,2459,35,1,NNE,25.714182,-80.283920,20.20,04/15/2024,01:09:40
534,365,2485,34,1,NNE,25.714182,-80.283920,20.20,04/15/2024,01:09:40
552,365,2474,33,1,NNE,25.714182,-80.283920,20.20,04/15/2024,01:09:40
550,339,2477,31,1,NNE,25.714182,-80.283920,20.20,04/15/2024,01:09:40
554,324,2485,30,1,NNE,25.714182,-80.283920,20.30,04/15/2024,01:09:40
529,304,2512,29,1,NNE,25.714182,-80.283920,20.30,04/15/2024,01:09:40
522,274,2522,27,1,NNE,25.714182,-80.283920,20.20,04/15/2024,01:09:40
503,223,2574,23,1,NNE,25.714182,-80.283920,20.20,04/15/2024,01:09:41
509,207,2571,22,0,N,25.714182,-80.283920,20.30,04/15/2024,01:09:41
518,171,2564,18,0,N,25.714182,-80.283920,20.30,04/15/2024,01:09:41
527,164,2559,17,0,N,25.714182,-80.283920,20.20,04/15/2024,01:09:41
527,163,2559,17,0,N,25.714182,-80.283920,20.20,04/15/2024,01:09:41
529,175,2544,18,0,N,25.714182,-80.283920,20.20,04/15/2024,01:09:41
554,172,2515,17,0,N,25.714182,-80.283920,20.20,04/15/2024,01:09:41
563,166,2530,16,0,N,25.714182,-80.283920,20.20,04/15/2024,01:09:41
550,164,2527,16,0,N,25.714182,-80.283920,20.20,04/15/2024,01:09:41
546,168,2507,17,0,N,25.714184,-80.283920,20.20,04/15/2024,01:09:42
546,181,2537,18,0,N,25.714184,-80.283920,20.30,04/15/2024,01:09:42
577,198,2519,18,0,N,25.714184,-80.283920,20.30,04/15/2024,01:09:42
566,192,2507,18,0,N,25.714184,-80.283920,20.20,04/15/2024,01:09:42
564,184,2500,18,0,N,25.714184,-80.283920,20.20,04/15/2024,01:09:42
583,172,2500,16,0,N,25.714184,-80.283920,20.20,04/15/2024,01:09:42
581,177,2470,16,0,N,25.714184,-80.283920,20.20,04/15/2024,01:09:42
584,179,2500,17,0,N,25.714184,-80.283920,20.20,04/15/2024,01:09:42
554,188,2512,18,0,N,25.714184,-80.283920,20.20,04/15/2024,01:09:42
563,185,2504,18,0,N,25.714184,-80.283920,20.30,04/15/2024,01:09:42
568,163,2519,16,0,N,25.714184,-80.283920,20.30,04/15/2024,01:09:43
595,147,2482,13,0,N,25.714184,-80.283920,20.30,04/15/2024,01:09:43
600,147,2497,13,0,N,25.714184,-80.283920,20.30,04/15/2024,01:09:43
602,163,2485,15,0,N,25.714184,-80.283920,20.30,04/15/2024,01:09:43
584,172,2492,16,0,N,25.714184,-80.283920,20.30,04/15/2024,01:09:43
568,198,2497,19,0,N,25.714184,-80.283920,20.30,04/15/2024,01:09:43
571,185,2492,17,0,N,25.714184,-80.283920,20.30,04/15/2024,01:09:43
577,181,2489,17,0,N,25.714184,-80.283920,20.30,04/15/2024,01:09:43
566,184,2489,18,0,N,25.714184,-80.283920,20.40,04/15/2024,01:09:43
566,171,2497,16,0,N,25.714184,-80.283920,20.40,04/15/2024,01:09:44
577,130,2512,12,0,N,25.714184,-80.283920,20.30,04/15/2024,01:09:44
579,150,2482,14,0,N,25.714184,-80.283920,20.30,04/15/2024,01:09:44
581,152,2470,14,0,N,25.714184,-80.283920,20.40,04/15/2024,01:09:44
595,146,2467,13,0,N,25.714182,-80.283920,20.40,04/15/2024,01:09:44
584,120,2474,11,0,N,25.714182,-80.283920,20.40,04/15/2024,01:09:44
614,117,2445,10,0,N,25.714182,-80.283920,20.40,04/15/2024,01:09:44
626,133,2440,11,0,N,25.714182,-80.283920,20.40,04/15/2024,01:09:44
601,106,2467,10,0,N,25.714182,-80.283920,20.40,04/15/2024,01:09:44
618,102,2430,9,0,N,25.714182,-80.283920,20.40,04/15/2024,01:09:44
657,91,2400,7,0,N,25.714182,-80.283920,20.40,04/15/2024,01:09:45
657,89,2403,7,0,N,25.714182,-80.283920,20.40,04/15/2024,01:09:45
641,89,2425,7,0,N,25.714182,-80.283920,20.40,04/15/2024,01:09:45
648,69,2440,6,0,N,25.714182,-80.283920,20.40,04/15/2024,01:09:45
607,82,2470,7,0,N,25.714182,-80.283920,20.40,04/15/2024,01:09:45
639,95,2462,8,0,N,25.714182,-80.283920,20.40,04/15/2024,01:09:45
632,108,2492,9,0,N,25.714182,-80.283920,20.40,04/15/2024,01:09:45
654,129,2462,11,0,N,25.714182,-80.283920,20.40,04/15/2024,01:09:45
673,135,2440,11,0,N,25.714182,-80.283920,20.40,04/15/2024,01:09:45
684,120,2437,9,0,N,25.714182,-80.283920,20.40,04/15/2024,01:09:45
694,135,2430,11,0,N,25.714182,-80.283920,20.40,04/15/2024,01:09:46
657,147,2497,12,0,N,25.714182,-80.283920,20.40,04/15/2024,01:09:46
666,147,2477,12,0,N,25.714182,-80.283920,20.40,04/15/2024,01:09:46
693,137,2433,11,0,N,25.714182,-80.283920,20.30,04/15/2024,01:09:46
687,166,2455,13,0,N,25.714182,-80.283920,20.30,04/15/2024,01:09:46
680,190,2452,15,0,N,25.714182,-80.283920,20.30,04/15/2024,01:09:46
703,214,2425,16,0,N,25.714182,-80.283913,20.30,04/15/2024,01:09:46
648,230,2474,19,0,N,25.714182,-80.283913,20.30,04/15/2024,01:09:46
648,258,2462,21,0,N,25.714182,-80.283920,20.30,04/15/2024,01:09:46
641,258,2470,21,0,N,25.714182,-80.283920,20.30,04/15/2024,01:09:46
650,251,2455,21,0,N,25.714182,-80.283913,20.30,04/15/2024,01:09:47
650,226,2448,19,0,N,25.714182,-80.283913,20.30,04/15/2024,01:09:47
636,217,2462,18,0,N,25.714182,-80.283913,20.30,04/15/2024,01:09:47
602,211,2489,19,0,N,25.714182,-80.283913,20.30,04/15/2024,01:09:47
607,205,2470,18,0,N,25.714182,-80.283913,20.30,04/15/2024,01:09:47
632,190,2407,16,0,N,25.714182,-80.283913,20.20,04/15/2024,01:09:47
626,192,2407,17,0,N,25.714182,-80.283913,20.20,04/15/2024,01:09:47
626,190,2366,16,0,N,25.714182,-80.283913,20.20,04/15/2024,01:09:47
575,215,2452,20,0,N,25.714182,-80.283920,20.20,04/15/2024,01:09:47
564,236,2445,22,0,N,25.714182,-80.283920,20.20,04/15/2024,01:09:47
563,232,2418,22,0,N,25.714182,-80.283920,20.20,04/15/2024,01:09:48
589,221,2403,20,0,N,25.714182,-80.283920,20.20,04/15/2024,01:09:48
601,219,2373,20,0,N,25.714182,-80.283913,20.20,04/15/2024,01:09:48
611,230,2385,20,0,N,25.714182,-80.283913,20.20,04/15/2024,01:09:48
589,226,2410,20,0,N,25.714182,-80.283920,20.20,04/15/2024,01:09:48
601,227,2410,20,0,N,25.714182,-80.283920,20.10,04/15/2024,01:09:48
609,227,2410,20,0,N,25.714182,-80.283913,20.10,04/15/2024,01:09:48
654,209,2366,17,0,N,25.714182,-80.283913,20.20,04/15/2024,01:09:48
623,214,2392,18,0,N,25.714184,-80.283913,20.20,04/15/2024,01:09:48
639,198,2415,17,0,N,25.714184,-80.283913,20.20,04/15/2024,01:09:48
618,207,2455,18,0,N,25.714184,-80.283913,20.20,04/15/2024,01:09:49
600,221,2462,20,0,N,25.714184,-80.283913,20.20,04/15/2024,01:09:49
593,243,2462,22,0,N,25.714186,-80.283913,20.20,04/15/2024,01:09:49
597,247,2462,22,0,N,25.714186,-80.283913,20.20,04/15/2024,01:09:49
654,236,2395,19,0,N,25.714188,-80.283913,20.20,04/15/2024,01:09:49
636,221,2437,19,0,N,25.714190,-80.283913,20.20,04/15/2024,01:09:49
614,198,2470,17,0,N,25.714190,-80.283913,20.30,04/15/2024,01:09:49
682,159,2403,13,0,N,25.714191,-80.283913,20.30,04/15/2024,01:09:49
675,181,2452,15,0,N,25.714191,-80.283913,20.30,04/15/2024,01:09:49
657,194,2485,16,0,N,25.714191,-80.283913,20.30,04/15/2024,01:09:50
607,205,2534,18,0,N,25.714191,-80.283913,20.30,04/15/2024,01:09:50
621,209,2571,18,0,N,25.714195,-80.283913,20.30,04/15/2024,01:09:50
623,227,2582,20,0,N,25.714195,-80.283913,20.30,04/15/2024,01:09:50
615,227,2601,20,0,N,25.714195,-80.283913,20.30,04/15/2024,01:09:50
605,227,2631,20,0,N,25.714195,-80.283913,20.30,04/15/2024,01:09:50
595,226,2634,20,0,N,25.714197,-80.283913,20.30,04/15/2024,01:09:50
615,219,2619,19,0,N,25.714197,-80.283913,20.30,04/15/2024,01:09:50
575,205,2653,19,0,N,25.714199,-80.283913,20.30,04/15/2024,01:09:50
572,202,2641,19,0,N,25.714199,-80.283913,20.30,04/15/2024,01:09:50
566,232,2623,22,0,N,25.714201,-80.283913,20.30,04/15/2024,01:09:51
536,226,2661,22,0,N,25.714201,-80.283913,20.10,04/15/2024,01:09:51
493,202,2638,22,0,N,25.714203,-80.283913,20.10,04/15/2024,01:09:51
473,227,2638,25,1,NNE,25.714203,-80.283913,20.10,04/15/2024,01:09:51
459,223,2623,25,1,NNE,25.714207,-80.283913,20.10,04/15/2024,01:09:51
475,230,2559,25,1,NNE,25.714209,-80.283913,20.10,04/15/2024,01:09:51
495,194,2515,21,0,N,25.714209,-80.283913,20.10,04/15/2024,01:09:51
454,188,2522,22,0,N,25.714211,-80.283913,20.10,04/15/2024,01:09:51
467,196,2519,22,0,N,25.714211,-80.283913,20.00,04/15/2024,01:09:51
528,190,2425,19,0,N,25.714212,-80.283913,20.00,04/15/2024,01:09:52
528,172,2489,18,0,N,25.714212,-80.283913,20.00,04/15/2024,01:09:52
506,152,2462,16,0,N,25.714216,-80.283920,20.00,04/15/2024,01:09:52
495,143,2485,16,0,N,25.714216,-80.283920,20.00,04/15/2024,01:09:52
493,163,2485,18,0,N,25.714218,-80.283920,20.00,04/15/2024,01:09:52
524,163,2448,17,0,N,25.714218,-80.283920,19.90,04/15/2024,01:09:52
546,150,2452,15,0,N,25.714220,-80.283913,19.90,04/15/2024,01:09:52
584,143,2418,13,0,N,25.714220,-80.283913,20.00,04/15/2024,01:09:52
542,120,2459,12,0,N,25.714222,-80.283920,20.00,04/15/2024,01:09:52
548,120,2445,12,0,N,25.714222,-80.283920,19.80,04/15/2024,01:09:52
554,108,2437,11,0,N,25.714224,-80.283920,19.80,04/15/2024,01:09:53
587,108,2410,10,0,N,25.714226,-80.283920,19.80,04/15/2024,01:09:53
583,122,2403,11,0,N,25.714226,-80.283920,19.70,04/15/2024,01:09:53
568,135,2433,13,0,N,25.714228,-80.283920,19.70,04/15/2024,01:09:53
561,159,2430,15,0,N,25.714228,-80.283920,19.70,04/15/2024,01:09:53
552,184,2418,18,0,N,25.714230,-80.283920,19.70,04/15/2024,01:09:53
566,188,2395,18,0,N,25.714230,-80.283920,19.70,04/15/2024,01:09:53
601,196,2373,18,0,N,25.714231,-80.283920,19.70,04/15/2024,01:09:53
645,196,2351,16,0,N,25.714231,-80.283920,19.70,04/15/2024,01:09:53
595,184,2392,17,0,N,25.714233,-80.283920,19.70,04/15/2024,01:09:54
609,171,2385,15,0,N,25.714233,-80.283920,19.70,04/15/2024,01:09:54
654,166,2343,14,0,N,25.714237,-80.283920,19.70,04/15/2024,01:09:54
634,156,2385,13,0,N,25.714237,-80.283920,19.60,04/15/2024,01:09:54
641,129,2381,11,0,N,25.714239,-80.283920,19.60,04/15/2024,01:09:54
602,133,2415,12,0,N,25.714239,-80.283920,19.60,04/15/2024,01:09:54
601,146,2392,13,0,N,25.714241,-80.283920,19.60,04/15/2024,01:09:54
602,122,2395,11,0,N,25.714241,-80.283920,19.50,04/15/2024,01:09:54
589,106,2418,10,0,N,25.714243,-80.283920,19.50,04/15/2024,01:09:54
621,95,2370,8,0,N,25.714243,-80.283920,19.50,04/15/2024,01:09:54
623,99,2385,9,0,N,25.714245,-80.283920,19.50,04/15/2024,01:09:55
597,56,2410,5,0,N,25.714245,-80.283920,19.60,04/15/2024,01:09:55
632,38,2373,3,0,N,25.714249,-80.283920,19.60,04/15/2024,01:09:55
688,34,2296,2,0,N,25.714249,-80.283920,19.60,04/15/2024,01:09:55
703,21,2288,1,0,N,25.714251,-80.283920,19.60,04/15/2024,01:09:55
712,0,2299,0,0,N,25.714251,-80.283920,19.60,04/15/2024,01:09:55
644,4,2425,0,0,N,25.714252,-80.283920,19.60,04/15/2024,01:09:55
634,12,2474,1,0,N,25.714252,-80.283920,19.50,04/15/2024,01:09:55
652,31,2497,2,0,N,25.714254,-80.283920,19.50,04/15/2024,01:09:55
675,36,2489,3,0,N,25.714254,-80.283920,19.50,04/15/2024,01:09:55
693,49,2489,4,0,N,25.714256,-80.283920,19.50,04/15/2024,01:09:56
712,53,2497,4,0,N,25.714256,-80.283920,19.50,04/15/2024,01:09:56
675,49,2515,4,0,N,25.714260,-80.283920,19.50,04/15/2024,01:09:56
660,23,2564,1,0,N,25.714260,-80.283920,19.50,04/15/2024,01:09:56
675,0,2534,0,0,N,25.714262,-80.283920,19.50,04/15/2024,01:09:56
664,8,2534,0,0,N,25.714262,-80.283920,19.60,04/15/2024,01:09:56
618,23,2586,2,0,N,25.714264,-80.283920,19.60,04/15/2024,01:09:56
563,23,2611,2,0,N,25.714264,-80.283920,19.60,04/15/2024,01:09:56
564,43,2594,4,0,N,25.714266,-80.283920,19.60,04/15/2024,01:09:56
554,82,2574,8,0,N,25.714266,-80.283920,19.60,04/15/2024,01:09:56
542,93,2594,9,0,N,25.714270,-80.283920,19.60,04/15/2024,01:09:57
557,93,2541,9,0,N,25.714270,-80.283920,19.60,04/15/2024,01:09:57
579,82,2497,8,0,N,25.714272,-80.283920,19.60,04/15/2024,01:09:57
600,98,2467,9,0,N,25.714272,-80.283920,19.60,04/15/2024,01:09:57
591,86,2440,8,0,N,25.714273,-80.283920,19.60,04/15/2024,01:09:57
579,91,2422,8,0,N,25.714273,-80.283920,19.60,04/15/2024,01:09:57
601,86,2388,8,0,N,25.714275,-80.283920,19.60,04/15/2024,01:09:57
563,102,2410,10,0,N,25.714275,-80.283920,19.50,04/15/2024,01:09:57
583,95,2385,9,0,N,25.714279,-80.283920,19.50,04/15/2024,01:09:57
572,129,2418,12,0,N,25.714279,-80.283920,19.50,04/15/2024,01:09:57
587,152,2430,14,0,N,25.714281,-80.283920,19.50,04/15/2024,01:09:58
605,156,2381,14,0,N,25.714281,-80.283920,19.50,04/15/2024,01:09:58
611,141,2392,12,0,N,25.714283,-80.283920,19.50,04/15/2024,01:09:58
662,159,2343,13,0,N,25.714283,-80.283920,19.40,04/15/2024,01:09:58
657,166,2370,14,0,N,25.714285,-80.283920,19.40,04/15/2024,01:09:58
675,159,2392,13,0,N,25.714285,-80.283920,19.40,04/15/2024,01:09:58
699,143,2351,11,0,N,25.714287,-80.283920,19.40,04/15/2024,01:09:58
753,141,2318,10,0,N,25.714289,-80.283920,19.40,04/15/2024,01:09:58
723,163,2422,12,0,N,25.714289,-80.283920,19.40,04/15/2024,01:09:58
712,154,2437,12,0,N,25.714293,-80.283920,19.40,04/15/2024,01:09:59
712,159,2440,12,0,N,25.714293,-80.283920,19.50,04/15/2024,01:09:59
693,177,2492,14,0,N,25.714293,-80.283920,19.50,04/15/2024,01:09:59
699,188,2504,15,0,N,25.714294,-80.283920,19.50,04/15/2024,01:09:59
739,190,2467,14,0,N,25.714296,-80.283920,19.50,04/15/2024,01:09:59
757,196,2470,14,0,N,25.714296,-80.283920,19.20,04/15/2024,01:09:59
772,198,2459,14,0,N,25.714298,-80.283920,19.20,04/15/2024,01:09:59
733,181,2541,13,0,N,25.714298,-80.283920,19.30,04/15/2024,01:09:59
768,184,2541,13,0,N,25.714300,-80.283920,19.30,04/15/2024,01:09:59
835,177,2452,11,0,N,25.714300,-80.283920,19.30,04/15/2024,01:09:59
824,185,2522,12,0,N,25.714302,-80.283920,19.30,04/15/2024,01:10:00
812,198,2574,13,0,N,25.714302,-80.283920,19.20,04/15/2024,01:10:00
778,192,2646,13,0,N,25.714304,-80.283920,19.20,04/15/2024,01:10:00
753,207,2698,15,0,N,25.714304,-80.283920,19.20,04/15/2024,01:10:00
774,216,2735,15,0,N,25.714308,-80.283920,19.20,04/15/2024,01:10:00
794,219,2723,15,0,N,25.714308,-80.283920,19.20,04/15/2024,01:10:00
800,223,2757,15,0,N,25.714310,-80.283920,19.20,04/15/2024,01:10:00
755,217,2828,16,0,N,25.714310,-80.283920,19.00,04/15/2024,01:10:00
696,215,2895,17,0,N,25.714312,-80.283920,19.00,04/15/2024,01:10:00
723,181,2899,14,0,N,25.714312,-80.283920,18.90,04/15/2024,01:10:00
778,172,2857,12,0,N,25.714314,-80.283920,18.90,04/15/2024,01:10:01
730,211,2932,16,0,N,25.714314,-80.283920,18.90,04/15/2024,01:10:01
684,201,2996,16,0,N,25.714317,-80.283920,18.90,04/15/2024,01:10:01
650,205,3014,17,0,N,25.714317,-80.283920,18.90,04/15/2024,01:10:01
636,207,3036,18,0,N,25.714319,-80.283920,18.90,04/15/2024,01:10:01
615,234,3051,20,0,N,25.714319,-80.283920,18.70,04/15/2024,01:10:01
600,230,3066,20,0,N,25.714321,-80.283920,18.70,04/15/2024,01:10:01
654,251,2991,20,0,N,25.714321,-80.283920,18.70,04/15/2024,01:10:01
566,243,3033,23,1,NNE,25.714323,-80.283920,18.70,04/15/2024,01:10:01
469,202,3093,23,1,NNE,25.714323,-80.283920,18.70,04/15/2024,01:10:01
518,164,3018,17,0,N,25.714325,-80.283920,18.70,04/15/2024,01:10:02
509,152,2996,16,0,N,25.714325,-80.283920,18.80,04/15/2024,01:10:02
454,171,2999,20,0,N,25.714329,-80.283920,18.80,04/15/2024,01:10:02
488,179,2917,20,0,N,25.714329,-80.283920,18.90,04/15/2024,01:10:02
471,171,2914,19,0,N,25.714331,-80.283920,18.90,04/15/2024,01:10:02
469,202,2880,23,1,NNE,25.714331,-80.283920,18.90,04/15/2024,01:10:02
481,202,2835,22,0,N,25.714333,-80.283920,18.90,04/15/2024,01:10:02
477,201,2817,22,0,N,25.714333,-80.283920,18.80,04/15/2024,01:10:02
499,223,2757,24,1,NNE,25.714334,-80.283920,18.80,04/15/2024,01:10:02
542,194,2713,19,0,N,25.714334,-80.283920,18.70,04/15/2024,01:10:02
514,194,2750,20,0,N,25.714336,-80.283920,18.70,04/15/2024,01:10:03
518,166,2735,17,0,N,25.714336,-80.283920,18.80,04/15/2024,01:10:03
529,137,2701,14,0,N,25.714338,-80.283920,18.80,04/15/2024,01:10:03
514,146,2731,15,0,N,25.714338,-80.283920,18.70,04/15/2024,01:10:03
528,179,2743,18,0,N,25.714342,-80.283920,18.70,04/15/2024,01:10:03
520,181,2757,19,0,N,25.714342,-80.283920,18.70,04/15/2024,01:10:03
528,196,2735,20,0,N,25.714344,-80.283920,18.70,04/15/2024,01:10:03
529,226,2743,23,1,NNE,25.714344,-80.283920,18.70,04/15/2024,01:10:03
545,201,2735,20,0,N,25.714346,-80.283920,18.70,04/15/2024,01:10:03
568,194,2760,18,0,N,25.714346,-80.283920,18.60,04/15/2024,01:10:03
566,184,2780,18,0,N,25.714348,-80.283920,18.60,04/15/2024,01:10:04
566,179,2760,17,0,N,25.714348,-80.283920,18.60,04/15/2024,01:10:04
559,168,2783,16,0,N,25.714350,-80.283920,18.60,04/15/2024,01:10:04
579,163,2775,15,0,N,25.714350,-80.283920,18.70,04/15/2024,01:10:04
589,159,2787,15,0,N,25.714354,-80.283920,18.70,04/15/2024,01:10:04
577,152,2798,14,0,N,25.714355,-80.283920,18.70,04/15/2024,01:10:04
528,143,2820,15,0,N,25.714355,-80.283920,18.70,04/15/2024,01:10:04
488,135,2842,15,0,N,25.714357,-80.283920,18.70,04/15/2024,01:10:04
477,171,2828,19,0,N,25.714357,-80.283920,18.60,04/15/2024,01:10:04
459,188,2825,22,0,N,25.714359,-80.283920,18.60,04/15/2024,01:10:05
473,211,2802,24,1,NNE,25.714359,-80.283920,18.50,04/15/2024,01:10:05
542,192,2757,19,0,N,25.714359,-80.283920,18.50,04/15/2024,01:10:05
546,181,2713,18,0,N,25.714363,-80.283920,18.50,04/15/2024,01:10:05
497,160,2720,17,0,N,25.714363,-80.283920,18.50,04/15/2024,01:10:05
508,166,2720,18,0,N,25.714365,-80.283920,18.50,04/15/2024,01:10:05
518,166,2664,17,0,N,25.714365,-80.283920,18.60,04/15/2024,01:10:05
497,154,2664,17,0,N,25.714367,-80.283920,18.60,04/15/2024,01:10:05
485,171,2641,19,0,N,25.714367,-80.283920,18.60,04/15/2024,01:10:05
485,172,2631,19,0,N,25.714369,-80.283920,18.60,04/15/2024,01:10:05
497,171,2582,18,0,N,25.714369,-80.283920,18.50,04/15/2024,01:10:05
460,188,2597,22,0,N,25.714371,-80.283920,18.50,04/15/2024,01:10:06
442,179,2608,22,0,N,25.714371,-80.283920,18.50,04/15/2024,01:10:06
475,163,2567,18,0,N,25.714373,-80.283920,18.50,04/15/2024,01:10:06
509,143,2515,15,0,N,25.714373,-80.283920,18.40,04/15/2024,01:10:06
529,126,2522,13,0,N,25.714376,-80.283920,18.40,04/15/2024,01:10:06
527,117,2522,12,0,N,25.714376,-80.283920,18.40,04/15/2024,01:10:06
546,120,2500,12,0,N,25.714378,-80.283920,18.40,04/15/2024,01:10:06
542,111,2512,11,0,N,25.714378,-80.283920,18.40,04/15/2024,01:10:06
548,99,2497,10,0,N,25.714380,-80.283920,18.40,04/15/2024,01:10:06
572,109,2489,10,0,N,25.714380,-80.283920,18.40,04/15/2024,01:10:06
540,109,2515,11,0,N,25.714384,-80.283928,18.40,04/15/2024,01:10:07
546,129,2549,13,0,N,25.714384,-80.283928,18.40,04/15/2024,01:10:07
550,108,2549,11,0,N,25.714386,-80.283920,18.40,04/15/2024,01:10:07
630,111,2485,9,0,N,25.714386,-80.283920,18.50,04/15/2024,01:10:07
636,82,2497,7,0,N,25.714388,-80.283928,18.50,04/15/2024,01:10:07
611,89,2530,8,0,N,25.714388,-80.283928,18.60,04/15/2024,01:10:07
595,86,2549,8,0,N,25.714390,-80.283920,18.60,04/15/2024,01:10:07
602,82,2552,7,0,N,25.714390,-80.283920,18.70,04/15/2024,01:10:07
607,86,2541,8,0,N,25.714394,-80.283920,18.70,04/15/2024,01:10:07
609,113,2537,10,0,N,25.714394,-80.283920,18.60,04/15/2024,01:10:07
614,104,2541,9,0,N,25.714396,-80.283928,18.60,04/15/2024,01:10:08
611,122,2564,11,0,N,25.714396,-80.283928,18.60,04/15/2024,01:10:08
589,133,2574,12,0,N,25.714397,-80.283920,18.60,04/15/2024,01:10:08
607,159,2556,14,0,N,25.714397,-80.283920,18.60,04/15/2024,01:10:08
619,143,2549,13,0,N,25.714399,-80.283920,18.60,04/15/2024,01:10:08
639,160,2507,14,0,N,25.714399,-80.283920,18.60,04/15/2024,01:10:08
657,150,2497,12,0,N,25.714401,-80.283920,18.60,04/15/2024,01:10:08
632,150,2527,13,0,N,25.714401,-80.283920,18.40,04/15/2024,01:10:08
632,147,2527,13,0,N,25.714403,-80.283920,18.40,04/15/2024,01:10:08
669,143,2500,12,0,N,25.714403,-80.283920,18.40,04/15/2024,01:10:08
654,150,2519,12,0,N,25.714407,-80.283920,18.40,04/15/2024,01:10:09
645,185,2500,16,0,N,25.714409,-80.283928,18.40,04/15/2024,01:10:09
618,216,2567,19,0,N,25.714409,-80.283928,18.40,04/15/2024,01:10:09
636,236,2522,20,0,N,25.714411,-80.283928,18.40,04/15/2024,01:10:09
619,272,2544,23,1,NNE,25.714411,-80.283928,18.30,04/15/2024,01:10:09
621,274,2586,23,1,NNE,25.714413,-80.283928,18.30,04/15/2024,01:10:09
644,269,2564,22,0,N,25.714413,-80.283928,18.30,04/15/2024,01:10:09
654,256,2507,21,0,N,25.714417,-80.283928,18.30,04/15/2024,01:10:09
619,256,2559,22,0,N,25.714417,-80.283928,18.30,04/15/2024,01:10:09
648,239,2582,20,0,N,25.714418,-80.283928,18.30,04/15/2024,01:10:10
619,240,2564,21,0,N,25.714418,-80.283928,18.40,04/15/2024,01:10:10
614,247,2594,21,0,N,25.714420,-80.283928,18.40,04/15/2024,01:10:10
609,251,2586,22,0,N,25.714420,-80.283928,18.40,04/15/2024,01:10:10
566,262,2601,24,1,NNE,25.714422,-80.283928,18.40,04/15/2024,01:10:10
559,266,2601,25,1,NNE,25.714422,-80.283928,18.40,04/15/2024,01:10:10
548,278,2582,26,1,NNE,25.714426,-80.283928,18.40,04/15/2024,01:10:10
546,249,2571,24,1,NNE,25.714426,-80.283928,18.30,04/15/2024,01:10:10
577,251,2534,23,1,NNE,25.714428,-80.283928,18.30,04/15/2024,01:10:10
630,247,2489,21,0,N,25.714428,-80.283928,18.30,04/15/2024,01:10:10
605,251,2492,22,0,N,25.714430,-80.283928,18.30,04/15/2024,01:10:11
600,226,2522,20,0,N,25.714430,-80.283928,18.30,04/15/2024,01:10:11
636,223,2467,19,0,N,25.714432,-80.283928,18.30,04/15/2024,01:10:11
654,214,2474,18,0,N,25.714432,-80.283928,18.50,04/15/2024,01:10:11
634,184,2500,16,0,N,25.714436,-80.283928,18.50,04/15/2024,01:10:11
654,177,2507,15,0,N,25.714436,-80.283928,18.50,04/15/2024,01:10:11
627,188,2522,16,0,N,25.714437,-80.283928,18.50,04/15/2024,01:10:11
627,227,2537,19,0,N,25.714437,-80.283928,18.50,04/15/2024,01:10:11
645,243,2522,20,0,N,25.714439,-80.283928,18.50,04/15/2024,01:10:11
634,247,2549,21,0,N,25.714439,-80.283928,18.50,04/15/2024,01:10:11
650,258,2515,21,0,N,25.714443,-80.283928,18.50,04/15/2024,01:10:12
703,234,2470,18,0,N,25.714443,-80.283928,18.50,04/15/2024,01:10:12
660,221,2522,18,0,N,25.714445,-80.283928,18.50,04/15/2024,01:10:12
669,215,2559,17,0,N,25.714445,-80.283928,18.50,04/15/2024,01:10:12
657,211,2537,17,0,N,25.714447,-80.283928,18.50,04/15/2024,01:10:12
638,217,2564,18,0,N,25.714447,-80.283928,18.60,04/15/2024,01:10:12
634,209,2589,18,0,N,25.714449,-80.283928,18.60,04/15/2024,01:10:12
591,214,2616,19,0,N,25.714449,-80.283928,18.60,04/15/2024,01:10:12
593,251,2619,22,0,N,25.714451,-80.283928,18.60,04/15/2024,01:10:12
605,251,2594,22,0,N,25.714451,-80.283928,18.60,04/15/2024,01:10:12
618,264,2579,23,1,NNE,25.714455,-80.283928,18.60,04/15/2024,01:10:13
614,287,2582,25,1,NNE,25.714455,-80.283928,18.40,04/15/2024,01:10:13
601,307,2582,27,1,NNE,25.714457,-80.283928,18.40,04/15/2024,01:10:13
589,317,2579,28,1,NNE,25.714457,-80.283928,18.50,04/15/2024,01:10:13
583,311,2586,28,1,NNE,25.714458,-80.283928,18.50,04/15/2024,01:10:13
611,298,2571,25,1,NNE,25.714458,-80.283928,18.60,04/15/2024,01:10:13
636,324,2515,26,1,NNE,25.714460,-80.283928,18.60,04/15/2024,01:10:13
645,369,2515,29,1,NNE,25.714460,-80.283928,18.50,04/15/2024,01:10:13
548,388,2586,35,1,NNE,25.714464,-80.283928,18.50,04/15/2024,01:10:13
615,410,2507,33,1,NNE,25.714464,-80.283928,18.50,04/15/2024,01:10:13
621,405,2500,33,1,NNE,25.714466,-80.283928,18.50,04/15/2024,01:10:14
648,390,2507,31,1,NNE,25.714466,-80.283928,18.50,04/15/2024,01:10:14
607,427,2507,35,1,NNE,25.714468,-80.283928,18.50,04/15/2024,01:10:14
619,410,2497,33,1,NNE,25.714468,-80.283928,18.50,04/15/2024,01:10:14
621,416,2497,33,1,NNE,25.714470,-80.283928,18.50,04/15/2024,01:10:14
627,410,2485,33,1,NNE,25.714472,-80.283928,18.50,04/15/2024,01:10:14
619,384,2482,31,1,NNE,25.714472,-80.283928,18.50,04/15/2024,01:10:14
609,361,2470,30,1,NNE,25.714474,-80.283928,18.50,04/15/2024,01:10:14
705,352,2351,26,1,NNE,25.714474,-80.283928,18.40,04/15/2024,01:10:14
688,329,2410,25,1,NNE,25.714478,-80.283928,18.40,04/15/2024,01:10:15
626,276,2482,23,1,NNE,25.714478,-80.283928,18.50,04/15/2024,01:10:15
597,266,2504,24,1,NNE,25.714479,-80.283928,18.50,04/15/2024,01:10:15
591,269,2504,24,1,NNE,25.714479,-80.283928,18.40,04/15/2024,01:10:15
581,264,2500,24,1,NNE,25.714481,-80.283928,18.40,04/15/2024,01:10:15
639,256,2430,21,0,N,25.714481,-80.283928,18.50,04/15/2024,01:10:15
669,234,2395,19,0,N,25.714483,-80.283928,18.50,04/15/2024,01:10:15
648,207,2430,17,0,N,25.714483,-80.283928,18.50,04/15/2024,01:10:15
652,198,2425,16,0,N,25.714485,-80.283928,18.50,04/15/2024,01:10:15
619,185,2470,16,0,N,25.714485,-80.283928,18.60,04/15/2024,01:10:15
597,202,2492,18,0,N,25.714489,-80.283928,18.60,04/15/2024,01:10:16
623,243,2445,21,0,N,25.714489,-80.283928,18.60,04/15/2024,01:10:16
660,274,2425,22,0,N,25.714491,-80.283928,18.60,04/15/2024,01:10:16
669,282,2418,22,0,N,25.714491,-80.283928,18.70,04/15/2024,01:10:16
673,289,2418,23,1,NNE,25.714493,-80.283928,18.70,04/15/2024,01:10:16
680,281,2395,22,0,N,25.714493,-80.283928,18.70,04/15/2024,01:10:16
670,272,2425,22,0,N,25.714495,-80.283928,18.70,04/15/2024,01:10:16
648,302,2445,24,1,NNE,25.714495,-80.283928,18.70,04/15/2024,01:10:16
670,329,2433,26,1,NNE,25.714497,-80.283928,18.70,04/15/2024,01:10:16
618,346,2455,29,1,NNE,25.714497,-80.283928,18.80,04/15/2024,01:10:16
602,348,2489,30,1,NNE,25.714499,-80.283928,18.80,04/15/2024,01:10:17
587,313,2482,28,1,NNE,25.714499,-80.283928,18.80,04/15/2024,01:10:17
621,329,2445,27,1,NNE,25.714500,-80.283928,18.80,04/15/2024,01:10:17
584,350,2433,30,1,NNE,25.714500,-80.283928,18.90,04/15/2024,01:10:17
678,374,2321,28,1,NNE,25.714504,-80.283928,18.90,04/15/2024,01:10:17
662,376,2328,29,1,NNE,25.714504,-80.283928,18.80,04/15/2024,01:10:17
673,376,2313,29,1,NNE,25.714506,-80.283928,18.80,04/15/2024,01:10:17
669,355,2328,27,1,NNE,25.714506,-80.283928,18.80,04/15/2024,01:10:17
673,363,2321,28,1,NNE,25.714508,-80.283928,18.80,04/15/2024,01:10:17
670,359,2318,28,1,NNE,25.714508,-80.283928,18.80,04/15/2024,01:10:17
675,359,2333,28,1,NNE,25.714510,-80.283928,18.80,04/15/2024,01:10:18
669,337,2340,26,1,NNE,25.714510,-80.283928,18.80,04/15/2024,01:10:18
660,324,2400,26,1,NNE,25.714510,-80.283928,18.80,04/15/2024,01:10:18
662,282,2415,23,1,NNE,25.714510,-80.283928,18.80,04/15/2024,01:10:18
657,216,2470,18,0,N,25.714514,-80.283928,18.80,04/15/2024,01:10:18
666,152,2482,12,0,N,25.714514,-80.283928,18.80,04/15/2024,01:10:18
687,122,2497,10,0,N,25.714514,-80.283928,18.80,04/15/2024,01:10:18
644,69,2574,6,0,N,25.714514,-80.283928,18.80,04/15/2024,01:10:18
654,23,2594,2,0,N,25.714514,-80.283928,18.80,04/15/2024,01:10:18
627,-50,2611,-4,15,NNW,25.714514,-80.283928,18.70,04/15/2024,01:10:18
623,-79,2626,-7,15,NNW,25.714516,-80.283928,18.70,04/15/2024,01:10:19
675,-136,2571,-11,15,NNW,25.714516,-80.283928,18.80,04/15/2024,01:10:19
619,-129,2623,-11,15,NNW,25.714516,-80.283928,18.80,04/15/2024,01:10:19
595,-101,2698,-9,15,NNW,25.714516,-80.283928,18.80,04/15/2024,01:10:19
579,-30,2728,-2,15,NNW,25.714516,-80.283928,18.80,04/15/2024,01:10:19
563,27,2735,2,0,N,25.714516,-80.283928,18.80,04/15/2024,01:10:19
557,69,2768,7,0,N,25.714516,-80.283928,18.80,04/15/2024,01:10:19
630,73,2676,6,0,N,25.714516,-80.283928,18.80,04/15/2024,01:10:19
579,80,2738,7,0,N,25.714516,-80.283928,18.80,04/15/2024,01:10:19
561,85,2738,8,0,N,25.714518,-80.283928,18.80,04/15/2024,01:10:20
546,91,2728,9,0,N,25.714518,-80.283928,18.90,04/15/2024,01:10:20
571,78,2701,7,0,N,25.714516,-80.283936,18.90,04/15/2024,01:10:20
566,91,2720,9,0,N,25.714516,-80.283936,18.90,04/15/2024,01:10:20
605,122,2679,11,0,N,25.714516,-80.283936,18.90,04/15/2024,01:10:20
587,137,2683,13,0,N,25.714516,-80.283936,18.90,04/15/2024,01:10:20
626,163,2623,14,0,N,25.714516,-80.283936,18.90,04/15/2024,01:10:20
634,207,2619,18,0,N,25.714516,-80.283936,18.90,04/15/2024,01:10:20
657,217,2589,18,0,N,25.714516,-80.283936,18.90,04/15/2024,01:10:20
657,221,2556,18,0,N,25.714516,-80.283936,18.90,04/15/2024,01:10:20
623,209,2604,18,0,N,25.714514,-80.283936,18.90,04/15/2024,01:10:21
712,194,2477,15,0,N,25.714514,-80.283936,18.90,04/15/2024,01:10:21
696,236,2489,18,0,N,25.714514,-80.283943,18.90,04/15/2024,01:10:21
691,249,2474,19,0,N,25.714514,-80.283943,18.90,04/15/2024,01:10:21
714,258,2437,19,0,N,25.714514,-80.283943,18.90,04/15/2024,01:10:21
717,256,2430,19,0,N,25.714514,-80.283943,18.90,04/15/2024,01:10:21
703,264,2430,20,0,N,25.714514,-80.283943,18.90,04/15/2024,01:10:21
727,243,2403,18,0,N,25.714514,-80.283943,18.80,04/15/2024,01:10:21
712,262,2410,20,0,N,25.714514,-80.283943,18.80,04/15/2024,01:10:21
650,270,2467,22,0,N,25.714514,-80.283943,18.70,04/15/2024,01:10:21
680,264,2437,21,0,N,25.714516,-80.283951,18.70,04/15/2024,01:10:22
684,270,2410,21,0,N,25.714516,-80.283951,18.70,04/15/2024,01:10:22
666,282,2437,22,0,N,25.714516,-80.283951,18.70,04/15/2024,01:10:22
636,287,2467,24,1,NNE,25.714516,-80.283951,18.70,04/15/2024,01:10:22
673,243,2448,19,0,N,25.714516,-80.283951,18.70,04/15/2024,01:10:22
630,269,2504,23,1,NNE,25.714516,-80.283951,18.70,04/15/2024,01:10:22
638,230,2507,19,0,N,25.714516,-80.283951,18.70,04/15/2024,01:10:22
717,223,2437,17,0,N,25.714516,-80.283951,18.70,04/15/2024,01:10:22
700,223,2418,17,0,N,25.714516,-80.283951,18.70,04/15/2024,01:10:22
660,245,2500,20,0,N,25.714516,-80.283951,18.90,04/15/2024,01:10:22
688,230,2437,18,0,N,25.714516,-80.283958,18.90,04/15/2024,01:10:23
657,270,2497,22,0,N,25.714516,-80.283958,18.80,04/15/2024,01:10:23
670,295,2492,23,1,NNE,25.714516,-80.283958,18.80,04/15/2024,01:10:23
641,313,2530,26,1,NNE,25.714516,-80.283958,18.80,04/15/2024,01:10:23
615,289,2552,25,1,NNE,25.714516,-80.283958,18.80,04/15/2024,01:10:23
621,307,2571,26,1,NNE,25.714516,-80.283958,18.80,04/15/2024,01:10:23
682,281,2519,22,0,N,25.714516,-80.283958,18.80,04/15/2024,01:10:23
615,278,2597,24,1,NNE,25.714516,-80.283958,18.80,04/15/2024,01:10:23
650,260,2601,21,0,N,25.714516,-80.283958,18.80,04/15/2024,01:10:23
680,253,2567,20,0,N,25.714516,-80.283958,18.80,04/15/2024,01:10:23
660,266,2589,21,0,N,25.714516,-80.283958,18.70,04/15/2024,01:10:23
666,262,2616,21,0,N,25.714516,-80.283966,18.70,04/15/2024,01:10:24
621,278,2653,24,1,NNE,25.714516,-80.283966,18.70,04/15/2024,01:10:24
566,295,2705,27,1,NNE,25.714516,-80.283966,18.70,04/15/2024,01:10:24
579,304,2705,27,1,NNE,25.714516,-80.283966,18.70,04/15/2024,01:10:24
566,311,2693,28,1,NNE,25.714516,-80.283966,18.70,04/15/2024,01:10:24
548,311,2735,29,1,NNE,25.714516,-80.283966,18.70,04/15/2024,01:10:24
572,308,2720,28,1,NNE,25.714516,-80.283966,18.70,04/15/2024,01:10:24
632,295,2668,25,1,NNE,25.714516,-80.283966,18.70,04/15/2024,01:10:24
591,287,2690,25,1,NNE,25.714516,-80.283974,18.70,04/15/2024,01:10:24
568,278,2698,26,1,NNE,25.714516,-80.283974,18.70,04/15/2024,01:10:24
587,274,2686,25,1,NNE,25.714516,-80.283974,18.70,04/15/2024,01:10:25
548,274,2676,26,1,NNE,25.714516,-80.283974,18.70,04/15/2024,01:10:25
493,281,2713,29,1,NNE,25.714516,-80.283974,18.70,04/15/2024,01:10:25
485,287,2690,30,1,NNE,25.714516,-80.283974,18.70,04/15/2024,01:10:25
429,294,2698,34,1,NNE,25.714516,-80.283974,18.50,04/15/2024,01:10:25
469,291,2649,31,1,NNE,25.714518,-80.283974,18.50,04/15/2024,01:10:25
459,308,2626,33,1,NNE,25.714518,-80.283974,18.50,04/15/2024,01:10:25
447,289,2601,32,1,NNE,25.714518,-80.283974,18.50,04/15/2024,01:10:25
445,278,2567,31,1,NNE,25.714518,-80.283974,18.50,04/15/2024,01:10:25
447,272,2582,31,1,NNE,25.714520,-80.283974,18.50,04/15/2024,01:10:26
463,262,2522,29,1,NNE,25.714520,-80.283974,18.50,04/15/2024,01:10:26
430,253,2530,30,1,NNE,25.714520,-80.283981,18.50,04/15/2024,01:10:26
441,243,2500,28,1,NNE,25.714520,-80.283981,18.50,04/15/2024,01:10:26
456,253,2477,29,1,NNE,25.714520,-80.283981,18.50,04/15/2024,01:10:26
488,245,2430,26,1,NNE,25.714520,-80.283981,18.50,04/15/2024,01:10:26
449,251,2445,29,1,NNE,25.714521,-80.283981,18.50,04/15/2024,01:10:26
433,256,2430,30,1,NNE,25.714521,-80.283981,18.50,04/15/2024,01:10:26
398,240,2425,31,1,NNE,25.714523,-80.283981,18.50,04/15/2024,01:10:26
449,236,2410,27,1,NNE,25.714523,-80.283981,18.50,04/15/2024,01:10:26
424,243,2415,29,1,NNE,25.714525,-80.283981,18.50,04/15/2024,01:10:27
424,274,2378,32,1,NNE,25.714525,-80.283981,18.50,04/15/2024,01:10:27
416,276,2392,33,1,NNE,25.714527,-80.283981,18.50,04/15/2024,01:10:27
429,239,2418,29,1,NNE,25.714527,-80.283981,18.50,04/15/2024,01:10:27
404,216,2433,28,1,NNE,25.714529,-80.283981,18.50,04/15/2024,01:10:27
379,217,2459,29,1,NNE,25.714529,-80.283981,18.50,04/15/2024,01:10:27
434,214,2448,26,1,NNE,25.714531,-80.283981,18.50,04/15/2024,01:10:27
459,194,2445,22,0,N,25.714531,-80.283981,18.50,04/15/2024,01:10:27
447,168,2459,20,0,N,25.714533,-80.283981,18.50,04/15/2024,01:10:27
430,111,2485,14,0,N,25.714533,-80.283981,18.40,04/15/2024,01:10:27
422,89,2507,11,0,N,25.714533,-80.283981,18.40,04/15/2024,01:10:28
404,130,2534,17,0,N,25.714533,-80.283981,18.30,04/15/2024,01:10:28
469,122,2455,14,0,N,25.714537,-80.283981,18.30,04/15/2024,01:10:28
426,106,2500,13,0,N,25.714537,-80.283981,18.20,04/15/2024,01:10:28
394,104,2556,14,0,N,25.714537,-80.283981,18.20,04/15/2024,01:10:28
378,122,2567,17,0,N,25.714539,-80.283981,18.20,04/15/2024,01:10:28
417,154,2541,20,0,N,25.714539,-80.283981,18.00,04/15/2024,01:10:28
408,171,2552,22,0,N,25.714539,-80.283981,18.00,04/15/2024,01:10:28
429,126,2507,16,0,N,25.714540,-80.283981,18.00,04/15/2024,01:10:28
402,72,2530,10,0,N,25.714540,-80.283981,17.90,04/15/2024,01:10:28
415,30,2527,4,0,N,25.714542,-80.283981,17.90,04/15/2024,01:10:29
420,-5,2492,0,0,N,25.714542,-80.283981,17.90,04/15/2024,01:10:29
430,23,2489,3,0,N,25.714544,-80.283981,17.90,04/15/2024,01:10:29
465,38,2433,4,0,N,25.714544,-80.283981,17.80,04/15/2024,01:10:29
438,40,2459,5,0,N,25.714546,-80.283989,17.80,04/15/2024,01:10:29
433,30,2500,3,0,N,25.714546,-80.283989,17.80,04/15/2024,01:10:29
404,31,2522,4,0,N,25.714548,-80.283981,17.80,04/15/2024,01:10:29
430,49,2559,6,0,N,25.714548,-80.283981,17.70,04/15/2024,01:10:29
426,76,2582,10,0,N,25.714550,-80.283981,17.70,04/15/2024,01:10:29
477,59,2559,7,0,N,25.714550,-80.283981,17.60,04/15/2024,01:10:29
522,56,2574,6,0,N,25.714552,-80.283989,17.60,04/15/2024,01:10:30
493,78,2641,8,0,N,25.714552,-80.283989,17.70,04/15/2024,01:10:30
477,73,2690,8,0,N,25.714554,-80.283989,17.70,04/15/2024,01:10:30
493,76,2723,8,0,N,25.714554,-80.283989,17.50,04/15/2024,01:10:30
522,93,2738,10,0,N,25.714554,-80.283989,17.50,04/15/2024,01:10:30
561,85,2720,8,0,N,25.714554,-80.283989,17.50,04/15/2024,01:10:30
509,65,2798,7,0,N,25.714558,-80.283989,17.50,04/15/2024,01:10:30
499,80,2810,9,0,N,25.714560,-80.283989,17.50,04/15/2024,01:10:30
463,93,2850,11,0,N,25.714560,-80.283989,17.80,04/15/2024,01:10:30
433,98,2862,12,0,N,25.714560,-80.283989,17.80,04/15/2024,01:10:31
392,126,2906,17,0,N,25.714560,-80.283989,17.80,04/15/2024,01:10:31
438,93,2887,11,0,N,25.714561,-80.283989,17.80,04/15/2024,01:10:31
489,34,2857,3,0,N,25.714561,-80.283989,17.80,04/15/2024,01:10:31
484,21,2865,2,0,N,25.714563,-80.283989,17.80,04/15/2024,01:10:31
497,14,2854,1,0,N,25.714563,-80.283989,17.80,04/15/2024,01:10:31
489,6,2872,0,0,N,25.714565,-80.283989,17.80,04/15/2024,01:10:31
497,21,2872,2,0,N,25.714565,-80.283989,17.80,04/15/2024,01:10:31
540,14,2832,1,0,N,25.714565,-80.283989,17.80,04/15/2024,01:10:31
538,0,2839,0,0,N,25.714565,-80.283989,17.70,04/15/2024,01:10:31
518,1,2842,0,0,N,25.714567,-80.283989,17.70,04/15/2024,01:10:32
502,18,2865,2,0,N,25.714567,-80.283989,17.80,04/15/2024,01:10:32
481,40,2877,4,0,N,25.714567,-80.283989,17.80,04/15/2024,01:10:32
538,51,2850,5,0,N,25.714567,-80.283989,17.70,04/15/2024,01:10:32
591,31,2798,3,0,N,25.714567,-80.283989,17.70,04/15/2024,01:10:32
654,14,2728,1,0,N,25.714567,-80.283989,17.70,04/15/2024,01:10:32
623,25,2757,2,0,N,25.714567,-80.283989,17.70,04/15/2024,01:10:32
627,0,2760,0,0,N,25.714567,-80.283989,17.70,04/15/2024,01:10:32
627,-30,2760,-2,15,NNW,25.714567,-80.283989,17.70,04/15/2024,01:10:32
650,-48,2753,-4,15,NNW,25.714567,-80.283989,17.80,04/15/2024,01:10:32
684,-35,2735,-2,15,NNW,25.714569,-80.283989,17.80,04/15/2024,01:10:33
714,-3,2731,0,0,N,25.714569,-80.283989,17.70,04/15/2024,01:10:33
650,23,2802,2,0,N,25.714569,-80.283989,17.70,04/15/2024,01:10:33
648,49,2828,4,0,N,25.714569,-80.283989,17.60,04/15/2024,01:10:33
630,61,2850,5,0,N,25.714569,-80.283997,17.60,04/15/2024,01:10:33
636,120,2850,10,0,N,25.714569,-80.283997,17.60,04/15/2024,01:10:33
662,141,2817,12,0,N,25.714569,-80.283997,17.60,04/15/2024,01:10:33
721,163,2750,12,0,N,25.714569,-80.283997,17.60,04/15/2024,01:10:33
696,177,2757,14,0,N,25.714569,-80.283997,17.60,04/15/2024,01:10:33
684,168,2750,13,0,N,25.714569,-80.283997,17.50,04/15/2024,01:10:33
678,172,2753,14,0,N,25.714571,-80.284004,17.50,04/15/2024,01:10:34
682,202,2713,16,0,N,25.714571,-80.284004,17.50,04/15/2024,01:10:34
699,245,2649,19,0,N,25.714571,-80.284004,17.50,04/15/2024,01:10:34
709,253,2604,19,0,N,25.714569,-80.284004,17.50,04/15/2024,01:10:34
673,266,2608,21,0,N,25.714569,-80.284004,17.60,04/15/2024,01:10:34
654,270,2594,22,0,N,25.714571,-80.284004,17.60,04/15/2024,01:10:34
634,266,2571,22,0,N,25.714571,-80.284004,17.50,04/15/2024,01:10:34
639,269,2582,22,0,N,25.714571,-80.284004,17.50,04/15/2024,01:10:34
639,260,2537,22,0,N,25.714571,-80.284004,17.50,04/15/2024,01:10:34
657,227,2497,19,0,N,25.714571,-80.284012,17.50,04/15/2024,01:10:34
650,215,2497,18,0,N,25.714571,-80.284012,17.50,04/15/2024,01:10:34
657,181,2504,15,0,N,25.714569,-80.284012,17.50,04/15/2024,01:10:35
626,139,2507,12,0,N,25.714569,-80.284012,17.40,04/15/2024,01:10:35
623,160,2500,14,0,N,25.714569,-80.284012,17.40,04/15/2024,01:10:35
636,150,2515,13,0,N,25.714569,-80.284012,17.40,04/15/2024,01:10:35
644,137,2500,12,0,N,25.714569,-80.284019,17.40,04/15/2024,01:10:35
623,152,2534,13,0,N,25.714569,-80.284019,17.50,04/15/2024,01:10:35
609,147,2541,13,0,N,25.714569,-80.284019,17.50,04/15/2024,01:10:35
591,141,2571,13,0,N,25.714569,-80.284019,17.50,04/15/2024,01:10:35
566,172,2589,16,0,N,25.714569,-80.284019,17.40,04/15/2024,01:10:35
579,168,2589,16,0,N,25.714569,-80.284019,17.40,04/15/2024,01:10:35
601,154,2567,14,0,N,25.714569,-80.284019,17.40,04/15/2024,01:10:35
602,156,2559,14,0,N,25.714569,-80.284019,17.40,04/15/2024,01:10:36
600,143,2589,13,0,N,25.714569,-80.284027,17.40,04/15/2024,01:10:36
579,129,2586,12,0,N,25.714569,-80.284027,17.20,04/15/2024,01:10:36
589,141,2626,13,0,N,25.714569,-80.284027,17.20,04/15/2024,01:10:36
577,171,2601,16,0,N,25.714569,-80.284027,17.30,04/15/2024,01:10:36
591,179,2601,16,0,N,25.714569,-80.284027,17.30,04/15/2024,01:10:36
583,201,2597,19,0,N,25.714569,-80.284027,17.20,04/15/2024,01:10:36
589,192,2582,18,0,N,25.714567,-80.284027,17.20,04/15/2024,01:10:36
548,192,2616,19,0,N,25.714567,-80.284027,17.00,04/15/2024,01:10:36
534,175,2626,18,0,N,25.714567,-80.284027,17.00,04/15/2024,01:10:37
532,179,2631,18,0,N,25.714567,-80.284027,17.00,04/15/2024,01:10:37
563,168,2611,16,0,N,25.714567,-80.284035,17.00,04/15/2024,01:10:37
561,130,2589,13,0,N,25.714567,-80.284035,16.90,04/15/2024,01:10:37
559,113,2601,11,0,N,25.714567,-80.284035,16.90,04/15/2024,01:10:37
538,72,2604,7,0,N,25.714567,-80.284035,16.70,04/15/2024,01:10:37
536,56,2638,5,0,N,25.714567,-80.284035,16.70,04/15/2024,01:10:37
540,36,2604,3,0,N,25.714567,-80.284035,16.80,04/15/2024,01:10:37
554,30,2594,3,0,N,25.714567,-80.284042,16.80,04/15/2024,01:10:37
615,31,2527,2,0,N,25.714567,-80.284042,16.60,04/15/2024,01:10:37
607,36,2512,3,0,N,25.714567,-80.284042,16.60,04/15/2024,01:10:38
605,65,2504,6,0,N,25.714567,-80.284042,16.70,04/15/2024,01:10:38
623,86,2500,7,0,N,25.714567,-80.284042,16.70,04/15/2024,01:10:38
602,120,2492,11,0,N,25.714567,-80.284042,16.60,04/15/2024,01:10:38
609,152,2467,14,0,N,25.714567,-80.284042,16.60,04/15/2024,01:10:38
634,163,2422,14,0,N,25.714567,-80.284042,16.60,04/15/2024,01:10:38
614,171,2440,15,0,N,25.714565,-80.284050,16.60,04/15/2024,01:10:38
615,146,2415,13,0,N,25.714565,-80.284050,16.60,04/15/2024,01:10:38
611,133,2418,12,0,N,25.714565,-80.284050,16.60,04/15/2024,01:10:38
593,156,2395,14,0,N,25.714565,-80.284050,16.50,04/15/2024,01:10:38
626,181,2381,16,0,N,25.714565,-80.284050,16.50,04/15/2024,01:10:39
652,163,2328,14,0,N,25.714565,-80.284050,16.60,04/15/2024,01:10:39
609,163,2351,14,0,N,25.714565,-80.284058,16.60,04/15/2024,01:10:39
583,143,2373,13,0,N,25.714565,-80.284058,16.60,04/15/2024,01:10:39
589,133,2378,12,0,N,25.714565,-80.284058,16.60,04/15/2024,01:10:39
605,124,2355,11,0,N,25.714565,-80.284058,16.50,04/15/2024,01:10:39
641,91,2291,8,0,N,25.714565,-80.284058,16.50,04/15/2024,01:10:39
626,63,2336,5,0,N,25.714565,-80.284058,16.70,04/15/2024,01:10:39
648,36,2310,3,0,N,25.714565,-80.284065,16.70,04/15/2024,01:10:39
639,-5,2328,0,0,N,25.714565,-80.284065,16.60,04/15/2024,01:10:39
639,-20,2313,-1,15,NNW,25.714563,-80.284065,16.60,04/15/2024,01:10:40
654,-22,2328,-1,15,NNW,25.714563,-80.284065,16.60,04/15/2024,01:10:40
669,-33,2313,-2,15,NNW,25.714563,-80.284065,16.60,04/15/2024,01:10:40
660,-46,2378,-3,15,NNW,25.714563,-80.284065,16.60,04/15/2024,01:10:40
675,-77,2407,-6,15,NNW,25.714563,-80.284065,16.60,04/15/2024,01:10:40
669,-86,2440,-7,15,NNW,25.714563,-80.284073,16.60,04/15/2024,01:10:40
707,-64,2448,-5,15,NNW,25.714563,-80.284073,16.50,04/15/2024,01:10:40
742,-58,2445,-4,15,NNW,25.714563,-80.284073,16.50,04/15/2024,01:10:40
761,-16,2470,-1,15,NNW,25.714563,-80.284073,16.60,04/15/2024,01:10:40
764,-39,2504,-2,15,NNW,25.714563,-80.284073,16.60,04/15/2024,01:10:41
755,-55,2549,-4,15,NNW,25.714563,-80.284073,16.60,04/15/2024,01:10:41
743,-52,2611,-4,15,NNW,25.714563,-80.284073,16.70,04/15/2024,01:10:41
737,-16,2646,-1,15,NNW,25.714563,-80.284073,16.70,04/15/2024,01:10:41
790,8,2641,0,0,N,25.714563,-80.284081,16.70,04/15/2024,01:10:41
743,12,2716,0,0,N,25.714563,-80.284081,16.70,04/15/2024,01:10:41
693,10,2783,0,0,N,25.714563,-80.284081,16.70,04/15/2024,01:10:41
670,51,2842,4,0,N,25.714563,-80.284081,16.70,04/15/2024,01:10:41
669,72,2862,6,0,N,25.714563,-80.284081,16.60,04/15/2024,01:10:41
675,63,2857,5,0,N,25.714563,-80.284088,16.60,04/15/2024,01:10:42
707,31,2832,2,0,N,25.714563,-80.284088,16.60,04/15/2024,01:10:42
703,36,2839,2,0,N,25.714563,-80.284088,16.60,04/15/2024,01:10:42
688,21,2862,1,0,N,25.714563,-80.284088,16.60,04/15/2024,01:10:42
694,10,2895,0,0,N,25.714563,-80.284088,16.60,04/15/2024,01:10:42
684,27,2921,2,0,N,25.714563,-80.284088,16.70,04/15/2024,01:10:42
700,34,2899,2,0,N,25.714563,-80.284088,16.70,04/15/2024,01:10:42
761,40,2842,3,0,N,25.714563,-80.284088,16.60,04/15/2024,01:10:42
687,53,2917,4,0,N,25.714563,-80.284096,16.60,04/15/2024,01:10:42
688,72,2932,5,0,N,25.714563,-80.284096,16.60,04/15/2024,01:10:42
673,80,2947,6,0,N,25.714563,-80.284096,16.60,04/15/2024,01:10:43
675,91,2962,7,0,N,25.714563,-80.284096,16.70,04/15/2024,01:10:43
700,95,2909,7,0,N,25.714563,-80.284096,16.70,04/15/2024,01:10:43
761,93,2857,6,0,N,25.714563,-80.284096,16.70,04/15/2024,01:10:43
721,98,2880,7,0,N,25.714561,-80.284103,16.70,04/15/2024,01:10:43
696,72,2924,5,0,N,25.714561,-80.284103,16.60,04/15/2024,01:10:43
678,61,2936,5,0,N,25.714561,-80.284103,16.60,04/15/2024,01:10:43
682,69,2944,5,0,N,25.714561,-80.284103,16.70,04/15/2024,01:10:43
700,82,2936,6,0,N,25.714561,-80.284103,16.70,04/15/2024,01:10:43
723,106,2865,8,0,N,25.714561,-80.284103,16.60,04/15/2024,01:10:43
657,108,2939,9,0,N,25.714561,-80.284103,16.60,04/15/2024,01:10:44
626,122,2959,11,0,N,25.714561,-80.284103,16.60,04/15/2024,01:10:44
618,116,2977,10,0,N,25.714561,-80.284111,16.60,04/15/2024,01:10:44
638,130,2951,11,0,N,25.714561,-80.284111,16.60,04/15/2024,01:10:44
700,106,2877,8,0,N,25.714561,-80.284111,16.60,04/15/2024,01:10:44
680,135,2906,11,0,N,25.714561,-80.284111,16.60,04/15/2024,01:10:44
662,117,2909,10,0,N,25.714561,-80.284111,16.60,04/15/2024,01:10:44
670,104,2906,8,0,N,25.714561,-80.284119,16.60,04/15/2024,01:10:44
682,91,2906,7,0,N,25.714561,-80.284119,16.70,04/15/2024,01:10:44
712,139,2865,11,0,N,25.714561,-80.284119,16.70,04/15/2024,01:10:44
737,141,2835,10,0,N,25.714561,-80.284119,16.70,04/15/2024,01:10:44
669,152,2887,12,0,N,25.714561,-80.284119,16.70,04/15/2024,01:10:45
645,147,2887,12,0,N,25.714561,-80.284119,16.70,04/15/2024,01:10:45
654,164,2909,14,0,N,25.714561,-80.284119,16.70,04/15/2024,01:10:45
666,172,2839,14,0,N,25.714561,-80.284119,16.60,04/15/2024,01:10:45
709,163,2832,12,0,N,25.714561,-80.284119,16.60,04/15/2024,01:10:45
742,175,2783,13,0,N,25.714561,-80.284119,16.60,04/15/2024,01:10:45
707,185,2810,14,0,N,25.714561,-80.284126,16.60,04/15/2024,01:10:45
709,124,2805,9,0,N,25.714561,-80.284126,16.60,04/15/2024,01:10:45
700,93,2817,7,0,N,25.714561,-80.284126,16.60,04/15/2024,01:10:45
694,120,2832,9,0,N,25.714561,-80.284126,16.60,04/15/2024,01:10:45
721,141,2798,11,0,N,25.714561,-80.284126,16.60,04/15/2024,01:10:46
703,137,2798,11,0,N,25.714561,-80.284126,16.60,04/15/2024,01:10:46
669,163,2839,13,0,N,25.714561,-80.284134,16.60,04/15/2024,01:10:46
639,175,2847,15,0,N,25.714561,-80.284134,16.70,04/15/2024,01:10:46
630,160,2835,14,0,N,25.714561,-80.284134,16.70,04/15/2024,01:10:46
632,194,2842,17,0,N,25.714561,-80.284134,16.70,04/15/2024,01:10:46
673,194,2787,16,0,N,25.714561,-80.284142,16.70,04/15/2024,01:10:46
717,160,2713,12,0,N,25.714561,-80.284142,16.70,04/15/2024,01:10:46
673,163,2735,13,0,N,25.714561,-80.284142,16.70,04/15/2024,01:10:46
673,141,2735,11,0,N,25.714561,-80.284142,16.70,04/15/2024,01:10:47
662,129,2701,11,0,N,25.714561,-80.284142,16.70,04/15/2024,01:10:47
673,152,2701,12,0,N,25.714561,-80.284142,16.70,04/15/2024,01:10:47
688,171,2664,13,0,N,25.714561,-80.284142,16.70,04/15/2024,01:10:47
691,171,2679,13,0,N,25.714561,-80.284142,16.70,04/15/2024,01:10:47
652,172,2720,14,0,N,25.714561,-80.284142,16.80,04/15/2024,01:10:47
639,166,2738,14,0,N,25.714560,-80.284149,16.80,04/15/2024,01:10:47
621,150,2738,13,0,N,25.714560,-80.284149,16.90,04/15/2024,01:10:47
623,146,2731,13,0,N,25.714560,-80.284149,16.90,04/15/2024,01:10:47
662,146,2690,12,0,N,25.714560,-80.284149,16.90,04/15/2024,01:10:47
669,143,2705,12,0,N,25.714560,-80.284149,16.90,04/15/2024,01:10:48
652,137,2708,11,0,N,25.714560,-80.284149,16.80,04/15/2024,01:10:48
621,126,2720,11,0,N,25.714560,-80.284157,16.80,04/15/2024,01:10:48
602,120,2746,11,0,N,25.714560,-80.284157,16.80,04/15/2024,01:10:48
626,163,2735,14,0,N,25.714560,-80.284157,16.80,04/15/2024,01:10:48
639,184,2693,16,0,N,25.714560,-80.284157,16.90,04/15/2024,01:10:48
657,181,2690,15,0,N,25.714560,-80.284157,16.90,04/15/2024,01:10:48
648,198,2713,16,0,N,25.714560,-80.284157,16.90,04/15/2024,01:10:48
626,214,2708,18,0,N,25.714560,-80.284157,16.90,04/15/2024,01:10:48
611,239,2731,21,0,N,25.714560,-80.284157,16.80,04/15/2024,01:10:48
611,223,2720,20,0,N,25.714558,-80.284164,16.80,04/15/2024,01:10:49
657,192,2664,16,0,N,25.714558,-80.284164,16.80,04/15/2024,01:10:49
680,190,2653,15,0,N,25.714558,-80.284164,16.80,04/15/2024,01:10:49
699,181,2604,14,0,N,25.714558,-80.284164,16.70,04/15/2024,01:10:49
693,171,2646,13,0,N,25.714558,-80.284164,16.70,04/15/2024,01:10:49
694,175,2608,14,0,N,25.714558,-80.284164,16.70,04/15/2024,01:10:49
688,184,2594,14,0,N,25.714558,-80.284172,16.70,04/15/2024,01:10:49
718,168,2594,13,0,N,25.714558,-80.284172,16.80,04/15/2024,01:10:49
755,154,2552,11,0,N,25.714558,-80.284172,16.80,04/15/2024,01:10:49
723,152,2638,11,0,N,25.714558,-80.284172,16.70,04/15/2024,01:10:49
700,152,2649,12,0,N,25.714558,-80.284172,16.70,04/15/2024,01:10:50
675,156,2676,13,0,N,25.714558,-80.284172,16.60,04/15/2024,01:10:50
687,135,2690,11,0,N,25.714558,-80.284172,16.60,04/15/2024,01:10:50
748,130,2638,9,0,N,25.714558,-80.284172,16.50,04/15/2024,01:10:50
760,122,2623,9,0,N,25.714558,-80.284180,16.50,04/15/2024,01:10:50
727,122,2708,9,0,N,25.714558,-80.284180,16.40,04/15/2024,01:10:50
699,104,2750,8,0,N,25.714558,-80.284180,16.40,04/15/2024,01:10:50
712,102,2760,8,0,N,25.714558,-80.284180,16.40,04/15/2024,01:10:50
707,129,2775,10,0,N,25.714558,-80.284180,16.40,04/15/2024,01:10:50
749,106,2743,8,0,N,25.714558,-80.284180,16.40,04/15/2024,01:10:50
712,106,2787,8,0,N,25.714558,-80.284180,16.50,04/15/2024,01:10:50
699,122,2802,9,0,N,25.714558,-80.284187,16.50,04/15/2024,01:10:51
666,147,2832,12,0,N,25.714558,-80.284187,16.40,04/15/2024,01:10:51
648,143,2865,12,0,N,25.714558,-80.284187,16.40,04/15/2024,01:10:51
682,150,2805,12,0,N,25.714558,-80.284187,16.30,04/15/2024,01:10:51
731,146,2772,11,0,N,25.714558,-80.284187,16.30,04/15/2024,01:10:51
691,160,2775,13,0,N,25.714558,-80.284187,16.20,04/15/2024,01:10:51
709,135,2765,10,0,N,25.714558,-80.284195,16.20,04/15/2024,01:10:51
699,93,2765,7,0,N,25.714558,-80.284195,16.20,04/15/2024,01:10:51
682,78,2775,6,0,N,25.714558,-80.284195,16.20,04/15/2024,01:10:51
660,80,2805,6,0,N,25.714558,-80.284195,16.20,04/15/2024,01:10:51
680,85,2790,7,0,N,25.714558,-80.284195,16.20,04/15/2024,01:10:52
670,109,2825,9,0,N,25.714558,-80.284195,16.20,04/15/2024,01:10:52
648,147,2828,12,0,N,25.714558,-80.284195,16.20,04/15/2024,01:10:52
618,179,2877,16,0,N,25.714558,-80.284195,16.20,04/15/2024,01:10:52
623,202,2877,17,0,N,25.714558,-80.284203,16.20,04/15/2024,01:10:52
657,185,2862,15,0,N,25.714558,-80.284203,16.20,04/15/2024,01:10:52
721,159,2802,12,0,N,25.714558,-80.284203,16.30,04/15/2024,01:10:52
693,160,2850,13,0,N,25.714558,-80.284203,16.30,04/15/2024,01:10:52
678,124,2857,10,0,N,25.714558,-80.284203,16.30,04/15/2024,01:10:52
654,89,2877,7,0,N,25.714558,-80.284210,16.30,04/15/2024,01:10:53
641,59,2869,5,0,N,25.714558,-80.284210,16.40,04/15/2024,01:10:53
688,40,2847,3,0,N,25.714556,-80.284210,16.40,04/15/2024,01:10:53
666,44,2892,3,0,N,25.714556,-80.284210,16.50,04/15/2024,01:10:53
638,59,2924,5,0,N,25.714556,-80.284210,16.50,04/15/2024,01:10:53
611,109,2974,10,0,N,25.714556,-80.284210,16.40,04/15/2024,01:10:53
614,133,2966,12,0,N,25.714556,-80.284218,16.40,04/15/2024,01:10:53
638,129,2939,11,0,N,25.714556,-80.284218,16.50,04/15/2024,01:10:53
703,129,2899,10,0,N,25.714556,-80.284218,16.50,04/15/2024,01:10:53
733,179,2862,13,0,N,25.714556,-80.284218,16.50,04/15/2024,01:10:53
691,215,2914,17,0,N,25.714556,-80.284218,16.50,04/15/2024,01:10:54
638,181,2932,15,0,N,25.714556,-80.284218,16.50,04/15/2024,01:10:54
639,160,2924,14,0,N,25.714556,-80.284225,16.50,04/15/2024,01:10:54
641,175,2929,15,0,N,25.714556,-80.284225,16.60,04/15/2024,01:10:54
639,188,2932,16,0,N,25.714558,-80.284225,16.60,04/15/2024,01:10:54
645,219,2892,18,0,N,25.714558,-80.284225,16.60,04/15/2024,01:10:54
591,247,2921,22,0,N,25.714558,-80.284225,16.60,04/15/2024,01:10:54
502,285,2909,29,1,NNE,25.714558,-80.284225,16.60,04/15/2024,01:10:54
493,285,2906,30,1,NNE,25.714558,-80.284225,16.60,04/15/2024,01:10:54
499,289,2862,30,1,NNE,25.714558,-80.284225,16.60,04/15/2024,01:10:54
554,249,2787,24,1,NNE,25.714558,-80.284233,16.60,04/15/2024,01:10:55
550,227,2753,22,0,N,25.714558,-80.284233,16.70,04/15/2024,01:10:55
516,245,2775,25,1,NNE,25.714558,-80.284233,16.70,04/15/2024,01:10:55
452,239,2802,27,1,NNE,25.714558,-80.284233,16.70,04/15/2024,01:10:55
433,234,2783,28,1,NNE,25.714556,-80.284233,16.70,04/15/2024,01:10:55
447,264,2731,30,1,NNE,25.714556,-80.284233,16.70,04/15/2024,01:10:55
442,256,2723,30,1,NNE,25.714556,-80.284241,16.70,04/15/2024,01:10:55
417,256,2738,31,1,NNE,25.714556,-80.284241,16.70,04/15/2024,01:10:55
406,262,2743,32,1,NNE,25.714556,-80.284241,16.70,04/15/2024,01:10:55
361,269,2753,36,1,NNE,25.714556,-80.284241,16.70,04/15/2024,01:10:55
337,278,2768,39,1,NNE,25.714556,-80.284241,16.70,04/15/2024,01:10:55
383,282,2728,36,1,NNE,25.714556,-80.284241,16.70,04/15/2024,01:10:56
447,243,2708,28,1,NNE,25.714556,-80.284241,16.60,04/15/2024,01:10:56
449,232,2676,27,1,NNE,25.714556,-80.284248,16.60,04/15/2024,01:10:56
399,211,2731,27,1,NNE,25.714556,-80.284248,16.60,04/15/2024,01:10:56
363,201,2746,28,1,NNE,25.714556,-80.284248,16.60,04/15/2024,01:10:56
392,164,2723,22,0,N,25.714556,-80.284248,16.60,04/15/2024,01:10:56
406,185,2723,24,1,NNE,25.714556,-80.284248,16.60,04/15/2024,01:10:56
417,215,2713,27,1,NNE,25.714556,-80.284248,16.60,04/15/2024,01:10:56
357,214,2753,30,1,NNE,25.714556,-80.284256,16.60,04/15/2024,01:10:56
349,211,2768,31,1,NNE,25.714556,-80.284256,16.60,04/15/2024,01:10:56
343,202,2775,30,1,NNE,25.714556,-80.284256,16.60,04/15/2024,01:10:57
343,168,2795,26,1,NNE,25.714556,-80.284256,16.50,04/15/2024,01:10:57
442,154,2731,19,0,N,25.714556,-80.284256,16.50,04/15/2024,01:10:57
422,166,2728,21,0,N,25.714556,-80.284256,16.50,04/15/2024,01:10:57
408,143,2760,19,0,N,25.714556,-80.284256,16.50,04/15/2024,01:10:57
379,113,2746,16,0,N,25.714556,-80.284264,16.50,04/15/2024,01:10:57
402,76,2720,10,0,N,25.714554,-80.284264,16.50,04/15/2024,01:10:57
424,120,2701,15,0,N,25.714554,-80.284264,16.60,04/15/2024,01:10:57
477,163,2668,18,0,N,25.714554,-80.284264,16.60,04/15/2024,01:10:57
452,164,2713,19,0,N,25.714554,-80.284264,16.60,04/15/2024,01:10:57
449,177,2701,21,0,N,25.714556,-80.284271,16.60,04/15/2024,01:10:58
417,175,2757,22,0,N,25.714556,-80.284271,16.60,04/15/2024,01:10:58
416,147,2790,19,0,N,25.714556,-80.284271,16.60,04/15/2024,01:10:58
442,139,2780,17,0,N,25.714556,-80.284271,16.60,04/15/2024,01:10:58
488,130,2753,14,0,N,25.714556,-80.284271,16.60,04/15/2024,01:10:58
485,137,2775,15,0,N,25.714556,-80.284271,16.60,04/15/2024,01:10:58
485,85,2787,9,0,N,25.714556,-80.284279,16.60,04/15/2024,01:10:58
491,38,2798,4,0,N,25.714556,-80.284279,16.60,04/15/2024,01:10:58
514,51,2790,5,0,N,25.714556,-80.284279,16.60,04/15/2024,01:10:59
563,89,2780,8,0,N,25.714556,-80.284279,16.60,04/15/2024,01:10:59
552,86,2772,8,0,N,25.714556,-80.284279,16.60,04/15/2024,01:10:59
542,116,2760,12,0,N,25.714556,-80.284279,16.50,04/15/2024,01:10:59
538,113,2810,11,0,N,25.714556,-80.284286,16.50,04/15/2024,01:10:59
548,120,2802,12,0,N,25.714556,-80.284286,16.60,04/15/2024,01:10:59
561,126,2750,12,0,N,25.714556,-80.284286,16.60,04/15/2024,01:10:59
589,116,2728,11,0,N,25.714556,-80.284286,16.70,04/15/2024,01:10:59
618,95,2716,8,0,N,25.714556,-80.284286,16.70,04/15/2024,01:10:59
623,65,2705,5,0,N,25.714556,-80.284286,16.70,04/15/2024,01:10:59
601,51,2723,4,0,N,25.714556,-80.284294,16.70,04/15/2024,01:11:00
611,36,2731,3,0,N,25.714556,-80.284294,16.70,04/15/2024,01:11:00
619,30,2693,2,0,N,25.714556,-80.284294,16.70,04/15/2024,01:11:00
660,36,2646,3,0,N,25.714556,-80.284294,16.70,04/15/2024,01:11:00
601,47,2720,4,0,N,25.714556,-80.284294,16.70,04/15/2024,01:11:00
557,65,2760,6,0,N,25.714556,-80.284294,16.60,04/15/2024,01:11:00
552,63,2780,6,0,N,25.714556,-80.284302,16.60,04/15/2024,01:11:00
532,85,2802,9,0,N,25.714556,-80.284302,16.60,04/15/2024,01:11:00
572,93,2765,9,0,N,25.714556,-80.284302,16.60,04/15/2024,01:11:00
627,76,2698,6,0,N,25.714556,-80.284302,16.50,04/15/2024,01:11:00
607,89,2720,8,0,N,25.714556,-80.284302,16.50,04/15/2024,01:11:01
583,76,2760,7,0,N,25.714556,-80.284302,16.50,04/15/2024,01:11:01
564,56,2743,5,0,N,25.714554,-80.284309,16.50,04/15/2024,01:11:01
548,69,2795,7,0,N,25.714554,-80.284309,16.60,04/15/2024,01:11:01
579,102,2753,9,0,N,25.714554,-80.284309,16.60,04/15/2024,01:11:01
605,113,2728,10,0,N,25.714554,-80.284309,16.60,04/15/2024,01:11:01
568,120,2783,11,0,N,25.714554,-80.284309,16.60,04/15/2024,01:11:01
538,117,2810,12,0,N,25.714554,-80.284309,16.60,04/15/2024,01:11:01
548,116,2810,11,0,N,25.714554,-80.284309,16.60,04/15/2024,01:11:01
548,116,2805,11,0,N,25.714554,-80.284309,16.60,04/15/2024,01:11:01
572,102,2810,10,0,N,25.714554,-80.284309,16.60,04/15/2024,01:11:01
654,99,2716,8,0,N,25.714554,-80.284309,16.60,04/15/2024,01:11:01
609,111,2757,10,0,N,25.714554,-80.284317,16.60,04/15/2024,01:11:02
595,85,2775,8,0,N,25.714554,-80.284317,16.60,04/15/2024,01:11:02
583,73,2783,7,0,N,25.714554,-80.284317,16.60,04/15/2024,01:11:02
597,69,2810,6,0,N,25.714554,-80.284317,16.60,04/15/2024,01:11:02
621,65,2790,5,0,N,25.714554,-80.284325,16.60,04/15/2024,01:11:02
641,67,2760,5,0,N,25.714554,-80.284325,16.50,04/15/2024,01:11:02
602,65,2775,6,0,N,25.714554,-80.284325,16.50,04/15/2024,01:11:02
593,93,2795,8,0,N,25.714554,-80.284325,16.50,04/15/2024,01:11:02
579,135,2817,13,0,N,25.714554,-80.284325,16.50,04/15/2024,01:11:02
609,111,2783,10,0,N,25.714554,-80.284325,16.50,04/15/2024,01:11:03
632,91,2750,8,0,N,25.714554,-80.284332,16.50,04/15/2024,01:11:03
638,106,2775,9,0,N,25.714554,-80.284332,16.50,04/15/2024,01:11:03
593,80,2795,7,0,N,25.714554,-80.284332,16.60,04/15/2024,01:11:03
591,63,2802,6,0,N,25.714554,-80.284332,16.60,04/15/2024,01:11:03
589,80,2760,7,0,N,25.714554,-80.284332,16.60,04/15/2024,01:11:03
609,80,2760,7,0,N,25.714554,-80.284332,16.60,04/15/2024,01:11:03
619,63,2728,5,0,N,25.714552,-80.284340,16.60,04/15/2024,01:11:03
595,80,2746,7,0,N,25.714552,-80.284340,16.30,04/15/2024,01:11:03
550,86,2775,8,0,N,25.714552,-80.284340,16.30,04/15/2024,01:11:03
563,108,2783,10,0,N,25.714552,-80.284340,16.30,04/15/2024,01:11:03
552,126,2753,12,0,N,25.714552,-80.284340,16.30,04/15/2024,01:11:04
627,85,2708,7,0,N,25.714552,-80.284340,16.40,04/15/2024,01:11:04
675,78,2641,6,0,N,25.714552,-80.284348,16.40,04/15/2024,01:11:04
639,93,2683,8,0,N,25.714552,-80.284348,16.40,04/15/2024,01:11:04
621,47,2698,4,0,N,25.714552,-80.284348,16.30,04/15/2024,01:11:04
644,21,2679,1,0,N,25.714552,-80.284348,16.30,04/15/2024,01:11:04
666,25,2653,2,0,N,25.714552,-80.284348,16.30,04/15/2024,01:11:04
673,21,2638,1,0,N,25.714552,-80.284355,16.30,04/15/2024,01:11:05
669,25,2661,2,0,N,25.714552,-80.284355,16.30,04/15/2024,01:11:05
657,59,2671,5,0,N,25.714552,-80.284355,16.30,04/15/2024,01:11:05
630,47,2731,4,0,N,25.714552,-80.284355,16.30,04/15/2024,01:11:05
638,63,2731,5,0,N,25.714552,-80.284355,16.30,04/15/2024,01:11:05
684,43,2705,3,0,N,25.714552,-80.284355,16.20,04/15/2024,01:11:05
703,18,2649,1,0,N,25.714552,-80.284363,16.20,04/15/2024,01:11:05
687,-9,2664,0,0,N,25.714552,-80.284363,16.30,04/15/2024,01:11:05
670,-42,2671,-3,15,NNW,25.714552,-80.284363,16.30,04/15/2024,01:11:05
638,-58,2713,-5,15,NNW,25.714552,-80.284363,16.30,04/15/2024,01:11:05
638,-46,2713,-4,15,NNW,25.714552,-80.284363,16.30,04/15/2024,01:11:06
680,-30,2686,-2,15,NNW,25.714552,-80.284363,16.30,04/15/2024,01:11:06
678,-20,2690,-1,15,NNW,25.714550,-80.284370,16.30,04/15/2024,01:11:06
630,27,2753,2,0,N,25.714550,-80.284370,16.40,04/15/2024,01:11:06
589,51,2795,4,0,N,25.714552,-80.284370,16.40,04/15/2024,01:11:06
563,76,2835,7,0,N,25.714552,-80.284370,16.30,04/15/2024,01:11:06
584,80,2772,7,0,N,25.714550,-80.284370,16.30,04/15/2024,01:11:06
652,67,2705,5,0,N,25.714550,-80.284370,16.30,04/15/2024,01:11:06
623,122,2728,11,0,N,25.714552,-80.284378,16.30,04/15/2024,01:11:06
550,106,2780,10,0,N,25.714552,-80.284378,16.30,04/15/2024,01:11:07
524,55,2775,5,0,N,25.714552,-80.284378,16.30,04/15/2024,01:11:07
546,67,2757,6,0,N,25.714552,-80.284378,16.30,04/15/2024,01:11:07
568,65,2731,6,0,N,25.714552,-80.284378,16.30,04/15/2024,01:11:07
572,106,2705,10,0,N,25.714550,-80.284378,16.30,04/15/2024,01:11:07
557,154,2679,15,0,N,25.714550,-80.284378,16.20,04/15/2024,01:11:07
509,198,2723,21,0,N,25.714550,-80.284386,16.20,04/15/2024,01:11:07
488,192,2708,21,0,N,25.714550,-80.284386,16.20,04/15/2024,01:11:07
479,172,2720,19,0,N,25.714550,-80.284386,16.20,04/15/2024,01:11:07
559,106,2634,10,0,N,25.714550,-80.284386,16.40,04/15/2024,01:11:07
518,82,2661,8,0,N,25.714550,-80.284386,16.40,04/15/2024,01:11:07
451,61,2713,7,0,N,25.714550,-80.284386,16.40,04/15/2024,01:11:07
438,43,2713,5,0,N,25.714550,-80.284393,16.40,04/15/2024,01:11:08
452,17,2698,2,0,N,25.714550,-80.284393,16.50,04/15/2024,01:11:08
463,30,2690,3,0,N,25.714550,-80.284393,16.50,04/15/2024,01:11:08
451,0,2698,0,0,N,25.714550,-80.284393,16.50,04/15/2024,01:11:08
430,8,2705,1,0,N,25.714550,-80.284393,16.60,04/15/2024,01:11:08
417,31,2735,4,0,N,25.714550,-80.284401,16.60,04/15/2024,01:11:08
399,43,2775,6,0,N,25.714550,-80.284401,16.60,04/15/2024,01:11:08
386,0,2813,0,0,N,25.714550,-80.284401,16.70,04/15/2024,01:11:08
411,-18,2790,-2,15,NNW,25.714550,-80.284401,16.70,04/15/2024,01:11:09
451,-18,2787,-2,15,NNW,25.714550,-80.284401,16.60,04/15/2024,01:11:09
396,-7,2828,-1,15,NNW,25.714550,-80.284401,16.60,04/15/2024,01:11:09
361,-22,2880,-3,15,NNW,25.714550,-80.284401,16.60,04/15/2024,01:11:09
368,-35,2872,-5,15,NNW,25.714550,-80.284409,16.60,04/15/2024,01:11:09
412,-46,2850,-6,15,NNW,25.714550,-80.284409,16.70,04/15/2024,01:11:09
438,-22,2857,-2,15,NNW,25.714550,-80.284409,16.70,04/15/2024,01:11:09
420,-16,2880,-2,15,NNW,25.714548,-80.284409,16.70,04/15/2024,01:11:09
351,-3,2906,0,0,N,25.714548,-80.284409,16.70,04/15/2024,01:11:09
353,12,2932,1,0,N,25.714548,-80.284416,16.70,04/15/2024,01:11:10
477,-16,2895,-1,15,NNW,25.714548,-80.284416,16.80,04/15/2024,01:11:10
503,-50,2884,-5,15,NNW,25.714548,-80.284416,16.80,04/15/2024,01:11:10
402,-5,2991,0,0,N,25.714548,-80.284416,16.80,04/15/2024,01:11:10
387,-37,2999,-5,15,NNW,25.714548,-80.284416,16.80,04/15/2024,01:11:10
402,-106,2999,-14,15,NNW,25.714548,-80.284424,16.80,04/15/2024,01:11:10
447,-79,3006,-10,15,NNW,25.714548,-80.284424,16.80,04/15/2024,01:11:10
514,-39,3011,-4,15,NNW,25.714548,-80.284424,16.80,04/15/2024,01:11:10
497,4,3041,0,0,N,25.714548,-80.284424,16.90,04/15/2024,01:11:10
481,17,3048,2,0,N,25.714548,-80.284424,16.90,04/15/2024,01:11:11
481,38,3073,4,0,N,25.714548,-80.284424,16.90,04/15/2024,01:11:11
518,34,3033,3,0,N,25.714548,-80.284424,16.90,04/15/2024,01:11:11
584,0,2974,0,0,N,25.714548,-80.284424,17.00,04/15/2024,01:11:11
566,25,2999,2,0,N,25.714548,-80.284431,17.00,04/15/2024,01:11:11
552,8,2988,0,0,N,25.714548,-80.284431,17.00,04/15/2024,01:11:11
546,-3,2981,0,0,N,25.714548,-80.284431,17.00,04/15/2024,01:11:11
563,-26,2962,-2,15,NNW,25.714548,-80.284431,17.10,04/15/2024,01:11:11
563,-16,2959,-1,15,NNW,25.714548,-80.284431,17.10,04/15/2024,01:11:11
607,30,2909,2,0,N,25.714548,-80.284431,17.20,04/15/2024,01:11:11
545,69,2974,7,0,N,25.714548,-80.284439,17.20,04/15/2024,01:11:12
557,95,2959,9,0,N,25.714548,-80.284439,17.30,04/15/2024,01:11:12
534,109,2969,11,0,N,25.714548,-80.284439,17.30,04/15/2024,01:11:12
529,86,2936,9,0,N,25.714548,-80.284439,17.00,04/15/2024,01:11:12
571,44,2921,4,0,N,25.714548,-80.284439,17.00,04/15/2024,01:11:12
593,65,2884,6,0,N,25.714548,-80.284439,17.20,04/15/2024,01:11:12
557,72,2899,7,0,N,25.714548,-80.284439,17.20,04/15/2024,01:11:12
557,53,2899,5,0,N,25.714548,-80.284439,17.20,04/15/2024,01:11:12
536,25,2895,2,0,N,25.714548,-80.284447,17.20,04/15/2024,01:11:12
534,56,2929,5,0,N,25.714548,-80.284447,17.20,04/15/2024,01:11:12
550,72,2869,7,0,N,25.714548,-80.284447,17.20,04/15/2024,01:11:12
589,63,2832,6,0,N,25.714548,-80.284447,17.10,04/15/2024,01:11:12
532,72,2872,7,0,N,25.714548,-80.284454,17.10,04/15/2024,01:11:13
520,56,2877,6,0,N,25.714548,-80.284454,17.20,04/15/2024,01:11:13
491,67,2869,7,0,N,25.714548,-80.284454,17.20,04/15/2024,01:11:13
477,91,2865,10,0,N,25.714548,-80.284454,17.20,04/15/2024,01:11:13
527,67,2839,7,0,N,25.714548,-80.284454,17.20,04/15/2024,01:11:13
563,61,2783,6,0,N,25.714548,-80.284454,17.20,04/15/2024,01:11:13
545,86,2783,8,0,N,25.714548,-80.284462,17.20,04/15/2024,01:11:13
485,89,2820,10,0,N,25.714548,-80.284462,17.20,04/15/2024,01:11:13
477,78,2832,9,0,N,25.714548,-80.284462,17.20,04/15/2024,01:11:13
473,76,2810,9,0,N,25.714548,-80.284462,17.20,04/15/2024,01:11:13
491,91,2780,10,0,N,25.714548,-80.284462,17.20,04/15/2024,01:11:14
516,56,2772,6,0,N,25.714548,-80.284462,17.20,04/15/2024,01:11:14
489,44,2768,5,0,N,25.714546,-80.284470,17.20,04/15/2024,01:11:14
447,67,2787,8,0,N,25.714546,-80.284470,17.20,04/15/2024,01:11:14
434,91,2805,11,0,N,25.714546,-80.284470,17.20,04/15/2024,01:11:14
424,73,2802,9,0,N,25.714546,-80.284470,17.30,04/15/2024,01:11:14
489,76,2750,8,0,N,25.714546,-80.284470,17.30,04/15/2024,01:11:14
479,73,2765,8,0,N,25.714546,-80.284470,17.30,04/15/2024,01:11:14
479,51,2743,6,0,N,25.714546,-80.284477,17.30,04/15/2024,01:11:15
417,21,2760,2,0,N,25.714546,-80.284477,17.30,04/15/2024,01:11:15
416,38,2760,5,0,N,25.714546,-80.284477,17.30,04/15/2024,01:11:15
420,63,2731,8,0,N,25.714546,-80.284477,17.30,04/15/2024,01:11:15
467,63,2728,7,0,N,25.714546,-80.284485,17.30,04/15/2024,01:11:15
441,65,2716,8,0,N,25.714546,-80.284485,17.40,04/15/2024,01:11:15
420,72,2708,9,0,N,25.714546,-80.284485,17.40,04/15/2024,01:11:15
376,86,2757,12,0,N,25.714546,-80.284485,17.40,04/15/2024,01:11:15
368,99,2753,15,0,N,25.714546,-80.284485,17.40,04/15/2024,01:11:15
379,63,2743,9,0,N,25.714546,-80.284485,17.40,04/15/2024,01:11:15
438,36,2693,4,0,N,25.714546,-80.284492,17.40,04/15/2024,01:11:16
406,23,2701,3,0,N,25.714546,-80.284492,17.50,04/15/2024,01:11:16
368,1,2757,0,0,N,25.714546,-80.284492,17.50,04/15/2024,01:11:16
349,-58,2743,-9,15,NNW,25.714546,-80.284492,17.50,04/15/2024,01:11:16
363,-58,2731,-9,15,NNW,25.714546,-80.284492,17.50,04/15/2024,01:11:16
363,-86,2735,-13,15,NNW,25.714546,-80.284500,17.50,04/15/2024,01:11:16
349,-77,2780,-12,15,NNW,25.714546,-80.284500,17.50,04/15/2024,01:11:16
363,-50,2790,-7,15,NNW,25.714546,-80.284500,17.50,04/15/2024,01:11:16
317,-33,2850,-5,15,NNW,25.714546,-80.284500,17.50,04/15/2024,01:11:16
322,-20,2857,-3,15,NNW,25.714546,-80.284500,17.50,04/15/2024,01:11:17
369,-13,2850,-2,15,NNW,25.714546,-80.284500,17.50,04/15/2024,01:11:17
417,-24,2820,-3,15,NNW,25.714546,-80.284500,17.50,04/15/2024,01:11:17
422,-9,2854,-1,15,NNW,25.714546,-80.284508,17.50,04/15/2024,01:11:17
394,1,2869,0,0,N,25.714546,-80.284508,17.50,04/15/2024,01:11:17
381,-48,2887,-7,15,NNW,25.714546,-80.284508,17.50,04/15/2024,01:11:17
412,-60,2895,-8,15,NNW,25.714546,-80.284508,17.50,04/15/2024,01:11:17
436,-30,2869,-3,15,NNW,25.714546,-80.284508,17.50,04/15/2024,01:11:17
477,-20,2877,-2,15,NNW,25.714546,-80.284508,17.50,04/15/2024,01:11:17
442,17,2895,2,0,N,25.714546,-80.284515,17.50,04/15/2024,01:11:17
412,44,2909,6,0,N,25.714546,-80.284515,17.40,04/15/2024,01:11:17
392,55,2929,7,0,N,25.714546,-80.284515,17.40,04/15/2024,01:11:18
392,65,2962,9,0,N,25.714546,-80.284515,17.40,04/15/2024,01:11:18
477,31,2909,3,0,N,25.714546,-80.284515,17.40,04/15/2024,01:11:18
520,27,2906,2,0,N,25.714546,-80.284515,17.40,04/15/2024,01:11:18
465,49,2921,6,0,N,25.714546,-80.284515,17.40,04/15/2024,01:11:18
433,53,2947,6,0,N,25.714546,-80.284515,17.50,04/15/2024,01:11:18
396,34,2988,4,0,N,25.714546,-80.284523,17.50,04/15/2024,01:11:18
429,34,2969,4,0,N,25.714546,-80.284523,17.60,04/15/2024,01:11:18
485,49,2939,5,0,N,25.714546,-80.284523,17.60,04/15/2024,01:11:18
532,72,2914,7,0,N,25.714546,-80.284523,17.60,04/15/2024,01:11:18
451,93,2959,11,0,N,25.714546,-80.284523,17.60,04/15/2024,01:11:18
412,111,2969,15,0,N,25.714546,-80.284523,17.60,04/15/2024,01:11:18
408,130,2951,17,0,N,25.714546,-80.284531,17.60,04/15/2024,01:11:19
459,143,2944,17,0,N,25.714546,-80.284531,17.60,04/15/2024,01:11:19
536,137,2895,14,0,N,25.714546,-80.284531,17.60,04/15/2024,01:11:19
577,150,2862,14,0,N,25.714546,-80.284531,17.70,04/15/2024,01:11:19
511,164,2877,17,0,N,25.714546,-80.284531,17.70,04/15/2024,01:11:19
489,98,2902,11,0,N,25.714546,-80.284531,17.70,04/15/2024,01:11:19
485,63,2902,7,0,N,25.714546,-80.284538,17.70,04/15/2024,01:11:19
527,55,2862,5,0,N,25.714546,-80.284538,17.70,04/15/2024,01:11:19
563,63,2828,6,0,N,25.714546,-80.284538,17.70,04/15/2024,01:11:20
548,129,2825,13,0,N,25.714546,-80.284538,17.80,04/15/2024,01:11:20
495,147,2820,16,0,N,25.714546,-80.284546,17.80,04/15/2024,01:11:20
406,201,2820,26,1,NNE,25.714546,-80.284546,17.80,04/15/2024,01:11:20
381,234,2772,31,1,NNE,25.714546,-80.284546,17.80,04/15/2024,01:11:20
420,226,2723,28,1,NNE,25.714546,-80.284546,17.80,04/15/2024,01:11:20
485,209,2656,23,1,NNE,25.714546,-80.284546,17.80,04/15/2024,01:11:20
502,207,2589,22,0,N,25.714546,-80.284546,17.90,04/15/2024,01:11:20
429,160,2631,20,0,N,25.714546,-80.284546,17.90,04/15/2024,01:11:20
392,129,2611,18,0,N,25.714546,-80.284546,17.90,04/15/2024,01:11:20
416,95,2616,12,0,N,25.714546,-80.284554,17.90,04/15/2024,01:11:21
434,99,2544,12,0,N,25.714546,-80.284554,17.90,04/15/2024,01:11:21
447,91,2544,11,0,N,25.714546,-80.284554,17.90,04/15/2024,01:11:21
424,99,2571,13,0,N,25.714546,-80.284554,17.90,04/15/2024,01:11:21
416,102,2574,13,0,N,25.714546,-80.284561,17.90,04/15/2024,01:11:21
361,99,2604,15,0,N,25.714546,-80.284561,17.90,04/15/2024,01:11:21
379,98,2601,14,0,N,25.714546,-80.284561,17.90,04/15/2024,01:11:21
416,78,2594,10,0,N,25.714546,-80.284561,17.90,04/15/2024,01:11:21
475,59,2530,7,0,N,25.714546,-80.284561,17.90,04/15/2024,01:11:21
471,111,2534,13,0,N,25.714546,-80.284561,17.90,04/15/2024,01:11:21
422,106,2556,14,0,N,25.714546,-80.284569,17.90,04/15/2024,01:11:22
390,98,2597,14,0,N,25.714546,-80.284569,17.80,04/15/2024,01:11:22
415,67,2544,9,0,N,25.714546,-80.284569,17.80,04/15/2024,01:11:22
465,89,2489,10,0,N,25.714546,-80.284569,17.80,04/15/2024,01:11:22
481,67,2477,7,0,N,25.714546,-80.284569,17.80,04/15/2024,01:11:22
417,111,2519,14,0,N,25.714546,-80.284569,17.80,04/15/2024,01:11:22
420,129,2534,17,0,N,25.714546,-80.284576,17.80,04/15/2024,01:11:22
344,137,2549,21,0,N,25.714546,-80.284576,17.80,04/15/2024,01:11:22
347,130,2556,20,0,N,25.714546,-80.284576,17.80,04/15/2024,01:11:22
415,98,2527,13,0,N,25.714546,-80.284576,17.90,04/15/2024,01:11:22
459,61,2482,7,0,N,25.714546,-80.284576,17.90,04/15/2024,01:11:23
426,86,2556,11,0,N,25.714546,-80.284576,17.90,04/15/2024,01:11:23
376,67,2582,10,0,N,25.714546,-80.284584,17.90,04/15/2024,01:11:23
376,6,2594,0,0,N,25.714546,-80.284584,17.90,04/15/2024,01:11:23
399,-29,2574,-4,15,NNW,25.714546,-80.284584,17.90,04/15/2024,01:11:23
426,-29,2567,-3,15,NNW,25.714546,-80.284584,17.90,04/15/2024,01:11:23
454,-13,2597,-1,15,NNW,25.714546,-80.284584,17.90,04/15/2024,01:11:23
434,21,2638,2,0,N,25.714546,-80.284584,17.80,04/15/2024,01:11:23
394,43,2716,6,0,N,25.714546,-80.284584,17.80,04/15/2024,01:11:23
383,40,2720,5,0,N,25.714546,-80.284584,17.80,04/15/2024,01:11:23
396,38,2723,5,0,N,25.714546,-80.284584,17.80,04/15/2024,01:11:23
511,6,2690,0,0,N,25.714546,-80.284584,17.70,04/15/2024,01:11:23
502,27,2693,3,0,N,25.714544,-80.284592,17.70,04/15/2024,01:11:24
454,44,2768,5,0,N,25.714544,-80.284592,17.50,04/15/2024,01:11:24
442,10,2798,1,0,N,25.714544,-80.284592,17.50,04/15/2024,01:11:24
454,-22,2787,-2,15,NNW,25.714544,-80.284592,17.40,04/15/2024,01:11:24
481,-46,2787,-5,15,NNW,25.714544,-80.284592,17.40,04/15/2024,01:11:24
532,-33,2760,-3,15,NNW,25.714544,-80.284592,17.30,04/15/2024,01:11:24
479,17,2810,2,0,N,25.714544,-80.284599,17.30,04/15/2024,01:11:24
463,78,2828,9,0,N,25.714544,-80.284599,17.30,04/15/2024,01:11:24
430,93,2847,12,0,N,25.714544,-80.284599,17.30,04/15/2024,01:11:24
426,102,2892,13,0,N,25.714544,-80.284599,17.30,04/15/2024,01:11:24
479,93,2847,10,0,N,25.714544,-80.284599,17.30,04/15/2024,01:11:25
579,63,2780,6,0,N,25.714544,-80.284599,17.30,04/15/2024,01:11:25
572,89,2810,8,0,N,25.714544,-80.284599,17.30,04/15/2024,01:11:25
499,113,2872,12,0,N,25.714544,-80.284599,17.30,04/15/2024,01:11:25
459,98,2895,12,0,N,25.714542,-80.284607,17.30,04/15/2024,01:11:25
471,69,2872,8,0,N,25.714542,-80.284607,17.30,04/15/2024,01:11:25
540,85,2862,8,0,N,25.714542,-80.284607,17.30,04/15/2024,01:11:25
557,124,2832,12,0,N,25.714542,-80.284607,17.20,04/15/2024,01:11:25
529,202,2842,20,0,N,25.714542,-80.284607,17.20,04/15/2024,01:11:25
508,247,2839,25,1,NNE,25.714542,-80.284607,17.20,04/15/2024,01:11:25
471,285,2862,31,1,NNE,25.714542,-80.284607,17.20,04/15/2024,01:11:25
467,325,2817,34,1,NNE,25.714542,-80.284615,17.20,04/15/2024,01:11:26
497,324,2820,33,1,NNE,25.714542,-80.284615,17.20,04/15/2024,01:11:26
600,198,2731,18,0,N,25.714542,-80.284615,17.20,04/15/2024,01:11:26
571,179,2765,17,0,N,25.714542,-80.284615,17.20,04/15/2024,01:11:26
528,198,2775,20,0,N,25.714542,-80.284615,17.20,04/15/2024,01:11:26
493,175,2790,19,0,N,25.714542,-80.284615,17.20,04/15/2024,01:11:26
518,163,2760,17,0,N,25.714542,-80.284622,17.20,04/15/2024,01:11:26
583,164,2686,15,0,N,25.714542,-80.284622,17.30,04/15/2024,01:11:26
597,190,2671,17,0,N,25.714542,-80.284622,17.30,04/15/2024,01:11:27
575,217,2683,20,0,N,25.714542,-80.284622,17.30,04/15/2024,01:11:27
536,270,2661,26,1,NNE,25.714540,-80.284622,17.30,04/15/2024,01:11:27
489,307,2664,32,1,NNE,25.714540,-80.284622,17.40,04/15/2024,01:11:27
493,317,2683,32,1,NNE,25.714542,-80.284630,17.40,04/15/2024,01:11:27
534,315,2611,30,1,NNE,25.714542,-80.284630,17.40,04/15/2024,01:11:27
597,289,2541,25,1,NNE,25.714542,-80.284630,17.40,04/15/2024,01:11:27
626,295,2530,25,1,NNE,25.714542,-80.284630,17.40,04/15/2024,01:11:27
591,321,2544,28,1,NNE,25.714542,-80.284630,17.40,04/15/2024,01:11:27
595,274,2567,24,1,NNE,25.714542,-80.284630,17.50,04/15/2024,01:11:27
593,219,2527,20,0,N,25.714542,-80.284637,17.50,04/15/2024,01:11:28
621,196,2482,17,0,N,25.714542,-80.284637,17.50,04/15/2024,01:11:28
657,226,2437,18,0,N,25.714542,-80.284637,17.50,04/15/2024,01:11:28
675,245,2425,19,0,N,25.714542,-80.284637,17.50,04/15/2024,01:11:28
607,240,2467,21,0,N,25.714542,-80.284637,17.50,04/15/2024,01:11:28
546,298,2537,28,1,NNE,25.714542,-80.284637,17.50,04/15/2024,01:11:28
506,365,2515,35,1,NNE,25.714542,-80.284637,17.50,04/15/2024,01:11:28
493,411,2459,39,1,NNE,25.714542,-80.284645,17.50,04/15/2024,01:11:28
538,429,2410,38,1,NNE,25.714542,-80.284645,17.60,04/15/2024,01:11:28
559,397,2425,35,1,NNE,25.714542,-80.284645,17.60,04/15/2024,01:11:29
536,411,2452,37,1,NNE,25.714542,-80.284645,17.60,04/15/2024,01:11:29
527,407,2433,37,1,NNE,25.714540,-80.284645,17.60,04/15/2024,01:11:29
534,359,2467,33,1,NNE,25.714540,-80.284645,17.60,04/15/2024,01:11:29
548,355,2445,32,1,NNE,25.714540,-80.284645,17.60,04/15/2024,01:11:29
564,363,2418,32,1,NNE,25.714540,-80.284645,17.60,04/15/2024,01:11:29
584,368,2385,32,1,NNE,25.714542,-80.284653,17.60,04/15/2024,01:11:29
611,325,2378,28,1,NNE,25.714542,-80.284653,17.50,04/15/2024,01:11:29
609,321,2388,27,1,NNE,25.714542,-80.284653,17.50,04/15/2024,01:11:29
614,302,2425,26,1,NNE,25.714542,-80.284653,17.50,04/15/2024,01:11:29
601,285,2418,25,1,NNE,25.714542,-80.284653,17.50,04/15/2024,01:11:29
614,308,2415,26,1,NNE,25.714542,-80.284653,17.50,04/15/2024,01:11:29
614,304,2418,26,1,NNE,25.714540,-80.284660,17.50,04/15/2024,01:11:30
579,291,2430,26,1,NNE,25.714540,-80.284660,17.20,04/15/2024,01:11:30
536,311,2500,30,1,NNE,25.714540,-80.284660,17.20,04/15/2024,01:11:30
536,304,2519,29,1,NNE,25.714540,-80.284660,17.20,04/15/2024,01:11:30
561,281,2497,26,1,NNE,25.714540,-80.284660,17.20,04/15/2024,01:11:30
636,270,2407,23,1,NNE,25.714540,-80.284660,17.20,04/15/2024,01:11:30
589,196,2474,18,0,N,25.714540,-80.284668,17.20,04/15/2024,01:11:30
489,91,2574,10,0,N,25.714540,-80.284668,17.20,04/15/2024,01:11:30
441,63,2608,8,0,N,25.714540,-80.284668,17.20,04/15/2024,01:11:30
383,82,2623,12,0,N,25.714540,-80.284668,17.20,04/15/2024,01:11:31
376,120,2634,17,0,N,25.714540,-80.284676,17.20,04/15/2024,01:11:31
325,188,2668,30,1,NNE,25.714540,-80.284676,17.20,04/15/2024,01:11:31
303,216,2668,35,1,NNE,25.714540,-80.284676,17.20,04/15/2024,01:11:31
286,270,2626,43,1,NNE,25.714540,-80.284676,17.30,04/15/2024,01:11:31
353,325,2608,42,1,NNE,25.714540,-80.284676,17.30,04/15/2024,01:11:31
381,326,2589,40,1,NNE,25.714540,-80.284676,17.30,04/15/2024,01:11:31
402,321,2608,38,1,NNE,25.714540,-80.284676,17.30,04/15/2024,01:11:31
499,304,2519,31,1,NNE,25.714540,-80.284676,17.30,04/15/2024,01:11:31
557,281,2448,26,1,NNE,25.714540,-80.284676,17.30,04/15/2024,01:11:31
645,270,2343,22,0,N,25.714540,-80.284683,17.30,04/15/2024,01:11:32
873,194,2005,12,0,N,25.714540,-80.284683,17.50,04/15/2024,01:11:32
993,108,1722,6,0,N,25.714540,-80.284683,17.50,04/15/2024,01:11:32
971,73,1740,4,0,N,25.714540,-80.284683,17.50,04/15/2024,01:11:32
931,53,1908,3,0,N,25.714540,-80.284691,17.50,04/15/2024,01:11:32
903,86,1986,5,0,N,25.714540,-80.284691,17.40,04/15/2024,01:11:32
879,47,2001,3,0,N,25.714539,-80.284691,17.40,04/15/2024,01:11:32
860,14,2087,0,0,N,25.714539,-80.284691,17.40,04/15/2024,01:11:32
858,10,2083,0,0,N,25.714539,-80.284691,17.40,04/15/2024,01:11:33
851,10,2090,0,0,N,25.714539,-80.284691,17.40,04/15/2024,01:11:33
819,4,2139,0,0,N,25.714539,-80.284691,17.40,04/15/2024,01:11:33
817,14,2147,0,0,N,25.714539,-80.284691,17.00,04/15/2024,01:11:33
787,-22,2214,-1,15,NNW,25.714539,-80.284691,17.00,04/15/2024,01:11:33
790,25,2206,1,0,N,25.714539,-80.284691,17.00,04/15/2024,01:11:33
772,47,2209,3,0,N,25.714539,-80.284698,17.00,04/15/2024,01:11:33
737,47,2273,3,0,N,25.714539,-80.284698,17.00,04/15/2024,01:11:33
731,78,2296,6,0,N,25.714539,-80.284698,17.00,04/15/2024,01:11:33
727,86,2310,6,0,N,25.714539,-80.284698,17.00,04/15/2024,01:11:33
718,86,2313,6,0,N,25.714539,-80.284698,17.00,04/15/2024,01:11:34
735,135,2296,10,0,N,25.714539,-80.284698,17.00,04/15/2024,01:11:34
746,179,2284,13,0,N,25.714537,-80.284698,17.00,04/15/2024,01:11:34
757,194,2269,14,0,N,25.714537,-80.284698,17.00,04/15/2024,01:11:34
751,190,2261,14,0,N,25.714537,-80.284706,17.00,04/15/2024,01:11:34
718,129,2321,10,0,N,25.714537,-80.284706,17.00,04/15/2024,01:11:34
735,61,2333,4,0,N,25.714537,-80.284706,17.00,04/15/2024,01:11:34
782,36,2232,2,0,N,25.714537,-80.284706,17.00,04/15/2024,01:11:34
753,-37,2266,-2,15,NNW,25.714537,-80.284706,16.80,04/15/2024,01:11:34
731,-153,2261,-11,15,NNW,25.714537,-80.284706,16.80,04/15/2024,01:11:34
733,-106,2273,-8,15,NNW,25.714539,-80.284706,16.80,04/15/2024,01:11:35
675,-62,2355,-5,15,NNW,25.714539,-80.284706,16.70,04/15/2024,01:11:35
660,38,2422,3,0,N,25.714539,-80.284706,16.70,04/15/2024,01:11:35
619,99,2485,9,0,N,25.714539,-80.284706,16.70,04/15/2024,01:11:35
611,111,2474,10,0,N,25.714539,-80.284706,16.80,04/15/2024,01:11:35
623,89,2485,8,0,N,25.714539,-80.284706,16.80,04/15/2024,01:11:35
639,117,2492,10,0,N,25.714539,-80.284706,16.80,04/15/2024,01:11:35
666,113,2448,9,0,N,25.714539,-80.284706,16.80,04/15/2024,01:11:35
707,146,2410,11,0,N,25.714539,-80.284706,17.20,04/15/2024,01:11:35
712,139,2410,11,0,N,25.714539,-80.284706,17.20,04/15/2024,01:11:36
693,135,2448,11,0,N,25.714539,-80.284706,17.10,04/15/2024,01:11:36
682,111,2462,9,0,N,25.714539,-80.284706,17.10,04/15/2024,01:11:36
709,147,2448,11,0,N,25.714539,-80.284706,17.10,04/15/2024,01:11:36
712,146,2422,11,0,N,25.714537,-80.284706,17.10,04/15/2024,01:11:36
707,95,2433,7,0,N,25.714537,-80.284706,17.00,04/15/2024,01:11:36
709,72,2425,5,0,N,25.714537,-80.284706,17.00,04/15/2024,01:11:36
700,47,2440,3,0,N,25.714537,-80.284706,17.00,04/15/2024,01:11:36
712,69,2433,5,0,N,25.714537,-80.284706,17.00,04/15/2024,01:11:36
700,82,2437,6,0,N,25.714537,-80.284706,17.00,04/15/2024,01:11:37
712,44,2433,3,0,N,25.714537,-80.284706,17.00,04/15/2024,01:11:37
723,59,2410,4,0,N,25.714537,-80.284706,17.00,04/15/2024,01:11:37
749,6,2321,0,0,N,25.714537,-80.284706,17.00,04/15/2024,01:11:37
751,27,2313,2,0,N,25.714537,-80.284706,17.00,04/15/2024,01:11:37
730,49,2336,3,0,N,25.714537,-80.284706,16.90,04/15/2024,01:11:37
718,56,2340,4,0,N,25.714537,-80.284706,16.90,04/15/2024,01:11:37
703,36,2340,2,0,N,25.714537,-80.284706,16.90,04/15/2024,01:11:37
703,0,2348,0,0,N,25.714537,-80.284706,16.90,04/15/2024,01:11:37
712,-30,2299,-2,15,NNW,25.714537,-80.284706,16.90,04/15/2024,01:11:37
737,-18,2261,-1,15,NNW,25.714537,-80.284706,16.90,04/15/2024,01:11:38
703,-64,2269,-5,15,NNW,25.714537,-80.284706,16.80,04/15/2024,01:11:38
675,-81,2296,-6,15,NNW,25.714537,-80.284706,16.80,04/15/2024,01:11:38
693,-98,2236,-8,15,NNW,25.714537,-80.284706,16.80,04/15/2024,01:11:38
684,-71,2251,-5,15,NNW,25.714537,-80.284706,16.80,04/15/2024,01:11:38
666,-88,2281,-7,15,NNW,25.714537,-80.284706,16.80,04/15/2024,01:11:38
660,-73,2281,-6,15,NNW,25.714537,-80.284706,16.80,04/15/2024,01:11:38
675,-67,2269,-5,15,NNW,25.714537,-80.284706,16.80,04/15/2024,01:11:38
662,-62,2276,-5,15,NNW,25.714537,-80.284706,16.80,04/15/2024,01:11:38
657,-81,2261,-7,15,NNW,25.714537,-80.284706,16.80,04/15/2024,01:11:38
645,-134,2276,-11,15,NNW,25.714537,-80.284706,16.80,04/15/2024,01:11:39
641,-128,2276,-11,15,NNW,25.714537,-80.284706,16.80,04/15/2024,01:11:39
654,-121,2276,-10,15,NNW,25.714537,-80.284706,16.80,04/15/2024,01:11:39
636,-142,2310,-12,15,NNW,25.714537,-80.284706,16.80,04/15/2024,01:11:39
615,-138,2336,-12,15,NNW,25.714537,-80.284706,16.80,04/15/2024,01:11:39
621,-142,2321,-12,15,NNW,25.714537,-80.284706,16.70,04/15/2024,01:11:39
650,-136,2266,-11,15,NNW,25.714537,-80.284706,16.70,04/15/2024,01:11:39
636,-141,2306,-12,15,NNW,25.714537,-80.284706,16.80,04/15/2024,01:11:39
662,-81,2296,-6,15,NNW,25.714535,-80.284706,16.80,04/15/2024,01:11:39
632,-60,2343,-5,15,NNW,25.714535,-80.284706,16.80,04/15/2024,01:11:39
632,-20,2355,-1,15,NNW,25.714535,-80.284706,16.80,04/15/2024,01:11:40
627,-29,2355,-2,15,NNW,25.714535,-80.284706,16.80,04/15/2024,01:11:40
680,-35,2288,-2,15,NNW,25.714535,-80.284706,16.80,04/15/2024,01:11:40
660,-52,2328,-4,15,NNW,25.714535,-80.284706,17.10,04/15/2024,01:11:40
648,-37,2370,-3,15,NNW,25.714535,-80.284706,17.10,04/15/2024,01:11:40
621,-64,2373,-5,15,NNW,25.714535,-80.284706,17.10,04/15/2024,01:11:40
615,-79,2418,-7,15,NNW,25.714535,-80.284706,17.00,04/15/2024,01:11:40
636,-73,2373,-6,15,NNW,25.714533,-80.284706,17.00,04/15/2024,01:11:40
639,-92,2418,-8,15,NNW,25.714533,-80.284706,17.10,04/15/2024,01:11:40
657,-50,2407,-4,15,NNW,25.714533,-80.284706,17.10,04/15/2024,01:11:40
654,-30,2445,-2,15,NNW,25.714533,-80.284706,17.10,04/15/2024,01:11:40
641,-22,2459,-1,15,NNW,25.714531,-80.284706,17.10,04/15/2024,01:11:41
684,-20,2418,-1,15,NNW,25.714531,-80.284706,17.20,04/15/2024,01:11:41
682,-26,2430,-2,15,NNW,25.714529,-80.284706,17.20,04/15/2024,01:11:41
743,-48,2400,-3,15,NNW,25.714529,-80.284706,17.20,04/15/2024,01:11:41
709,-68,2388,-5,15,NNW,25.714529,-80.284706,17.20,04/15/2024,01:11:41
725,-62,2410,-4,15,NNW,25.714529,-80.284706,17.20,04/15/2024,01:11:41
727,-84,2400,-6,15,NNW,25.714527,-80.284706,17.20,04/15/2024,01:11:41
753,-145,2355,-10,15,NNW,25.714527,-80.284706,17.20,04/15/2024,01:11:41
768,-110,2355,-8,15,NNW,25.714525,-80.284706,17.20,04/15/2024,01:11:41
780,-81,2358,-5,15,NNW,25.714525,-80.284706,17.10,04/15/2024,01:11:41
757,-71,2415,-5,15,NNW,25.714523,-80.284706,17.10,04/15/2024,01:11:42
760,-46,2400,-3,15,NNW,25.714521,-80.284706,17.10,04/15/2024,01:11:42
782,-42,2355,-3,15,NNW,25.714521,-80.284706,17.10,04/15/2024,01:11:42
794,-37,2348,-2,15,NNW,25.714520,-80.284706,17.10,04/15/2024,01:11:42
772,-62,2333,-4,15,NNW,25.714520,-80.284706,17.10,04/15/2024,01:11:42
768,-75,2333,-5,15,NNW,25.714520,-80.284706,17.10,04/15/2024,01:11:42
737,-97,2373,-7,15,NNW,25.714520,-80.284706,17.10,04/15/2024,01:11:42
712,-103,2385,-8,15,NNW,25.714516,-80.284706,17.10,04/15/2024,01:11:42
723,-86,2373,-6,15,NNW,25.714516,-80.284706,17.20,04/15/2024,01:11:42
731,-90,2340,-7,15,NNW,25.714516,-80.284706,17.20,04/15/2024,01:11:42
743,-75,2325,-5,15,NNW,25.714516,-80.284706,17.20,04/15/2024,01:11:42
723,-52,2378,-4,15,NNW,25.714512,-80.284706,17.20,04/15/2024,01:11:43
712,-37,2373,-2,15,NNW,25.714512,-80.284706,17.30,04/15/2024,01:11:43
714,-26,2373,-2,15,NNW,25.714508,-80.284706,17.30,04/15/2024,01:11:43
721,-39,2351,-3,15,NNW,25.714508,-80.284706,17.00,04/15/2024,01:11:43
727,-39,2336,-3,15,NNW,25.714506,-80.284706,17.00,04/15/2024,01:11:43
718,-71,2358,-5,15,NNW,25.714506,-80.284706,17.00,04/15/2024,01:11:43
688,-88,2388,-7,15,NNW,25.714504,-80.284706,17.00,04/15/2024,01:11:43
675,-115,2392,-9,15,NNW,25.714504,-80.284706,16.90,04/15/2024,01:11:43
682,-121,2381,-10,15,NNW,25.714502,-80.284706,16.90,04/15/2024,01:11:44
727,-108,2333,-8,15,NNW,25.714502,-80.284706,16.90,04/15/2024,01:11:44
712,-147,2348,-11,15,NNW,25.714500,-80.284706,16.90,04/15/2024,01:11:44
687,-138,2343,-11,15,NNW,25.714500,-80.284706,16.90,04/15/2024,01:11:44
691,-110,2358,-9,15,NNW,25.714497,-80.284706,16.90,04/15/2024,01:11:44
705,-88,2321,-7,15,NNW,25.714497,-80.284706,16.90,04/15/2024,01:11:44
670,-121,2340,-10,15,NNW,25.714495,-80.284706,16.90,04/15/2024,01:11:44
650,-187,2313,-16,15,NNW,25.714495,-80.284706,17.10,04/15/2024,01:11:44
670,-206,2273,-17,15,NNW,25.714493,-80.284706,17.10,04/15/2024,01:11:44
630,-233,2296,-20,15,NNW,25.714493,-80.284706,17.10,04/15/2024,01:11:44
614,-258,2306,-22,15,NNW,25.714491,-80.284706,17.10,04/15/2024,01:11:45
648,-239,2284,-20,15,NNW,25.714491,-80.284706,17.10,04/15/2024,01:11:45
675,-206,2273,-16,15,NNW,25.714489,-80.284706,17.10,04/15/2024,01:11:45
675,-174,2313,-14,15,NNW,25.714489,-80.284706,17.10,04/15/2024,01:11:45
675,-145,2313,-12,15,NNW,25.714487,-80.284706,17.10,04/15/2024,01:11:45
675,-106,2348,-8,15,NNW,25.714487,-80.284706,17.30,04/15/2024,01:11:45
680,-103,2340,-8,15,NNW,25.714487,-80.284706,17.30,04/15/2024,01:11:45
703,-103,2310,-8,15,NNW,25.714483,-80.284706,17.30,04/15/2024,01:11:45
680,-136,2336,-11,15,NNW,25.714483,-80.284706,17.40,04/15/2024,01:11:45
664,-138,2351,-11,15,NNW,25.714481,-80.284706,17.40,04/15/2024,01:11:45
650,-158,2388,-13,15,NNW,25.714481,-80.284706,17.40,04/15/2024,01:11:45
650,-153,2403,-13,15,NNW,25.714481,-80.284706,17.40,04/15/2024,01:11:46
705,-134,2340,-10,15,NNW,25.714481,-80.284706,17.40,04/15/2024,01:11:46
712,-108,2363,-8,15,NNW,25.714478,-80.284706,17.40,04/15/2024,01:11:46
751,-81,2325,-6,15,NNW,25.714478,-80.284706,17.50,04/15/2024,01:11:46
723,-58,2366,-4,15,NNW,25.714476,-80.284706,17.50,04/15/2024,01:11:46
737,-5,2351,0,0,N,25.714476,-80.284706,17.50,04/15/2024,01:11:46
761,-3,2313,0,0,N,25.714474,-80.284706,17.50,04/15/2024,01:11:46
787,-42,2258,-3,15,NNW,25.714474,-80.284706,17.80,04/15/2024,01:11:46
772,-54,2246,-4,15,NNW,25.714472,-80.284706,17.80,04/15/2024,01:11:46
705,-106,2318,-8,15,NNW,25.714472,-80.284706,17.80,04/15/2024,01:11:46
714,-145,2276,-11,15,NNW,25.714470,-80.284706,17.80,04/15/2024,01:11:47
703,-180,2273,-14,15,NNW,25.714470,-80.284706,17.80,04/15/2024,01:11:47
712,-183,2239,-14,15,NNW,25.714468,-80.284706,17.80,04/15/2024,01:11:47
735,-184,2194,-14,15,NNW,25.714468,-80.284706,17.90,04/15/2024,01:11:47
718,-165,2191,-12,15,NNW,25.714464,-80.284706,17.90,04/15/2024,01:11:47
723,-180,2209,-13,15,NNW,25.714462,-80.284706,17.90,04/15/2024,01:11:47
693,-155,2206,-12,15,NNW,25.714462,-80.284706,18.00,04/15/2024,01:11:47
688,-115,2229,-9,15,NNW,25.714460,-80.284706,18.00,04/15/2024,01:11:47
705,-136,2161,-10,15,NNW,25.714460,-80.284706,18.10,04/15/2024,01:11:47
682,-125,2191,-10,15,NNW,25.714460,-80.284706,18.10,04/15/2024,01:11:47
660,-132,2209,-11,15,NNW,25.714458,-80.284706,18.10,04/15/2024,01:11:48
634,-125,2246,-11,15,NNW,25.714455,-80.284706,18.10,04/15/2024,01:11:48
584,-136,2284,-13,15,NNW,25.714455,-80.284706,18.10,04/15/2024,01:11:48
568,-149,2288,-14,15,NNW,25.714455,-80.284706,18.10,04/15/2024,01:11:48
593,-163,2229,-15,15,NNW,25.714453,-80.284706,18.10,04/15/2024,01:11:48
595,-158,2229,-14,15,NNW,25.714451,-80.284706,18.10,04/15/2024,01:11:48
581,-149,2251,-14,15,NNW,25.714451,-80.284706,18.10,04/15/2024,01:11:48
614,-191,2209,-17,15,NNW,25.714449,-80.284706,18.10,04/15/2024,01:11:48
636,-208,2209,-18,15,NNW,25.714449,-80.284706,18.10,04/15/2024,01:11:48
641,-204,2239,-17,15,NNW,25.714447,-80.284706,18.10,04/15/2024,01:11:49
664,-202,2246,-16,15,NNW,25.714447,-80.284706,18.10,04/15/2024,01:11:49
577,-323,2310,-29,14,NW,25.714445,-80.284706,18.10,04/15/2024,01:11:49
351,-613,2209,-60,13,WNW,25.714445,-80.284706,18.20,04/15/2024,01:11:49
381,-634,2191,-58,13,WNW,25.714443,-80.284698,18.20,04/15/2024,01:11:49
430,-562,2281,-52,13,WNW,25.714443,-80.284698,18.30,04/15/2024,01:11:49
452,-485,2366,-47,13,WNW,25.714441,-80.284698,18.30,04/15/2024,01:11:49
522,-421,2385,-38,14,NW,25.714441,-80.284698,18.30,04/15/2024,01:11:49
548,-360,2470,-33,14,NW,25.714439,-80.284698,18.30,04/15/2024,01:11:49
564,-323,2462,-29,14,NW,25.714439,-80.284698,18.40,04/15/2024,01:11:49
572,-318,2467,-29,14,NW,25.714437,-80.284698,18.40,04/15/2024,01:11:50
583,-288,2474,-26,14,NW,25.714437,-80.284698,18.40,04/15/2024,01:11:50
548,-303,2485,-28,14,NW,25.714436,-80.284698,18.40,04/15/2024,01:11:50
502,-412,2445,-39,14,NW,25.714436,-80.284698,18.30,04/15/2024,01:11:50
451,-411,2482,-42,14,NW,25.714434,-80.284698,18.30,04/15/2024,01:11:50
417,-421,2477,-45,14,NW,25.714434,-80.284698,18.20,04/15/2024,01:11:50
429,-443,2452,-45,14,NW,25.714432,-80.284698,18.20,04/15/2024,01:11:50
378,-467,2467,-51,13,WNW,25.714432,-80.284698,18.20,04/15/2024,01:11:50
369,-476,2452,-52,13,WNW,25.714430,-80.284698,18.20,04/15/2024,01:11:50
396,-456,2425,-49,13,WNW,25.714430,-80.284698,18.30,04/15/2024,01:11:50
422,-373,2489,-41,14,NW,25.714430,-80.284698,18.30,04/15/2024,01:11:50
463,-299,2477,-32,14,NW,25.714428,-80.284698,18.30,04/15/2024,01:11:51
488,-299,2477,-31,14,NW,25.714428,-80.284698,18.10,04/15/2024,01:11:51
485,-309,2459,-32,14,NW,25.714426,-80.284698,18.10,04/15/2024,01:11:51
527,-316,2400,-30,14,NW,25.714426,-80.284698,18.20,04/15/2024,01:11:51
481,-290,2437,-31,14,NW,25.714424,-80.284698,18.20,04/15/2024,01:11:51
442,-370,2418,-39,14,NW,25.714424,-80.284698,18.20,04/15/2024,01:11:51
415,-387,2440,-43,14,NW,25.714422,-80.284698,18.20,04/15/2024,01:11:51
365,-408,2455,-48,13,WNW,25.714422,-80.284698,18.30,04/15/2024,01:11:51
353,-391,2433,-47,13,WNW,25.714420,-80.284698,18.30,04/15/2024,01:11:51
378,-417,2385,-47,13,WNW,25.714420,-80.284698,18.30,04/15/2024,01:11:51
406,-378,2407,-42,14,NW,25.714418,-80.284698,18.30,04/15/2024,01:11:52
417,-357,2425,-40,14,NW,25.714418,-80.284698,18.30,04/15/2024,01:11:52
396,-382,2440,-43,14,NW,25.714415,-80.284698,18.30,04/15/2024,01:11:52
333,-399,2492,-50,13,WNW,25.714415,-80.284698,18.40,04/15/2024,01:11:52
325,-430,2462,-52,13,WNW,25.714415,-80.284698,18.40,04/15/2024,01:11:52
314,-472,2433,-56,13,WNW,25.714415,-80.284698,18.40,04/15/2024,01:11:52
296,-476,2452,-58,13,WNW,25.714411,-80.284698,18.40,04/15/2024,01:11:52
245,-478,2470,-62,13,WNW,25.714411,-80.284698,18.50,04/15/2024,01:11:52
192,-460,2530,-67,13,WNW,25.714411,-80.284698,18.50,04/15/2024,01:11:52
171,-450,2504,-69,12,W,25.714405,-80.284698,18.50,04/15/2024,01:11:53
168,-478,2477,-70,12,W,25.714405,-80.284698,18.60,04/15/2024,01:11:53
198,-465,2492,-66,13,WNW,25.714403,-80.284698,18.60,04/15/2024,01:11:53
239,-442,2497,-61,13,WNW,25.714403,-80.284698,18.50,04/15/2024,01:11:53
267,-406,2534,-56,13,WNW,25.714403,-80.284698,18.50,04/15/2024,01:11:53
260,-411,2537,-57,13,WNW,25.714399,-80.284698,18.50,04/15/2024,01:11:53
219,-448,2500,-63,13,WNW,25.714399,-80.284698,18.50,04/15/2024,01:11:53
215,-460,2500,-64,13,WNW,25.714399,-80.284698,18.50,04/15/2024,01:11:53
205,-469,2522,-66,13,WNW,25.714397,-80.284698,18.50,04/15/2024,01:11:54
196,-443,2549,-66,13,WNW,25.714396,-80.284698,18.50,04/15/2024,01:11:54
155,-419,2582,-69,12,W,25.714396,-80.284698,18.50,04/15/2024,01:11:54
141,-430,2586,-71,12,W,25.714394,-80.284698,18.50,04/15/2024,01:11:54
153,-459,2564,-71,12,W,25.714394,-80.284698,18.40,04/15/2024,01:11:54
172,-485,2515,-70,12,W,25.714394,-80.284698,18.40,04/15/2024,01:11:54
202,-459,2544,-66,13,WNW,25.714394,-80.284698,18.40,04/15/2024,01:11:54
219,-465,2567,-64,13,WNW,25.714392,-80.284698,18.40,04/15/2024,01:11:54
239,-443,2579,-61,13,WNW,25.714392,-80.284698,18.40,04/15/2024,01:11:54
226,-435,2594,-62,13,WNW,25.714390,-80.284698,18.40,04/15/2024,01:11:55
286,-446,2567,-57,13,WNW,25.714390,-80.284698,18.40,04/15/2024,01:11:55
347,-385,2616,-47,13,WNW,25.714388,-80.284698,18.40,04/15/2024,01:11:55
477,-296,2579,-31,14,NW,25.714388,-80.284698,18.40,04/15/2024,01:11:55
508,-288,2567,-29,14,NW,25.714386,-80.284698,18.40,04/15/2024,01:11:55
548,-222,2556,-22,15,NNW,25.714386,-80.284698,18.40,04/15/2024,01:11:55
575,-176,2594,-17,15,NNW,25.714384,-80.284698,18.40,04/15/2024,01:11:55
591,-75,2574,-7,15,NNW,25.714384,-80.284698,18.40,04/15/2024,01:11:55
615,-33,2564,-3,15,NNW,25.714382,-80.284698,18.40,04/15/2024,01:11:55
699,63,2504,5,0,N,25.714382,-80.284698,18.20,04/15/2024,01:11:55
684,130,2500,10,0,N,25.714380,-80.284698,18.20,04/15/2024,01:11:56
699,188,2500,15,0,N,25.714380,-80.284698,18.20,04/15/2024,01:11:56
678,202,2512,16,0,N,25.714378,-80.284698,18.20,04/15/2024,01:11:56
657,209,2515,17,0,N,25.714378,-80.284698,18.20,04/15/2024,01:11:56
664,214,2530,17,0,N,25.714376,-80.284698,18.20,04/15/2024,01:11:56
709,188,2482,14,0,N,25.714376,-80.284698,18.40,04/15/2024,01:11:56
712,160,2455,12,0,N,25.714376,-80.284698,18.40,04/15/2024,01:11:56
735,154,2445,11,0,N,25.714376,-80.284698,18.40,04/15/2024,01:11:56
731,143,2437,11,0,N,25.714375,-80.284698,18.40,04/15/2024,01:11:56
693,139,2474,11,0,N,25.714375,-80.284698,18.40,04/15/2024,01:11:56
687,179,2500,14,0,N,25.714373,-80.284698,18.40,04/15/2024,01:11:56
737,216,2425,16,0,N,25.714373,-80.284698,18.50,04/15/2024,01:11:56
725,232,2418,17,0,N,25.714371,-80.284698,18.50,04/15/2024,01:11:57
717,266,2425,20,0,N,25.714371,-80.284698,18.60,04/15/2024,01:11:57
707,276,2474,21,0,N,25.714369,-80.284698,18.60,04/15/2024,01:11:57
670,251,2507,20,0,N,25.714369,-80.284698,18.50,04/15/2024,01:11:57
696,221,2474,17,0,N,25.714367,-80.284698,18.50,04/15/2024,01:11:57
675,196,2515,16,0,N,25.714367,-80.284698,18.50,04/15/2024,01:11:57
691,198,2504,15,0,N,25.714367,-80.284698,18.50,04/15/2024,01:11:57
703,194,2474,15,0,N,25.714367,-80.284698,18.50,04/15/2024,01:11:57
694,190,2474,15,0,N,25.714365,-80.284698,18.50,04/15/2024,01:11:57
684,196,2492,15,0,N,25.714365,-80.284698,18.40,04/15/2024,01:11:57
687,198,2492,16,0,N,25.714363,-80.284698,18.40,04/15/2024,01:11:58
680,185,2512,15,0,N,25.714363,-80.284698,18.10,04/15/2024,01:11:58
670,190,2507,15,0,N,25.714361,-80.284698,18.10,04/15/2024,01:11:58
662,184,2527,15,0,N,25.714359,-80.284706,18.10,04/15/2024,01:11:58
660,190,2519,16,0,N,25.714359,-80.284706,18.00,04/15/2024,01:11:58
657,163,2527,13,0,N,25.714359,-80.284706,18.00,04/15/2024,01:11:58
652,160,2537,13,0,N,25.714357,-80.284706,18.00,04/15/2024,01:11:58
630,137,2549,12,0,N,25.714357,-80.284706,17.80,04/15/2024,01:11:58
648,147,2549,12,0,N,25.714355,-80.284706,17.80,04/15/2024,01:11:59
664,163,2527,13,0,N,25.714355,-80.284706,17.80,04/15/2024,01:11:59
621,171,2567,15,0,N,25.714355,-80.284706,17.80,04/15/2024,01:11:59
571,175,2631,17,0,N,25.714355,-80.284706,17.80,04/15/2024,01:11:59
518,141,2668,15,0,N,25.714352,-80.284706,17.80,04/15/2024,01:11:59
545,160,2671,16,0,N,25.714352,-80.284706,17.70,04/15/2024,01:11:59
615,139,2597,12,0,N,25.714352,-80.284706,17.70,04/15/2024,01:11:59
623,126,2579,11,0,N,25.714350,-80.284706,17.70,04/15/2024,01:11:59
638,111,2582,9,0,N,25.714350,-80.284706,17.30,04/15/2024,01:11:59
591,85,2616,8,0,N,25.714348,-80.284706,17.30,04/15/2024,01:12:00
536,49,2671,5,0,N,25.714348,-80.284706,17.20,04/15/2024,01:12:00
554,38,2653,3,0,N,25.714346,-80.284706,17.20,04/15/2024,01:12:00
623,31,2597,2,0,N,25.714346,-80.284706,17.20,04/15/2024,01:12:00
623,59,2597,5,0,N,25.714344,-80.284706,17.20,04/15/2024,01:12:00
618,65,2601,6,0,N,25.714344,-80.284706,17.30,04/15/2024,01:12:00
572,51,2626,5,0,N,25.714342,-80.284706,17.30,04/15/2024,01:12:00
564,30,2638,3,0,N,25.714342,-80.284706,17.40,04/15/2024,01:12:00
564,23,2638,2,0,N,25.714340,-80.284706,17.40,04/15/2024,01:12:00
626,17,2571,1,0,N,25.714340,-80.284706,17.40,04/15/2024,01:12:00
626,12,2579,1,0,N,25.714338,-80.284706,17.40,04/15/2024,01:12:01
621,-26,2544,-2,15,NNW,25.714338,-80.284706,17.50,04/15/2024,01:12:01
583,-16,2582,-1,15,NNW,25.714338,-80.284706,17.50,04/15/2024,01:12:01
583,0,2589,0,0,N,25.714338,-80.284706,17.50,04/15/2024,01:12:01
619,-5,2552,0,0,N,25.714334,-80.284706,17.50,04/15/2024,01:12:01
611,-42,2507,-3,15,NNW,25.714334,-80.284706,17.70,04/15/2024,01:12:01
618,-16,2522,-1,15,NNW,25.714333,-80.284706,17.70,04/15/2024,01:12:01
607,1,2530,0,0,N,25.714333,-80.284706,17.80,04/15/2024,01:12:01
546,17,2597,1,0,N,25.714333,-80.284706,17.80,04/15/2024,01:12:01
554,21,2564,2,0,N,25.714333,-80.284706,17.70,04/15/2024,01:12:01
542,27,2579,2,0,N,25.714331,-80.284706,17.70,04/15/2024,01:12:02
600,55,2515,5,0,N,25.714331,-80.284706,17.70,04/15/2024,01:12:02
577,18,2537,1,0,N,25.714331,-80.284706,17.70,04/15/2024,01:12:02
595,-16,2489,-1,15,NNW,25.714331,-80.284706,17.70,04/15/2024,01:12:02
524,-58,2556,-6,15,NNW,25.714329,-80.284706,17.70,04/15/2024,01:12:02
540,-52,2549,-5,15,NNW,25.714329,-80.284706,17.80,04/15/2024,01:12:02
601,-62,2485,-5,15,NNW,25.714329,-80.284706,17.80,04/15/2024,01:12:02
630,-58,2452,-5,15,NNW,25.714329,-80.284706,17.80,04/15/2024,01:12:02
615,-22,2477,-2,15,NNW,25.714329,-80.284706,17.80,04/15/2024,01:12:02
597,-30,2474,-2,15,NNW,25.714329,-80.284706,17.80,04/15/2024,01:12:02
522,-48,2564,-5,15,NNW,25.714327,-80.284706,17.80,04/15/2024,01:12:02
516,-48,2549,-5,15,NNW,25.714327,-80.284706,17.80,04/15/2024,01:12:02
581,-71,2515,-6,15,NNW,25.714329,-80.284706,17.80,04/15/2024,01:12:03
619,-79,2467,-7,15,NNW,25.714329,-80.284706,17.90,04/15/2024,01:12:03
579,-97,2492,-9,15,NNW,25.714327,-80.284706,17.90,04/15/2024,01:12:03
589,-128,2500,-12,15,NNW,25.714327,-80.284706,17.90,04/15/2024,01:12:03
577,-138,2492,-13,15,NNW,25.714327,-80.284706,17.90,04/15/2024,01:12:03
559,-142,2512,-14,15,NNW,25.714327,-80.284706,18.00,04/15/2024,01:12:03
511,-159,2552,-17,15,NNW,25.714327,-80.284706,18.00,04/15/2024,01:12:03
538,-158,2541,-16,15,NNW,25.714327,-80.284706,18.00,04/15/2024,01:12:03
554,-134,2549,-13,15,NNW,25.714329,-80.284706,18.00,04/15/2024,01:12:04
575,-123,2512,-12,15,NNW,25.714329,-80.284706,17.90,04/15/2024,01:12:04
545,-98,2549,-10,15,NNW,25.714329,-80.284706,17.90,04/15/2024,01:12:04
563,-42,2549,-4,15,NNW,25.714329,-80.284706,17.90,04/15/2024,01:12:04
532,-33,2574,-3,15,NNW,25.714329,-80.284706,17.90,04/15/2024,01:12:04
584,-33,2527,-3,15,NNW,25.714331,-80.284706,17.90,04/15/2024,01:12:04
595,-26,2519,-2,15,NNW,25.714331,-80.284706,18.00,04/15/2024,01:12:04
648,-42,2452,-3,15,NNW,25.714331,-80.284706,18.00,04/15/2024,01:12:04
634,-13,2459,-1,15,NNW,25.714333,-80.284706,18.00,04/15/2024,01:12:05
673,-3,2422,0,0,N,25.714333,-80.284706,18.10,04/15/2024,01:12:05
688,8,2395,0,0,N,25.714333,-80.284706,18.10,04/15/2024,01:12:05
709,1,2381,0,0,N,25.714333,-80.284706,18.10,04/15/2024,01:12:05
723,18,2355,1,0,N,25.714333,-80.284706,18.10,04/15/2024,01:12:05
748,4,2328,0,0,N,25.714336,-80.284706,18.10,04/15/2024,01:12:05
696,25,2392,2,0,N,25.714336,-80.284706,18.10,04/15/2024,01:12:05
684,17,2415,1,0,N,25.714338,-80.284706,18.10,04/15/2024,01:12:05
682,12,2410,1,0,N,25.714340,-80.284706,18.10,04/15/2024,01:12:05
742,-20,2336,-1,15,NNW,25.714340,-80.284706,17.90,04/15/2024,01:12:05
737,6,2378,0,0,N,25.714342,-80.284706,17.90,04/15/2024,01:12:06
755,4,2340,0,0,N,25.714342,-80.284706,17.90,04/15/2024,01:12:06
737,-26,2363,-2,15,NNW,25.714344,-80.284706,17.90,04/15/2024,01:12:06
733,-37,2400,-2,15,NNW,25.714344,-80.284706,17.80,04/15/2024,01:12:06
735,-52,2407,-4,15,NNW,25.714346,-80.284706,17.80,04/15/2024,01:12:06
749,0,2400,0,0,N,25.714346,-80.284706,17.80,04/15/2024,01:12:06
730,-13,2425,-1,15,NNW,25.714348,-80.284706,17.80,04/15/2024,01:12:06
755,14,2415,1,0,N,25.714348,-80.284706,17.70,04/15/2024,01:12:06
739,44,2433,3,0,N,25.714348,-80.284706,17.70,04/15/2024,01:12:06
696,51,2489,4,0,N,25.714348,-80.284706,17.80,04/15/2024,01:12:06
735,43,2474,3,0,N,25.714350,-80.284706,17.80,04/15/2024,01:12:07
727,14,2462,1,0,N,25.714350,-80.284706,18.00,04/15/2024,01:12:07
727,17,2474,1,0,N,25.714352,-80.284706,18.00,04/15/2024,01:12:07
714,-3,2492,0,0,N,25.714352,-80.284706,18.00,04/15/2024,01:12:07
684,-50,2512,-4,15,NNW,25.714354,-80.284706,18.00,04/15/2024,01:12:07
657,-67,2544,-5,15,NNW,25.714354,-80.284706,18.10,04/15/2024,01:12:07
657,-52,2519,-4,15,NNW,25.714354,-80.284706,18.10,04/15/2024,01:12:07
705,-7,2522,0,0,N,25.714354,-80.284706,18.10,04/15/2024,01:12:07
707,8,2477,0,0,N,25.714354,-80.284706,18.10,04/15/2024,01:12:07
696,36,2489,2,0,N,25.714354,-80.284706,18.10,04/15/2024,01:12:07
675,55,2512,4,0,N,25.714355,-80.284706,18.10,04/15/2024,01:12:07
662,72,2522,6,0,N,25.714355,-80.284706,18.20,04/15/2024,01:12:07
675,73,2522,6,0,N,25.714357,-80.284706,18.20,04/15/2024,01:12:08
688,67,2515,5,0,N,25.714357,-80.284706,18.20,04/15/2024,01:12:08
662,78,2534,6,0,N,25.714359,-80.284706,18.20,04/15/2024,01:12:08
682,78,2530,6,0,N,25.714359,-80.284706,18.20,04/15/2024,01:12:08
639,67,2564,5,0,N,25.714361,-80.284706,18.20,04/15/2024,01:12:08
611,53,2604,4,0,N,25.714361,-80.284706,18.30,04/15/2024,01:12:08
626,51,2619,4,0,N,25.714361,-80.284706,18.30,04/15/2024,01:12:08
632,78,2604,7,0,N,25.714361,-80.284706,18.40,04/15/2024,01:12:08
664,99,2594,8,0,N,25.714363,-80.284706,18.40,04/15/2024,01:12:08
634,111,2626,9,0,N,25.714363,-80.284706,18.30,04/15/2024,01:12:08
634,133,2611,11,0,N,25.714363,-80.284706,18.30,04/15/2024,01:12:09
639,150,2623,13,0,N,25.714363,-80.284706,18.40,04/15/2024,01:12:09
669,126,2601,10,0,N,25.714363,-80.284706,18.40,04/15/2024,01:12:09
654,113,2626,9,0,N,25.714363,-80.284706,18.50,04/15/2024,01:12:09
657,104,2616,8,0,N,25.714361,-80.284706,18.50,04/15/2024,01:12:09
648,80,2601,7,0,N,25.714361,-80.284706,18.50,04/15/2024,01:12:09
627,51,2623,4,0,N,25.714361,-80.284706,18.50,04/15/2024,01:12:09
619,43,2626,3,0,N,25.714361,-80.284706,18.50,04/15/2024,01:12:09
673,63,2586,5,0,N,25.714359,-80.284706,18.50,04/15/2024,01:12:09
657,80,2582,6,0,N,25.714357,-80.284706,18.50,04/15/2024,01:12:10
675,76,2515,6,0,N,25.714357,-80.284706,18.70,04/15/2024,01:12:10
666,111,2537,9,0,N,25.714357,-80.284706,18.70,04/15/2024,01:12:10
657,130,2534,11,0,N,25.714355,-80.284706,18.70,04/15/2024,01:12:10
636,113,2537,10,0,N,25.714354,-80.284706,18.70,04/15/2024,01:12:10
618,73,2564,6,0,N,25.714352,-80.284706,18.70,04/15/2024,01:12:10
636,67,2512,6,0,N,25.714352,-80.284706,18.80,04/15/2024,01:12:10
584,67,2574,6,0,N,25.714352,-80.284706,18.80,04/15/2024,01:12:10
593,63,2571,6,0,N,25.714352,-80.284706,18.80,04/15/2024,01:12:10
593,65,2579,6,0,N,25.714348,-80.284706,18.80,04/15/2024,01:12:11
600,86,2552,8,0,N,25.714348,-80.284706,18.80,04/15/2024,01:12:11
605,72,2567,6,0,N,25.714346,-80.284698,18.80,04/15/2024,01:12:11
602,51,2582,4,0,N,25.714346,-80.284698,18.90,04/15/2024,01:12:11
600,59,2589,5,0,N,25.714344,-80.284698,18.90,04/15/2024,01:12:11
587,61,2616,5,0,N,25.714344,-80.284698,18.90,04/15/2024,01:12:11
589,51,2611,4,0,N,25.714342,-80.284698,18.90,04/15/2024,01:12:11
609,10,2641,0,0,N,25.714342,-80.284698,19.00,04/15/2024,01:12:11
611,-9,2646,0,0,N,25.714340,-80.284698,19.00,04/15/2024,01:12:11
619,-18,2661,-1,15,NNW,25.714340,-80.284698,19.00,04/15/2024,01:12:11
632,-50,2676,-4,15,NNW,25.714338,-80.284698,19.00,04/15/2024,01:12:12
626,-103,2668,-9,15,NNW,25.714338,-80.284698,18.90,04/15/2024,01:12:12
712,-84,2582,-6,15,NNW,25.714336,-80.284698,18.90,04/15/2024,01:12:12
700,-92,2626,-7,15,NNW,25.714336,-80.284698,18.90,04/15/2024,01:12:12
712,-97,2597,-7,15,NNW,25.714334,-80.284698,18.90,04/15/2024,01:12:12
718,-75,2616,-5,15,NNW,25.714334,-80.284698,19.10,04/15/2024,01:12:12
709,-60,2604,-4,15,NNW,25.714331,-80.284698,19.10,04/15/2024,01:12:12
737,-75,2597,-5,15,NNW,25.714331,-80.284698,19.10,04/15/2024,01:12:12
755,-97,2579,-7,15,NNW,25.714331,-80.284698,19.10,04/15/2024,01:12:12
742,-121,2559,-9,15,NNW,25.714331,-80.284698,18.90,04/15/2024,01:12:12
731,-138,2541,-10,15,NNW,25.714327,-80.284698,18.90,04/15/2024,01:12:13
731,-149,2556,-11,15,NNW,25.714327,-80.284698,19.10,04/15/2024,01:12:13
725,-125,2541,-9,15,NNW,25.714327,-80.284698,19.10,04/15/2024,01:12:13
792,-75,2485,-5,15,NNW,25.714325,-80.284698,19.10,04/15/2024,01:12:13
782,-50,2497,-3,15,NNW,25.714325,-80.284698,19.10,04/15/2024,01:12:13
776,-33,2500,-2,15,NNW,25.714323,-80.284698,19.10,04/15/2024,01:12:13
772,-13,2500,0,0,N,25.714323,-80.284698,19.10,04/15/2024,01:12:13
757,0,2474,0,0,N,25.714321,-80.284698,19.10,04/15/2024,01:12:13
751,-12,2477,0,0,N,25.714321,-80.284698,19.30,04/15/2024,01:12:13
739,-24,2500,-1,15,NNW,25.714319,-80.284698,19.30,04/15/2024,01:12:13
768,-18,2425,-1,15,NNW,25.714319,-80.284698,19.30,04/15/2024,01:12:13
757,-43,2430,-3,15,NNW,25.714317,-80.284698,19.30,04/15/2024,01:12:14
748,-73,2407,-5,15,NNW,25.714317,-80.284698,19.40,04/15/2024,01:12:14
749,-67,2415,-5,15,NNW,25.714315,-80.284698,19.40,04/15/2024,01:12:14
778,-9,2355,0,0,N,25.714315,-80.284698,19.30,04/15/2024,01:12:14
760,-13,2351,0,0,N,25.714314,-80.284698,19.30,04/15/2024,01:12:14
751,18,2373,1,0,N,25.714314,-80.284698,19.50,04/15/2024,01:12:14
755,72,2370,5,0,N,25.714310,-80.284691,19.50,04/15/2024,01:12:14
769,126,2325,9,0,N,25.714310,-80.284691,19.60,04/15/2024,01:12:14
760,130,2303,9,0,N,25.714308,-80.284691,19.60,04/15/2024,01:12:14
727,93,2325,7,0,N,25.714308,-80.284691,19.70,04/15/2024,01:12:14
678,73,2351,6,0,N,25.714304,-80.284691,19.70,04/15/2024,01:12:15
650,65,2400,5,0,N,25.714304,-80.284691,19.70,04/15/2024,01:12:15
669,63,2388,5,0,N,25.714304,-80.284691,19.70,04/15/2024,01:12:15
654,51,2381,4,0,N,25.714304,-80.284691,19.70,04/15/2024,01:12:15
669,85,2378,7,0,N,25.714300,-80.284691,19.70,04/15/2024,01:12:15
682,116,2385,9,0,N,25.714300,-80.284691,19.90,04/15/2024,01:12:15
709,120,2392,9,0,N,25.714300,-80.284691,19.90,04/15/2024,01:12:15
696,141,2415,11,0,N,25.714300,-80.284691,19.90,04/15/2024,01:12:15
707,159,2425,12,0,N,25.714296,-80.284691,19.90,04/15/2024,01:12:16
718,156,2410,12,0,N,25.714296,-80.284691,19.80,04/15/2024,01:12:16
733,141,2378,10,0,N,25.714294,-80.284691,19.80,04/15/2024,01:12:16
766,139,2385,10,0,N,25.714294,-80.284691,19.70,04/15/2024,01:12:16
731,124,2437,9,0,N,25.714294,-80.284691,19.70,04/15/2024,01:12:16
735,122,2452,9,0,N,25.714294,-80.284691,19.70,04/15/2024,01:12:16
721,99,2448,7,0,N,25.714291,-80.284691,19.70,04/15/2024,01:12:16
730,99,2462,7,0,N,25.714291,-80.284691,19.70,04/15/2024,01:12:16
746,109,2433,8,0,N,25.714289,-80.284691,19.70,04/15/2024,01:12:16
737,160,2470,12,0,N,25.714289,-80.284691,19.80,04/15/2024,01:12:16
748,179,2462,13,0,N,25.714285,-80.284691,19.80,04/15/2024,01:12:17
714,198,2504,15,0,N,25.714285,-80.284691,19.90,04/15/2024,01:12:17
688,202,2515,16,0,N,25.714283,-80.284691,19.90,04/15/2024,01:12:17
684,196,2530,15,0,N,25.714283,-80.284691,19.90,04/15/2024,01:12:17
693,194,2552,15,0,N,25.714281,-80.284691,19.90,04/15/2024,01:12:17
688,192,2582,15,0,N,25.714281,-80.284691,19.80,04/15/2024,01:12:17
675,168,2589,13,0,N,25.714281,-80.284691,19.80,04/15/2024,01:12:17
652,146,2634,12,0,N,25.714281,-80.284691,19.70,04/15/2024,01:12:17
648,156,2631,13,0,N,25.714277,-80.284691,19.70,04/15/2024,01:12:17
684,177,2608,14,0,N,25.714277,-80.284691,19.70,04/15/2024,01:12:17
673,205,2653,16,0,N,25.714275,-80.284691,19.70,04/15/2024,01:12:18
709,264,2582,20,0,N,25.714275,-80.284691,19.80,04/15/2024,01:12:18
699,282,2579,21,0,N,25.714273,-80.284691,19.80,04/15/2024,01:12:18
688,274,2619,21,0,N,25.714273,-80.284691,19.90,04/15/2024,01:12:18
684,281,2631,22,0,N,25.714272,-80.284691,19.90,04/15/2024,01:12:18
693,253,2626,20,0,N,25.714272,-80.284691,20.00,04/15/2024,01:12:18
680,234,2656,18,0,N,25.714270,-80.284691,20.00,04/15/2024,01:12:18
687,221,2619,17,0,N,25.714270,-80.284691,20.00,04/15/2024,01:12:18
650,217,2690,18,0,N,25.714270,-80.284691,20.00,04/15/2024,01:12:18
657,223,2679,18,0,N,25.714266,-80.284691,20.00,04/15/2024,01:12:18
678,215,2664,17,0,N,25.714266,-80.284691,20.10,04/15/2024,01:12:18
699,214,2634,17,0,N,25.714264,-80.284691,20.10,04/15/2024,01:12:19
709,219,2604,17,0,N,25.714264,-80.284691,20.10,04/15/2024,01:12:19
714,245,2582,18,0,N,25.714262,-80.284691,20.10,04/15/2024,01:12:19
696,258,2601,20,0,N,25.714262,-80.284691,20.20,04/15/2024,01:12:19
684,272,2608,21,0,N,25.714260,-80.284691,20.20,04/15/2024,01:12:19
696,232,2608,18,0,N,25.714260,-80.284691,20.30,04/15/2024,01:12:19
687,192,2604,15,0,N,25.714256,-80.284691,20.30,04/15/2024,01:12:19
662,160,2649,13,0,N,25.714256,-80.284691,20.30,04/15/2024,01:12:19
666,160,2571,13,0,N,25.714254,-80.284691,20.30,04/15/2024,01:12:19
638,117,2653,10,0,N,25.714254,-80.284691,20.30,04/15/2024,01:12:19
621,106,2668,9,0,N,25.714252,-80.284691,20.30,04/15/2024,01:12:20
693,85,2559,6,0,N,25.714252,-80.284691,20.40,04/15/2024,01:12:20
696,93,2534,7,0,N,25.714249,-80.284691,20.40,04/15/2024,01:12:20
694,89,2537,7,0,N,25.714249,-80.284691,20.60,04/15/2024,01:12:20
684,104,2537,8,0,N,25.714247,-80.284691,20.60,04/15/2024,01:12:20
688,108,2537,8,0,N,25.714247,-80.284691,20.90,04/15/2024,01:12:20
666,95,2541,8,0,N,25.714245,-80.284691,20.90,04/15/2024,01:12:20
687,78,2527,6,0,N,25.714243,-80.284691,20.90,04/15/2024,01:12:20
696,30,2497,2,0,N,25.714243,-80.284691,20.80,04/15/2024,01:12:20
705,10,2482,0,0,N,25.714243,-80.284691,20.80,04/15/2024,01:12:20
694,-7,2485,0,0,N,25.714241,-80.284691,20.80,04/15/2024,01:12:21
673,-42,2507,-3,15,NNW,25.714239,-80.284683,20.80,04/15/2024,01:12:21
670,-52,2500,-4,15,NNW,25.714239,-80.284683,21.00,04/15/2024,01:12:21
739,-50,2418,-3,15,NNW,25.714239,-80.284683,21.00,04/15/2024,01:12:21
714,-58,2440,-4,15,NNW,25.714237,-80.284683,21.00,04/15/2024,01:12:21
737,-46,2440,-3,15,NNW,25.714235,-80.284683,21.00,04/15/2024,01:12:21
721,-35,2448,-2,15,NNW,25.714235,-80.284683,21.10,04/15/2024,01:12:21
714,-13,2440,-1,15,NNW,25.714233,-80.284683,21.10,04/15/2024,01:12:21
712,18,2425,1,0,N,25.714233,-80.284683,21.10,04/15/2024,01:12:21
699,-30,2452,-2,15,NNW,25.714233,-80.284683,21.10,04/15/2024,01:12:21
684,-33,2445,-2,15,NNW,25.714230,-80.284683,21.10,04/15/2024,01:12:22
700,-55,2410,-4,15,NNW,25.714230,-80.284691,21.10,04/15/2024,01:12:22
691,-67,2410,-5,15,NNW,25.714230,-80.284691,20.50,04/15/2024,01:12:22
687,-68,2422,-5,15,NNW,25.714228,-80.284691,20.50,04/15/2024,01:12:22
670,-50,2422,-4,15,NNW,25.714226,-80.284691,20.50,04/15/2024,01:12:22
725,-42,2336,-3,15,NNW,25.714226,-80.284691,20.50,04/15/2024,01:12:22
705,-33,2366,-2,15,NNW,25.714224,-80.284691,20.50,04/15/2024,01:12:22
723,-26,2328,-2,15,NNW,25.714224,-80.284691,20.70,04/15/2024,01:12:22
717,-5,2355,0,0,N,25.714220,-80.284691,20.70,04/15/2024,01:12:23
707,12,2325,0,0,N,25.714220,-80.284691,20.70,04/15/2024,01:12:23
727,23,2303,1,0,N,25.714218,-80.284691,20.70,04/15/2024,01:12:23
712,14,2306,1,0,N,25.714218,-80.284691,20.70,04/15/2024,01:12:23
714,30,2299,2,0,N,25.714216,-80.284683,20.70,04/15/2024,01:12:23
684,-16,2328,-1,15,NNW,25.714216,-80.284683,20.80,04/15/2024,01:12:23
675,-50,2336,-4,15,NNW,25.714214,-80.284683,20.80,04/15/2024,01:12:23
657,-54,2348,-4,15,NNW,25.714214,-80.284683,20.90,04/15/2024,01:12:23
675,-20,2328,-1,15,NNW,25.714212,-80.284683,20.90,04/15/2024,01:12:23
717,17,2276,1,0,N,25.714212,-80.284683,20.80,04/15/2024,01:12:23
723,137,2276,10,0,N,25.714209,-80.284683,20.80,04/15/2024,01:12:24
709,270,2261,20,0,N,25.714209,-80.284683,20.90,04/15/2024,01:12:24
693,337,2224,25,1,NNE,25.714207,-80.284683,20.90,04/15/2024,01:12:24
650,429,2243,33,1,NNE,25.714207,-80.284683,21.00,04/15/2024,01:12:24
618,475,2232,37,1,NNE,25.714207,-80.284683,21.00,04/15/2024,01:12:24
597,487,2224,39,1,NNE,25.714205,-80.284683,21.00,04/15/2024,01:12:24
583,517,2224,41,1,NNE,25.714205,-80.284683,21.00,04/15/2024,01:12:24
532,528,2239,44,1,NNE,25.714203,-80.284683,21.00,04/15/2024,01:12:24
542,559,2229,45,2,NE,25.714203,-80.284683,21.20,04/15/2024,01:12:24
520,552,2251,46,2,NE,25.714201,-80.284683,21.20,04/15/2024,01:12:24
511,544,2224,46,2,NE,25.714201,-80.284683,21.20,04/15/2024,01:12:24
522,557,2251,46,2,NE,25.714197,-80.284683,21.20,04/15/2024,01:12:25
497,576,2229,49,2,NE,25.714197,-80.284683,21.10,04/15/2024,01:12:25
479,605,2187,51,2,NE,25.714195,-80.284683,21.10,04/15/2024,01:12:25
420,686,2139,58,2,NE,25.714195,-80.284683,21.30,04/15/2024,01:12:25
433,656,2169,56,2,NE,25.714193,-80.284683,21.30,04/15/2024,01:12:25
479,587,2217,50,2,NE,25.714193,-80.284683,21.10,04/15/2024,01:12:25
493,559,2217,48,2,NE,25.714191,-80.284683,21.10,04/15/2024,01:12:25
452,580,2224,52,2,NE,25.714191,-80.284683,21.10,04/15/2024,01:12:25
479,612,2150,51,2,NE,25.714190,-80.284683,21.10,04/15/2024,01:12:25
475,603,2199,51,2,NE,25.714190,-80.284683,21.20,04/15/2024,01:12:25
527,570,2199,47,2,NE,25.714188,-80.284683,21.20,04/15/2024,01:12:26
484,570,2239,49,2,NE,25.714188,-80.284683,21.30,04/15/2024,01:12:26
493,550,2239,48,2,NE,25.714186,-80.284683,21.30,04/15/2024,01:12:26
520,548,2191,46,2,NE,25.714184,-80.284683,21.30,04/15/2024,01:12:26
557,522,2224,43,1,NNE,25.714184,-80.284683,21.50,04/15/2024,01:12:26
568,475,2194,39,1,NNE,25.714182,-80.284683,21.50,04/15/2024,01:12:26
597,411,2239,34,1,NNE,25.714180,-80.284683,21.50,04/15/2024,01:12:26
639,313,2261,26,1,NNE,25.714180,-80.284683,21.60,04/15/2024,01:12:26
657,209,2288,17,0,N,25.714178,-80.284683,21.60,04/15/2024,01:12:27
652,171,2296,14,0,N,25.714176,-80.284683,21.60,04/15/2024,01:12:27
669,156,2261,13,0,N,25.714176,-80.284683,21.70,04/15/2024,01:12:27
670,113,2266,9,0,N,25.714174,-80.284676,21.70,04/15/2024,01:12:27
684,117,2276,9,0,N,25.714174,-80.284676,21.70,04/15/2024,01:12:27
691,113,2239,9,0,N,25.714172,-80.284676,21.70,04/15/2024,01:12:27
684,104,2254,8,0,N,25.714170,-80.284676,21.70,04/15/2024,01:12:27
687,116,2276,9,0,N,25.714170,-80.284676,21.90,04/15/2024,01:12:27
670,99,2269,8,0,N,25.714167,-80.284676,21.90,04/15/2024,01:12:28
680,99,2269,8,0,N,25.714167,-80.284676,22.10,04/15/2024,01:12:28
682,99,2273,8,0,N,25.714165,-80.284676,22.10,04/15/2024,01:12:28
696,98,2269,8,0,N,25.714165,-80.284676,22.00,04/15/2024,01:12:28
691,102,2261,8,0,N,25.714165,-80.284676,22.00,04/15/2024,01:12:28
693,120,2296,9,0,N,25.714161,-80.284676,22.00,04/15/2024,01:12:28
703,159,2258,12,0,N,25.714161,-80.284676,22.20,04/15/2024,01:12:28
693,166,2209,13,0,N,25.714161,-80.284676,22.20,04/15/2024,01:12:28
700,152,2251,12,0,N,25.714161,-80.284676,22.30,04/15/2024,01:12:28
691,147,2239,12,0,N,25.714157,-80.284676,22.30,04/15/2024,01:12:29
675,137,2261,11,0,N,25.714157,-80.284676,22.40,04/15/2024,01:12:29
675,130,2269,10,0,N,25.714157,-80.284676,22.40,04/15/2024,01:12:29
666,108,2276,9,0,N,25.714155,-80.284676,22.40,04/15/2024,01:12:29
675,104,2281,8,0,N,25.714153,-80.284676,22.40,04/15/2024,01:12:29
707,120,2243,9,0,N,25.714153,-80.284676,22.40,04/15/2024,01:12:29
688,130,2254,10,0,N,25.714153,-80.284676,22.40,04/15/2024,01:12:29
684,147,2266,12,0,N,25.714153,-80.284676,22.50,04/15/2024,01:12:29
678,146,2266,12,0,N,25.714153,-80.284676,22.50,04/15/2024,01:12:29
675,133,2261,11,0,N,25.714153,-80.284676,22.50,04/15/2024,01:12:29
691,113,2261,9,0,N,25.714151,-80.284668,22.50,04/15/2024,01:12:29
691,51,2258,4,0,N,25.714151,-80.284668,22.50,04/15/2024,01:12:29
670,27,2284,2,0,N,25.714151,-80.284668,22.50,04/15/2024,01:12:30
660,-3,2284,0,0,N,25.714151,-80.284668,22.50,04/15/2024,01:12:30
669,-16,2266,-1,15,NNW,25.714149,-80.284668,22.50,04/15/2024,01:12:30
641,-55,2303,-4,15,NNW,25.714149,-80.284668,22.60,04/15/2024,01:12:30
669,-64,2258,-5,15,NNW,25.714149,-80.284668,22.60,04/15/2024,01:12:30
664,-62,2236,-5,15,NNW,25.714149,-80.284668,22.60,04/15/2024,01:12:30
660,-77,2243,-6,15,NNW,25.714149,-80.284668,22.60,04/15/2024,01:12:30
670,-103,2179,-8,15,NNW,25.714149,-80.284668,22.60,04/15/2024,01:12:30
639,-105,2224,-9,15,NNW,25.714149,-80.284668,22.60,04/15/2024,01:12:30
648,-116,2179,-10,15,NNW,25.714149,-80.284668,22.40,04/15/2024,01:12:30
641,-92,2194,-8,15,NNW,25.714148,-80.284668,22.40,04/15/2024,01:12:31
662,-50,2157,-4,15,NNW,25.714148,-80.284668,22.50,04/15/2024,01:12:31
662,-62,2161,-5,15,NNW,25.714148,-80.284668,22.50,04/15/2024,01:12:31
641,-106,2124,-9,15,NNW,25.714148,-80.284668,22.40,04/15/2024,01:12:31
645,-145,2105,-12,15,NNW,25.714148,-80.284660,22.40,04/15/2024,01:12:31
618,-165,2117,-14,15,NNW,25.714148,-80.284660,22.50,04/15/2024,01:12:31
630,-145,2083,-12,15,NNW,25.714148,-80.284660,22.50,04/15/2024,01:12:31
611,-79,2124,-7,15,NNW,25.714148,-80.284660,22.50,04/15/2024,01:12:31
619,-71,2124,-6,15,NNW,25.714148,-80.284660,22.60,04/15/2024,01:12:31
615,-86,2080,-7,15,NNW,25.714148,-80.284660,22.60,04/15/2024,01:12:32
591,-153,2087,-14,15,NNW,25.714148,-80.284660,22.70,04/15/2024,01:12:32
641,-142,2023,-12,15,NNW,25.714148,-80.284660,22.70,04/15/2024,01:12:32
634,-94,2060,-8,15,NNW,25.714148,-80.284653,22.70,04/15/2024,01:12:32
638,-98,2050,-8,15,NNW,25.714148,-80.284653,22.80,04/15/2024,01:12:32
626,-134,2060,-12,15,NNW,25.714148,-80.284653,22.80,04/15/2024,01:12:32
605,-178,2075,-16,15,NNW,25.714148,-80.284653,22.80,04/15/2024,01:12:32
563,-170,2135,-16,15,NNW,25.714148,-80.284653,22.80,04/15/2024,01:12:32
514,-170,2202,-18,15,NNW,25.714148,-80.284653,22.80,04/15/2024,01:12:33
508,-147,2221,-16,15,NNW,25.714148,-80.284653,22.80,04/15/2024,01:12:33
495,-115,2254,-13,15,NNW,25.714148,-80.284653,22.80,04/15/2024,01:12:33
511,-90,2254,-9,15,NNW,25.714148,-80.284653,22.80,04/15/2024,01:12:33
497,-58,2310,-6,15,NNW,25.714148,-80.284653,22.80,04/15/2024,01:12:33
524,-46,2284,-5,15,NNW,25.714148,-80.284653,22.80,04/15/2024,01:12:33
497,18,2333,2,0,N,25.714148,-80.284653,22.80,04/15/2024,01:12:33
509,43,2351,4,0,N,25.714148,-80.284653,22.90,04/15/2024,01:12:33
514,55,2343,6,0,N,25.714148,-80.284653,22.90,04/15/2024,01:12:34
511,44,2336,4,0,N,25.714148,-80.284653,22.90,04/15/2024,01:12:34
520,31,2351,3,0,N,25.714148,-80.284653,22.90,04/15/2024,01:12:34
514,1,2366,0,0,N,25.714148,-80.284653,22.80,04/15/2024,01:12:34
502,-18,2385,-2,15,NNW,25.714148,-80.284653,22.80,04/15/2024,01:12:34
491,-20,2400,-2,15,NNW,25.714148,-80.284653,22.80,04/15/2024,01:12:34
475,-58,2378,-6,15,NNW,25.714148,-80.284653,22.80,04/15/2024,01:12:34
473,-67,2370,-8,15,NNW,25.714148,-80.284653,22.80,04/15/2024,01:12:34
484,-86,2343,-10,15,NNW,25.714148,-80.284653,22.80,04/15/2024,01:12:34
497,-86,2321,-9,15,NNW,25.714148,-80.284653,22.90,04/15/2024,01:12:34
477,-97,2333,-11,15,NNW,25.714148,-80.284653,22.90,04/15/2024,01:12:35
497,-71,2313,-8,15,NNW,25.714148,-80.284653,23.00,04/15/2024,01:12:35
495,-46,2328,-5,15,NNW,25.714148,-80.284653,23.00,04/15/2024,01:12:35
489,-39,2333,-4,15,NNW,25.714148,-80.284653,23.10,04/15/2024,01:12:35
497,-88,2328,-10,15,NNW,25.714148,-80.284653,23.10,04/15/2024,01:12:35
493,-101,2340,-11,15,NNW,25.714148,-80.284653,23.10,04/15/2024,01:12:35
479,-149,2355,-17,15,NNW,25.714148,-80.284653,23.20,04/15/2024,01:12:35
471,-165,2355,-19,15,NNW,25.714148,-80.284653,23.20,04/15/2024,01:12:35
438,-165,2400,-20,15,NNW,25.714148,-80.284653,23.20,04/15/2024,01:12:35
424,-172,2422,-22,15,NNW,25.714148,-80.284653,23.20,04/15/2024,01:12:35
465,-178,2403,-20,15,NNW,25.714148,-80.284653,23.20,04/15/2024,01:12:35
506,-193,2358,-20,15,NNW,25.714148,-80.284653,23.20,04/15/2024,01:12:36
511,-196,2400,-20,15,NNW,25.714148,-80.284653,23.20,04/15/2024,01:12:36
563,-174,2378,-17,15,NNW,25.714148,-80.284653,23.20,04/15/2024,01:12:36
550,-142,2437,-14,15,NNW,25.714148,-80.284653,23.20,04/15/2024,01:12:36
557,-155,2433,-15,15,NNW,25.714148,-80.284645,23.20,04/15/2024,01:12:36
607,-178,2422,-16,15,NNW,25.714148,-80.284645,23.30,04/15/2024,01:12:36
607,-191,2385,-17,15,NNW,25.714148,-80.284645,23.30,04/15/2024,01:12:36
572,-227,2425,-21,15,NNW,25.714148,-80.284645,23.30,04/15/2024,01:12:36
552,-257,2440,-24,14,NW,25.714148,-80.284645,23.30,04/15/2024,01:12:36
518,-290,2467,-29,14,NW,25.714148,-80.284645,23.30,04/15/2024,01:12:36
503,-286,2455,-29,14,NW,25.714148,-80.284645,23.30,04/15/2024,01:12:37
536,-299,2433,-29,14,NW,25.714148,-80.284645,23.30,04/15/2024,01:12:37
546,-292,2430,-28,14,NW,25.714148,-80.284637,23.30,04/15/2024,01:12:37
561,-257,2448,-24,14,NW,25.714148,-80.284637,23.20,04/15/2024,01:12:37
546,-220,2489,-21,15,NNW,25.714148,-80.284637,23.20,04/15/2024,01:12:37
542,-228,2489,-22,15,NNW,25.714148,-80.284637,23.20,04/15/2024,01:12:37
561,-214,2507,-20,15,NNW,25.714148,-80.284637,23.00,04/15/2024,01:12:37
552,-245,2485,-23,14,NW,25.714148,-80.284637,23.00,04/15/2024,01:12:37
557,-218,2549,-21,15,NNW,25.714148,-80.284637,23.00,04/15/2024,01:12:38
506,-235,2571,-24,14,NW,25.714148,-80.284637,23.00,04/15/2024,01:12:38
495,-231,2597,-25,14,NW,25.714148,-80.284630,23.00,04/15/2024,01:12:38
489,-231,2611,-25,14,NW,25.714148,-80.284630,23.00,04/15/2024,01:12:38
524,-239,2604,-24,14,NW,25.714148,-80.284630,23.00,04/15/2024,01:12:38
550,-239,2611,-23,14,NW,25.714146,-80.284630,23.00,04/15/2024,01:12:38
581,-206,2631,-19,15,NNW,25.714146,-80.284630,23.00,04/15/2024,01:12:38
554,-170,2690,-17,15,NNW,25.714146,-80.284630,22.90,04/15/2024,01:12:38
540,-176,2693,-18,15,NNW,25.714144,-80.284630,22.90,04/15/2024,01:12:39
563,-165,2698,-16,15,NNW,25.714144,-80.284630,23.00,04/15/2024,01:12:39
575,-163,2708,-15,15,NNW,25.714142,-80.284630,23.00,04/15/2024,01:12:39
566,-172,2720,-16,15,NNW,25.714142,-80.284630,22.90,04/15/2024,01:12:39
550,-176,2738,-17,15,NNW,25.714140,-80.284622,22.90,04/15/2024,01:12:39
548,-210,2735,-20,15,NNW,25.714140,-80.284622,23.10,04/15/2024,01:12:39
508,-237,2757,-25,14,NW,25.714140,-80.284622,23.10,04/15/2024,01:12:39
529,-227,2735,-23,14,NW,25.714140,-80.284622,23.30,04/15/2024,01:12:39
583,-224,2686,-21,15,NNW,25.714138,-80.284622,23.30,04/15/2024,01:12:39
579,-233,2693,-21,15,NNW,25.714138,-80.284622,23.20,04/15/2024,01:12:39
595,-235,2690,-21,15,NNW,25.714136,-80.284622,23.20,04/15/2024,01:12:40
618,-193,2646,-17,15,NNW,25.714136,-80.284622,23.20,04/15/2024,01:12:40
618,-174,2683,-15,15,NNW,25.714136,-80.284622,23.20,04/15/2024,01:12:40
607,-158,2701,-14,15,NNW,25.714134,-80.284622,23.20,04/15/2024,01:12:40
595,-161,2708,-15,15,NNW,25.714132,-80.284622,23.20,04/15/2024,01:12:40
614,-187,2686,-16,15,NNW,25.714132,-80.284622,23.30,04/15/2024,01:12:40
597,-197,2676,-18,15,NNW,25.714130,-80.284622,23.30,04/15/2024,01:12:40
615,-172,2671,-15,15,NNW,25.714130,-80.284622,23.20,04/15/2024,01:12:40
607,-161,2708,-14,15,NNW,25.714130,-80.284622,23.20,04/15/2024,01:12:40
618,-125,2686,-11,15,NNW,25.714128,-80.284622,23.20,04/15/2024,01:12:40
634,-98,2690,-8,15,NNW,25.714128,-80.284622,23.50,04/15/2024,01:12:40
650,-103,2690,-9,15,NNW,25.714127,-80.284622,23.50,04/15/2024,01:12:41
632,-106,2686,-9,15,NNW,25.714127,-80.284622,23.30,04/15/2024,01:12:41
632,-128,2690,-11,15,NNW,25.714125,-80.284615,23.30,04/15/2024,01:12:41
626,-125,2679,-11,15,NNW,25.714125,-80.284615,23.30,04/15/2024,01:12:41
619,-119,2701,-10,15,NNW,25.714123,-80.284615,23.30,04/15/2024,01:12:41
619,-123,2686,-11,15,NNW,25.714123,-80.284615,23.40,04/15/2024,01:12:41
615,-125,2705,-11,15,NNW,25.714123,-80.284615,23.40,04/15/2024,01:12:41
615,-132,2671,-12,15,NNW,25.714121,-80.284615,23.40,04/15/2024,01:12:41
619,-134,2693,-12,15,NNW,25.714121,-80.284615,23.40,04/15/2024,01:12:41
627,-138,2690,-12,15,NNW,25.714117,-80.284615,23.40,04/15/2024,01:12:42
619,-125,2705,-11,15,NNW,25.714117,-80.284615,23.50,04/15/2024,01:12:42
627,-121,2698,-10,15,NNW,25.714117,-80.284615,23.50,04/15/2024,01:12:42
630,-121,2701,-10,15,NNW,25.714117,-80.284615,23.60,04/15/2024,01:12:42
615,-112,2713,-10,15,NNW,25.714115,-80.284615,23.60,04/15/2024,01:12:42
623,-108,2693,-9,15,NNW,25.714115,-80.284615,23.70,04/15/2024,01:12:42
630,-125,2701,-11,15,NNW,25.714111,-80.284615,23.70,04/15/2024,01:12:42
626,-132,2690,-11,15,NNW,25.714111,-80.284615,23.50,04/15/2024,01:12:42
623,-134,2701,-12,15,NNW,25.714111,-80.284615,23.50,04/15/2024,01:12:42
615,-158,2693,-14,15,NNW,25.714108,-80.284615,23.50,04/15/2024,01:12:43
609,-155,2701,-14,15,NNW,25.714108,-80.284615,23.50,04/15/2024,01:12:43
623,-172,2676,-15,15,NNW,25.714108,-80.284615,23.50,04/15/2024,01:12:43
619,-183,2690,-16,15,NNW,25.714104,-80.284615,23.50,04/15/2024,01:12:43
627,-174,2676,-15,15,NNW,25.714104,-80.284615,23.50,04/15/2024,01:12:43
623,-172,2671,-15,15,NNW,25.714102,-80.284615,23.50,04/15/2024,01:12:43
636,-165,2668,-14,15,NNW,25.714102,-80.284615,23.60,04/15/2024,01:12:43
627,-165,2671,-14,15,NNW,25.714102,-80.284615,23.60,04/15/2024,01:12:43
626,-165,2668,-14,15,NNW,25.714100,-80.284615,23.60,04/15/2024,01:12:44
627,-174,2671,-15,15,NNW,25.714100,-80.284615,23.70,04/15/2024,01:12:44
623,-174,2683,-15,15,NNW,25.714098,-80.284615,23.70,04/15/2024,01:12:44
609,-180,2698,-16,15,NNW,25.714098,-80.284615,23.70,04/15/2024,01:12:44
611,-193,2676,-17,15,NNW,25.714096,-80.284615,23.70,04/15/2024,01:12:44
609,-191,2679,-17,15,NNW,25.714096,-80.284615,23.80,04/15/2024,01:12:44
597,-193,2676,-17,15,NNW,25.714094,-80.284615,23.80,04/15/2024,01:12:44
615,-189,2664,-17,15,NNW,25.714094,-80.284615,23.80,04/15/2024,01:12:44
615,-187,2679,-16,15,NNW,25.714094,-80.284615,23.80,04/15/2024,01:12:45
602,-191,2676,-17,15,NNW,25.714094,-80.284615,23.80,04/15/2024,01:12:45
605,-196,2661,-17,15,NNW,25.714092,-80.284615,23.80,04/15/2024,01:12:45
614,-210,2690,-18,15,NNW,25.714092,-80.284615,23.80,04/15/2024,01:12:45
602,-189,2679,-17,15,NNW,25.714090,-80.284615,23.80,04/15/2024,01:12:45
607,-193,2690,-17,15,NNW,25.714090,-80.284615,23.80,04/15/2024,01:12:45
611,-189,2679,-17,15,NNW,25.714090,-80.284615,23.90,04/15/2024,01:12:45
614,-191,2679,-17,15,NNW,25.714088,-80.284607,23.90,04/15/2024,01:12:45
595,-200,2690,-18,15,NNW,25.714088,-80.284607,24.00,04/15/2024,01:12:45
607,-178,2686,-16,15,NNW,25.714088,-80.284607,24.00,04/15/2024,01:12:46
595,-184,2698,-17,15,NNW,25.714088,-80.284607,24.00,04/15/2024,01:12:46
591,-202,2686,-18,15,NNW,25.714088,-80.284607,24.00,04/15/2024,01:12:46
601,-187,2668,-17,15,NNW,25.714088,-80.284607,24.00,04/15/2024,01:12:46
595,-196,2661,-18,15,NNW,25.714088,-80.284607,24.00,04/15/2024,01:12:46
589,-206,2690,-19,15,NNW,25.714088,-80.284607,24.00,04/15/2024,01:12:46
589,-204,2708,-19,15,NNW,25.714088,-80.284607,24.00,04/15/2024,01:12:46
591,-210,2671,-19,15,NNW,25.714088,-80.284607,23.90,04/15/2024,01:12:46
595,-213,2705,-19,15,NNW,25.714087,-80.284607,23.90,04/15/2024,01:12:46
581,-215,2690,-20,15,NNW,25.714087,-80.284607,24.00,04/15/2024,01:12:46
584,-208,2705,-19,15,NNW,25.714087,-80.284607,24.00,04/15/2024,01:12:46
571,-202,2693,-19,15,NNW,25.714087,-80.284607,23.90,04/15/2024,01:12:46
583,-206,2698,-19,15,NNW,25.714087,-80.284615,23.90,04/15/2024,01:12:47
564,-206,2731,-20,15,NNW,25.714087,-80.284615,23.90,04/15/2024,01:12:47
502,-228,2746,-24,14,NW,25.714087,-80.284615,23.80,04/15/2024,01:12:47
502,-248,2757,-26,14,NW,25.714087,-80.284615,23.80,04/15/2024,01:12:47
499,-239,2753,-25,14,NW,25.714087,-80.284615,23.70,04/15/2024,01:12:47
509,-252,2743,-26,14,NW,25.714087,-80.284615,23.70,04/15/2024,01:12:47
493,-237,2735,-25,14,NW,25.714087,-80.284615,23.60,04/15/2024,01:12:47
499,-245,2750,-26,14,NW,25.714085,-80.284615,23.60,04/15/2024,01:12:47
502,-241,2735,-25,14,NW,25.714085,-80.284615,23.50,04/15/2024,01:12:47
509,-245,2735,-25,14,NW,25.714085,-80.284615,23.50,04/15/2024,01:12:48
511,-248,2753,-25,14,NW,25.714085,-80.284615,23.30,04/15/2024,01:12:48
514,-250,2746,-25,14,NW,25.714085,-80.284615,23.30,04/15/2024,01:12:48
506,-241,2735,-25,14,NW,25.714085,-80.284615,23.10,04/15/2024,01:12:48
508,-248,2728,-26,14,NW,25.714085,-80.284615,23.10,04/15/2024,01:12:48
506,-250,2731,-26,14,NW,25.714085,-80.284615,23.10,04/15/2024,01:12:48
471,-286,2743,-31,14,NW,25.714085,-80.284615,23.00,04/15/2024,01:12:48
434,-309,2728,-35,14,NW,25.714085,-80.284615,23.00,04/15/2024,01:12:48
442,-316,2753,-35,14,NW,25.714085,-80.284615,23.00,04/15/2024,01:12:49
447,-316,2723,-35,14,NW,25.714085,-80.284615,22.90,04/15/2024,01:12:49
451,-318,2757,-35,14,NW,25.714085,-80.284615,22.90,04/15/2024,01:12:49
449,-309,2723,-34,14,NW,25.714085,-80.284615,22.90,04/15/2024,01:12:49
442,-318,2743,-35,14,NW,25.714085,-80.284615,22.90,04/15/2024,01:12:49
456,-313,2743,-34,14,NW,25.714085,-80.284615,22.90,04/15/2024,01:12:49
449,-313,2731,-34,14,NW,25.714085,-80.284615,22.90,04/15/2024,01:12:49
452,-313,2750,-34,14,NW,25.714085,-80.284615,22.90,04/15/2024,01:12:50
449,-313,2738,-34,14,NW,25.714085,-80.284615,22.90,04/15/2024,01:12:50
449,-303,2728,-34,14,NW,25.714085,-80.284615,22.90,04/15/2024,01:12:50
452,-312,2753,-34,14,NW,25.714085,-80.284615,22.90,04/15/2024,01:12:50
449,-305,2738,-34,14,NW,25.714085,-80.284615,22.90,04/15/2024,01:12:50
442,-312,2760,-35,14,NW,25.714085,-80.284615,22.90,04/15/2024,01:12:50
426,-312,2746,-36,14,NW,25.714085,-80.284615,22.90,04/15/2024,01:12:50
433,-325,2753,-36,14,NW,25.714085,-80.284615,22.90,04/15/2024,01:12:50
434,-322,2760,-36,14,NW,25.714085,-80.284615,22.90,04/15/2024,01:12:50
447,-312,2743,-34,14,NW,25.714085,-80.284615,22.80,04/15/2024,01:12:50
477,-307,2738,-32,14,NW,25.714085,-80.284615,22.80,04/15/2024,01:12:51
481,-286,2723,-30,14,NW,25.714085,-80.284615,22.80,04/15/2024,01:12:51
493,-288,2723,-30,14,NW,25.714085,-80.284615,22.80,04/15/2024,01:12:51
497,-283,2728,-29,14,NW,25.714085,-80.284615,22.80,04/15/2024,01:12:51
495,-270,2735,-28,14,NW,25.714085,-80.284615,22.80,04/15/2024,01:12:51
489,-258,2735,-27,14,NW,25.714085,-80.284615,22.70,04/15/2024,01:12:51
509,-258,2760,-26,14,NW,25.714085,-80.284615,22.70,04/15/2024,01:12:51
508,-252,2735,-26,14,NW,25.714085,-80.284615,22.70,04/15/2024,01:12:51
503,-258,2728,-27,14,NW,25.714085,-80.284615,22.70,04/15/2024,01:12:51
502,-254,2735,-26,14,NW,25.714085,-80.284615,22.70,04/15/2024,01:12:51
503,-252,2746,-26,14,NW,25.714085,-80.284615,22.70,04/15/2024,01:12:51
503,-248,2731,-26,14,NW,25.714085,-80.284615,22.70,04/15/2024,01:12:52
497,-252,2746,-26,14,NW,25.714085,-80.284615,22.70,04/15/2024,01:12:52
502,-235,2743,-25,14,NW,25.714085,-80.284615,22.70,04/15/2024,01:12:52
499,-231,2746,-24,14,NW,25.714085,-80.284615,22.60,04/15/2024,01:12:52
499,-241,2743,-25,14,NW,25.714083,-80.284615,22.60,04/15/2024,01:12:52
503,-239,2746,-25,14,NW,25.714083,-80.284615,22.60,04/15/2024,01:12:52
497,-228,2753,-24,14,NW,25.714083,-80.284615,22.60,04/15/2024,01:12:52
502,-233,2757,-24,14,NW,25.714083,-80.284615,22.60,04/15/2024,01:12:52
514,-231,2738,-24,14,NW,25.714083,-80.284615,22.60,04/15/2024,01:12:52
503,-241,2731,-25,14,NW,25.714083,-80.284615,22.60,04/15/2024,01:12:52
509,-228,2746,-24,14,NW,25.714083,-80.284615,22.60,04/15/2024,01:12:53
522,-231,2743,-23,14,NW,25.714083,-80.284615,22.60,04/15/2024,01:12:53
518,-213,2750,-22,15,NNW,25.714083,-80.284615,22.60,04/15/2024,01:12:53
511,-222,2746,-23,14,NW,25.714083,-80.284615,22.60,04/15/2024,01:12:53
508,-183,2760,-19,15,NNW,25.714083,-80.284615,22.60,04/15/2024,01:12:53
484,-178,2780,-20,15,NNW,25.714083,-80.284615,22.60,04/15/2024,01:12:53
491,-161,2780,-18,15,NNW,25.714085,-80.284615,22.60,04/15/2024,01:12:53
497,-170,2802,-18,15,NNW,25.714085,-80.284615,22.70,04/15/2024,01:12:53
491,-153,2802,-17,15,NNW,25.714085,-80.284615,22.70,04/15/2024,01:12:53
489,-147,2805,-16,15,NNW,25.714083,-80.284615,22.70,04/15/2024,01:12:54
491,-153,2775,-17,15,NNW,25.714083,-80.284615,22.70,04/15/2024,01:12:54
497,-147,2805,-16,15,NNW,25.714083,-80.284615,22.70,04/15/2024,01:12:54
493,-141,2787,-15,15,NNW,25.714085,-80.284615,22.70,04/15/2024,01:12:54
493,-141,2813,-15,15,NNW,25.714085,-80.284615,22.70,04/15/2024,01:12:54
488,-153,2805,-17,15,NNW,25.714085,-80.284615,22.70,04/15/2024,01:12:54
502,-142,2813,-15,15,NNW,25.714085,-80.284615,22.80,04/15/2024,01:12:54
489,-142,2790,-16,15,NNW,25.714085,-80.284615,22.80,04/15/2024,01:12:54
493,-149,2798,-16,15,NNW,25.714085,-80.284615,22.80,04/15/2024,01:12:54
493,-138,2795,-15,15,NNW,25.714085,-80.284615,22.80,04/15/2024,01:12:55
497,-138,2795,-15,15,NNW,25.714085,-80.284615,22.80,04/15/2024,01:12:55
484,-132,2790,-15,15,NNW,25.714085,-80.284615,22.80,04/15/2024,01:12:55
497,-129,2798,-14,15,NNW,25.714085,-80.284615,22.80,04/15/2024,01:12:55
493,-134,2810,-15,15,NNW,25.714085,-80.284615,22.80,04/15/2024,01:12:55
506,-132,2795,-14,15,NNW,25.714085,-80.284615,22.80,04/15/2024,01:12:55
488,-128,2802,-14,15,NNW,25.714085,-80.284615,22.80,04/15/2024,01:12:55
502,-132,2798,-14,15,NNW,25.714085,-80.284615,22.80,04/15/2024,01:12:55
497,-141,2790,-15,15,NNW,25.714085,-80.284615,22.80,04/15/2024,01:12:56
502,-136,2802,-15,15,NNW,25.714085,-80.284615,22.70,04/15/2024,01:12:56
497,-141,2783,-15,15,NNW,25.714085,-80.284615,22.70,04/15/2024,01:12:56
514,-145,2787,-15,15,NNW,25.714085,-80.284615,22.80,04/15/2024,01:12:56
520,-153,2772,-16,15,NNW,25.714085,-80.284615,22.80,04/15/2024,01:12:56
529,-161,2768,-16,15,NNW,25.714085,-80.284615,22.80,04/15/2024,01:12:56
542,-174,2731,-17,15,NNW,25.714085,-80.284615,22.80,04/15/2024,01:12:56
548,-184,2738,-18,15,NNW,25.714085,-80.284615,22.70,04/15/2024,01:12:56
572,-184,2713,-17,15,NNW,25.714085,-80.284615,22.70,04/15/2024,01:12:56
554,-178,2735,-17,15,NNW,25.714085,-80.284615,22.70,04/15/2024,01:12:57
554,-187,2720,-18,15,NNW,25.714085,-80.284615,22.80,04/15/2024,01:12:57
550,-183,2743,-18,15,NNW,25.714085,-80.284615,22.80,04/15/2024,01:12:57
518,-178,2772,-18,15,NNW,25.714085,-80.284615,22.80,04/15/2024,01:12:57
536,-158,2746,-16,15,NNW,25.714085,-80.284615,22.80,04/15/2024,01:12:57
542,-161,2772,-16,15,NNW,25.714085,-80.284615,22.90,04/15/2024,01:12:57
546,-161,2738,-16,15,NNW,25.714085,-80.284615,22.90,04/15/2024,01:12:57
559,-158,2750,-15,15,NNW,25.714085,-80.284615,23.00,04/15/2024,01:12:57
566,-163,2743,-16,15,NNW,25.714085,-80.284615,23.00,04/15/2024,01:12:57
559,-158,2731,-15,15,NNW,25.714085,-80.284615,23.00,04/15/2024,01:12:57
564,-167,2713,-16,15,NNW,25.714085,-80.284615,23.00,04/15/2024,01:12:57
577,-161,2746,-15,15,NNW,25.714085,-80.284615,23.00,04/15/2024,01:12:57
579,-155,2735,-14,15,NNW,25.714085,-80.284615,23.00,04/15/2024,01:12:58
566,-161,2735,-15,15,NNW,25.714085,-80.284615,23.00,04/15/2024,01:12:58
571,-172,2738,-16,15,NNW,25.714085,-80.284615,23.00,04/15/2024,01:12:58
571,-158,2765,-15,15,NNW,25.714085,-80.284615,23.00,04/15/2024,01:12:58
559,-158,2738,-15,15,NNW,25.714083,-80.284615,23.00,04/15/2024,01:12:58
561,-147,2731,-14,15,NNW,25.714083,-80.284615,23.10,04/15/2024,01:12:58
552,-158,2746,-15,15,NNW,25.714083,-80.284615,23.10,04/15/2024,01:12:58
568,-159,2738,-15,15,NNW,25.714083,-80.284615,23.10,04/15/2024,01:12:58
548,-165,2738,-16,15,NNW,25.714083,-80.284615,23.10,04/15/2024,01:12:58
563,-167,2735,-16,15,NNW,25.714083,-80.284615,23.10,04/15/2024,01:12:59
568,-172,2750,-16,15,NNW,25.714083,-80.284615,23.10,04/15/2024,01:12:59
566,-170,2723,-16,15,NNW,25.714083,-80.284615,23.10,04/15/2024,01:12:59
566,-163,2720,-16,15,NNW,25.714083,-80.284615,23.10,04/15/2024,01:12:59
581,-155,2746,-14,15,NNW,25.714083,-80.284615,23.10,04/15/2024,01:12:59
566,-153,2728,-15,15,NNW,25.714083,-80.284615,23.10,04/15/2024,01:12:59
572,-141,2735,-13,15,NNW,25.714083,-80.284615,23.10,04/15/2024,01:12:59
575,-141,2738,-13,15,NNW,25.714083,-80.284615,23.10,04/15/2024,01:13:00
571,-134,2753,-13,15,NNW,25.714083,-80.284615,23.10,04/15/2024,01:13:00
568,-129,2753,-12,15,NNW,25.714083,-80.284615,23.10,04/15/2024,01:13:00
564,-121,2780,-12,15,NNW,25.714083,-80.284615,23.20,04/15/2024,01:13:00
563,-123,2757,-12,15,NNW,25.714083,-80.284615,23.20,04/15/2024,01:13:00
566,-98,2746,-9,15,NNW,25.714083,-80.284615,23.20,04/15/2024,01:13:00
563,-101,2743,-10,15,NNW,25.714083,-80.284615,23.30,04/15/2024,01:13:00
584,-84,2753,-8,15,NNW,25.714083,-80.284615,23.30,04/15/2024,01:13:00
583,-79,2743,-7,15,NNW,25.714083,-80.284615,23.40,04/15/2024,01:13:00
587,-84,2750,-8,15,NNW,25.714083,-80.284615,23.40,04/15/2024,01:13:01
584,-77,2750,-7,15,NNW,25.714083,-80.284615,23.40,04/15/2024,01:13:01
581,-81,2750,-7,15,NNW,25.714083,-80.284615,23.40,04/15/2024,01:13:01
579,-81,2735,-7,15,NNW,25.714083,-80.284615,23.40,04/15/2024,01:13:01
593,-90,2746,-8,15,NNW,25.714083,-80.284615,23.40,04/15/2024,01:13:01
587,-79,2750,-7,15,NNW,25.714083,-80.284615,23.50,04/15/2024,01:13:01
577,-84,2746,-8,15,NNW,25.714083,-80.284615,23.50,04/15/2024,01:13:01
575,-81,2768,-8,15,NNW,25.714083,-80.284615,23.40,04/15/2024,01:13:01
584,-86,2765,-8,15,NNW,25.714083,-80.284615,23.40,04/15/2024,01:13:01
572,-86,2753,-8,15,NNW,25.714083,-80.284615,23.50,04/15/2024,01:13:01
536,-39,2798,-4,15,NNW,25.714083,-80.284615,23.50,04/15/2024,01:13:02
508,-43,2810,-4,15,NNW,25.714083,-80.284615,23.50,04/15/2024,01:13:02
518,-37,2847,-4,15,NNW,25.714083,-80.284615,23.50,04/15/2024,01:13:02
546,-33,2802,-3,15,NNW,25.714083,-80.284615,23.50,04/15/2024,01:13:02
563,-24,2768,-2,15,NNW,25.714083,-80.284615,23.50,04/15/2024,01:13:02
566,-24,2783,-2,15,NNW,25.714083,-80.284615,23.50,04/15/2024,01:13:02
564,-29,2798,-2,15,NNW,25.714083,-80.284615,23.50,04/15/2024,01:13:02
561,-37,2775,-3,15,NNW,25.714083,-80.284615,23.50,04/15/2024,01:13:02
566,-30,2775,-3,15,NNW,25.714083,-80.284615,23.50,04/15/2024,01:13:02
563,-26,2772,-2,15,NNW,25.714083,-80.284615,23.60,04/15/2024,01:13:02
563,-13,2772,-1,15,NNW,25.714083,-80.284615,23.60,04/15/2024,01:13:02
559,-22,2783,-2,15,NNW,25.714083,-80.284615,23.50,04/15/2024,01:13:02
559,-13,2795,-1,15,NNW,25.714083,-80.284615,23.50,04/15/2024,01:13:03
564,-13,2775,-1,15,NNW,25.714083,-80.284615,23.50,04/15/2024,01:13:03
568,1,2775,0,0,N,25.714083,-80.284615,23.50,04/15/2024,01:13:03
561,0,2780,0,0,N,25.714083,-80.284615,23.60,04/15/2024,01:13:03
575,1,2772,0,0,N,25.714083,-80.284615,23.60,04/15/2024,01:13:03
577,-7,2765,0,0,N,25.714083,-80.284615,23.60,04/15/2024,01:13:03
572,-7,2775,0,0,N,25.714083,-80.284615,23.60,04/15/2024,01:13:03
581,1,2768,0,0,N,25.714083,-80.284615,23.60,04/15/2024,01:13:03
577,4,2772,0,0,N,25.714083,-80.284615,23.60,04/15/2024,01:13:03
579,-5,2780,0,0,N,25.714083,-80.284615,23.60,04/15/2024,01:13:03
572,6,2768,0,0,N,25.714083,-80.284615,23.60,04/15/2024,01:13:04
564,14,2783,1,0,N,25.714083,-80.284615,23.50,04/15/2024,01:13:04
566,12,2780,1,0,N,25.714083,-80.284615,23.50,04/15/2024,01:13:04
568,23,2798,2,0,N,25.714083,-80.284615,23.60,04/15/2024,01:13:04
571,25,2780,2,0,N,25.714083,-80.284615,23.60,04/15/2024,01:13:04
568,31,2768,3,0,N,25.714083,-80.284615,23.50,04/15/2024,01:13:04
557,30,2780,3,0,N,25.714083,-80.284615,23.50,04/15/2024,01:13:04
552,38,2820,3,0,N,25.714083,-80.284615,23.50,04/15/2024,01:13:04
545,12,2817,1,0,N,25.714083,-80.284615,23.50,04/15/2024,01:13:05
538,53,2820,5,0,N,25.714083,-80.284615,23.60,04/15/2024,01:13:05
532,47,2825,5,0,N,25.714083,-80.284615,23.60,04/15/2024,01:13:05
561,56,2775,5,0,N,25.714083,-80.284615,23.60,04/15/2024,01:13:05
561,44,2787,4,0,N,25.714081,-80.284615,23.60,04/15/2024,01:13:05
546,31,2802,3,0,N,25.714081,-80.284615,23.60,04/15/2024,01:13:05
548,47,2768,4,0,N,25.714081,-80.284615,23.60,04/15/2024,01:13:05
554,30,2783,3,0,N,25.714081,-80.284615,23.60,04/15/2024,01:13:05
561,-26,2757,-2,15,NNW,25.714081,-80.284615,23.60,04/15/2024,01:13:05
536,-60,2775,-6,15,NNW,25.714081,-80.284615,23.60,04/15/2024,01:13:05
536,-60,2750,-6,15,NNW,25.714081,-80.284615,23.60,04/15/2024,01:13:06
542,-77,2750,-8,15,NNW,25.714081,-80.284615,23.50,04/15/2024,01:13:06
522,-105,2757,-11,15,NNW,25.714081,-80.284615,23.50,04/15/2024,01:13:06
557,-79,2728,-8,15,NNW,25.714081,-80.284615,23.50,04/15/2024,01:13:06
571,-112,2713,-11,15,NNW,25.714081,-80.284622,23.50,04/15/2024,01:13:06
579,-145,2683,-14,15,NNW,25.714081,-80.284622,23.50,04/15/2024,01:13:06
636,-180,2608,-15,15,NNW,25.714081,-80.284622,23.50,04/15/2024,01:13:06
611,-265,2597,-23,14,NW,25.714081,-80.284622,23.50,04/15/2024,01:13:06
618,-347,2527,-29,14,NW,25.714081,-80.284622,23.50,04/15/2024,01:13:06
611,-362,2504,-30,14,NW,25.714081,-80.284622,23.50,04/15/2024,01:13:06
587,-360,2541,-31,14,NW,25.714081,-80.284622,23.50,04/15/2024,01:13:07
572,-351,2574,-31,14,NW,25.714081,-80.284622,23.50,04/15/2024,01:13:07
548,-327,2597,-30,14,NW,25.714081,-80.284622,23.50,04/15/2024,01:13:07
600,-340,2549,-29,14,NW,25.714081,-80.284622,23.50,04/15/2024,01:13:07
583,-305,2571,-27,14,NW,25.714081,-80.284622,23.50,04/15/2024,01:13:07
564,-250,2604,-23,14,NW,25.714081,-80.284622,23.40,04/15/2024,01:13:07
563,-187,2656,-18,15,NNW,25.714081,-80.284622,23.40,04/15/2024,01:13:07
566,-158,2646,-15,15,NNW,25.714081,-80.284622,23.30,04/15/2024,01:13:07
621,-159,2589,-14,15,NNW,25.714081,-80.284622,23.30,04/15/2024,01:13:07
644,-165,2559,-14,15,NNW,25.714081,-80.284622,23.30,04/15/2024,01:13:07
636,-224,2522,-19,15,NNW,25.714081,-80.284622,23.30,04/15/2024,01:13:07
669,-184,2489,-15,15,NNW,25.714081,-80.284622,23.30,04/15/2024,01:13:08
669,-153,2507,-12,15,NNW,25.714081,-80.284622,23.30,04/15/2024,01:13:08
680,-136,2515,-11,15,NNW,25.714081,-80.284622,23.30,04/15/2024,01:13:08
696,-138,2482,-11,15,NNW,25.714081,-80.284622,23.20,04/15/2024,01:13:08
693,-134,2452,-10,15,NNW,25.714081,-80.284622,23.20,04/15/2024,01:13:08
703,-103,2462,-8,15,NNW,25.714081,-80.284622,23.30,04/15/2024,01:13:08
714,-18,2455,-1,15,NNW,25.714081,-80.284622,23.30,04/15/2024,01:13:08
709,27,2433,2,0,N,25.714081,-80.284622,23.30,04/15/2024,01:13:08
707,34,2448,2,0,N,25.714081,-80.284622,23.30,04/15/2024,01:13:08
699,17,2462,1,0,N,25.714081,-80.284622,23.30,04/15/2024,01:13:08
678,0,2489,0,0,N,25.714081,-80.284622,23.30,04/15/2024,01:13:09
627,-35,2507,-3,15,NNW,25.714081,-80.284622,23.30,04/15/2024,01:13:09
652,10,2515,0,0,N,25.714081,-80.284622,23.30,04/15/2024,01:13:09
639,21,2537,1,0,N,25.714081,-80.284622,23.30,04/15/2024,01:13:09
627,51,2522,4,0,N,25.714081,-80.284622,23.30,04/15/2024,01:13:09
605,21,2552,1,0,N,25.714081,-80.284622,23.20,04/15/2024,01:13:09
572,-39,2564,-3,15,NNW,25.714081,-80.284622,23.20,04/15/2024,01:13:09
591,-35,2579,-3,15,NNW,25.714081,-80.284622,23.20,04/15/2024,01:13:09
607,6,2589,0,0,N,25.714081,-80.284622,23.20,04/15/2024,01:13:10
597,23,2582,2,0,N,25.714081,-80.284622,23.30,04/15/2024,01:13:10
627,17,2556,1,0,N,25.714081,-80.284622,23.30,04/15/2024,01:13:10
657,-12,2564,-1,15,NNW,25.714081,-80.284622,23.30,04/15/2024,01:13:10
645,-30,2571,-2,15,NNW,25.714081,-80.284622,23.30,04/15/2024,01:13:10
641,-58,2571,-5,15,NNW,25.714081,-80.284622,23.30,04/15/2024,01:13:10
657,-16,2579,-1,15,NNW,25.714081,-80.284622,23.30,04/15/2024,01:13:10
660,-3,2549,0,0,N,25.714081,-80.284622,23.30,04/15/2024,01:13:10
678,-3,2515,0,0,N,25.714081,-80.284622,23.30,04/15/2024,01:13:10
693,-22,2492,-1,15,NNW,25.714081,-80.284622,23.30,04/15/2024,01:13:10
705,-43,2462,-3,15,NNW,25.714079,-80.284622,23.30,04/15/2024,01:13:11
705,-26,2452,-2,15,NNW,25.714079,-80.284622,23.20,04/15/2024,01:13:11
721,67,2433,5,0,N,25.714079,-80.284622,23.20,04/15/2024,01:13:11
730,116,2378,9,0,N,25.714079,-80.284622,23.20,04/15/2024,01:13:11
730,129,2388,10,0,N,25.714079,-80.284622,23.20,04/15/2024,01:13:11
714,133,2363,10,0,N,25.714079,-80.284622,23.20,04/15/2024,01:13:11
694,133,2385,10,0,N,25.714079,-80.284622,23.20,04/15/2024,01:13:11
657,146,2455,12,0,N,25.714079,-80.284622,23.20,04/15/2024,01:13:11
654,177,2470,15,0,N,25.714079,-80.284622,23.20,04/15/2024,01:13:11
638,194,2497,16,0,N,25.714077,-80.284615,23.20,04/15/2024,01:13:11
654,190,2497,16,0,N,25.714077,-80.284615,23.20,04/15/2024,01:13:11
664,179,2522,15,0,N,25.714077,-80.284615,23.20,04/15/2024,01:13:12
657,154,2559,13,0,N,25.714077,-80.284615,23.30,04/15/2024,01:13:12
641,129,2597,11,0,N,25.714077,-80.284615,23.30,04/15/2024,01:13:12
644,166,2634,14,0,N,25.714077,-80.284615,23.20,04/15/2024,01:13:12
684,175,2653,14,0,N,25.714077,-80.284615,23.20,04/15/2024,01:13:12
691,120,2679,9,0,N,25.714077,-80.284615,23.10,04/15/2024,01:13:12
684,80,2713,6,0,N,25.714075,-80.284615,23.10,04/15/2024,01:13:12
618,6,2775,0,0,N,25.714075,-80.284615,23.00,04/15/2024,01:13:12
652,43,2735,3,0,N,25.714075,-80.284607,23.00,04/15/2024,01:13:12
680,27,2705,2,0,N,25.714075,-80.284607,22.90,04/15/2024,01:13:12
696,30,2690,2,0,N,25.714075,-80.284607,22.90,04/15/2024,01:13:13
700,-29,2683,-2,15,NNW,25.714075,-80.284607,22.80,04/15/2024,01:13:13
712,-73,2641,-5,15,NNW,25.714075,-80.284607,22.80,04/15/2024,01:13:13
705,-55,2631,-4,15,NNW,25.714075,-80.284607,22.80,04/15/2024,01:13:13
731,8,2601,0,0,N,25.714075,-80.284607,22.80,04/15/2024,01:13:13
718,40,2597,3,0,N,25.714075,-80.284607,22.90,04/15/2024,01:13:13
723,61,2582,4,0,N,25.714075,-80.284607,22.90,04/15/2024,01:13:13
694,49,2616,4,0,N,25.714075,-80.284607,22.90,04/15/2024,01:13:13
621,38,2676,3,0,N,25.714075,-80.284599,22.90,04/15/2024,01:13:13
611,80,2686,7,0,N,25.714075,-80.284599,22.90,04/15/2024,01:13:13
621,95,2693,8,0,N,25.714075,-80.284599,22.90,04/15/2024,01:13:13
630,111,2723,9,0,N,25.714075,-80.284599,23.00,04/15/2024,01:13:13
597,106,2768,10,0,N,25.714073,-80.284599,23.00,04/15/2024,01:13:14
568,63,2817,6,0,N,25.714073,-80.284599,23.10,04/15/2024,01:13:14
540,36,2839,3,0,N,25.714073,-80.284599,23.10,04/15/2024,01:13:14
559,65,2850,6,0,N,25.714073,-80.284599,23.10,04/15/2024,01:13:14
589,108,2842,10,0,N,25.714073,-80.284592,23.10,04/15/2024,01:13:14
593,72,2869,6,0,N,25.714073,-80.284592,23.10,04/15/2024,01:13:14
571,18,2865,1,0,N,25.714073,-80.284592,23.10,04/15/2024,01:13:14
520,-39,2902,-4,15,NNW,25.714073,-80.284592,23.10,04/15/2024,01:13:14
548,-29,2877,-3,15,NNW,25.714073,-80.284584,23.10,04/15/2024,01:13:15
571,-48,2832,-4,15,NNW,25.714073,-80.284584,23.00,04/15/2024,01:13:15
577,-92,2813,-9,15,NNW,25.714073,-80.284584,23.00,04/15/2024,01:13:15
552,-132,2795,-13,15,NNW,25.714073,-80.284584,23.00,04/15/2024,01:13:15
554,-159,2772,-16,15,NNW,25.714073,-80.284584,23.00,04/15/2024,01:13:15
536,-167,2768,-17,15,NNW,25.714073,-80.284584,23.00,04/15/2024,01:13:15
609,-97,2708,-9,15,NNW,25.714073,-80.284584,23.00,04/15/2024,01:13:15
639,-75,2676,-6,15,NNW,25.714073,-80.284584,23.00,04/15/2024,01:13:15
657,-62,2661,-5,15,NNW,25.714073,-80.284576,23.00,04/15/2024,01:13:15
644,-88,2638,-7,15,NNW,25.714073,-80.284576,23.00,04/15/2024,01:13:15
542,-116,2731,-12,15,NNW,25.714073,-80.284576,23.00,04/15/2024,01:13:15
587,-116,2693,-11,15,NNW,25.714073,-80.284576,23.00,04/15/2024,01:13:15
601,-115,2698,-10,15,NNW,25.714073,-80.284576,23.00,04/15/2024,01:13:16
602,-101,2683,-9,15,NNW,25.714073,-80.284576,23.10,04/15/2024,01:13:16
593,-132,2693,-12,15,NNW,25.714073,-80.284569,23.10,04/15/2024,01:13:16
583,-167,2716,-15,15,NNW,25.714073,-80.284569,23.00,04/15/2024,01:13:16
648,-128,2634,-11,15,NNW,25.714073,-80.284569,23.00,04/15/2024,01:13:16
666,-77,2671,-6,15,NNW,25.714073,-80.284569,23.00,04/15/2024,01:13:16
694,-94,2619,-7,15,NNW,25.714073,-80.284569,23.10,04/15/2024,01:13:16
712,-112,2604,-8,15,NNW,25.714073,-80.284569,23.10,04/15/2024,01:13:17
691,-170,2616,-13,15,NNW,25.714073,-80.284569,23.20,04/15/2024,01:13:17
664,-191,2641,-16,15,NNW,25.714073,-80.284561,23.20,04/15/2024,01:13:17
691,-151,2634,-12,15,NNW,25.714073,-80.284561,23.20,04/15/2024,01:13:17
707,-128,2626,-10,15,NNW,25.714073,-80.284561,23.20,04/15/2024,01:13:17
693,-116,2631,-9,15,NNW,25.714073,-80.284561,23.30,04/15/2024,01:13:17
678,-141,2638,-11,15,NNW,25.714073,-80.284554,23.30,04/15/2024,01:13:17
705,-155,2594,-12,15,NNW,25.714073,-80.284554,23.40,04/15/2024,01:13:17
700,-161,2597,-12,15,NNW,25.714073,-80.284554,23.40,04/15/2024,01:13:17
743,-73,2571,-5,15,NNW,25.714073,-80.284554,23.40,04/15/2024,01:13:17
760,-48,2552,-3,15,NNW,25.714073,-80.284554,23.40,04/15/2024,01:13:18
774,-33,2519,-2,15,NNW,25.714073,-80.284554,23.50,04/15/2024,01:13:18
766,-48,2519,-3,15,NNW,25.714075,-80.284546,23.50,04/15/2024,01:13:18
742,-115,2522,-8,15,NNW,25.714075,-80.284546,23.50,04/15/2024,01:13:18
725,-119,2544,-9,15,NNW,25.714075,-80.284546,23.50,04/15/2024,01:13:18
761,-42,2549,-3,15,NNW,25.714075,-80.284546,23.60,04/15/2024,01:13:18
757,-5,2541,0,0,N,25.714075,-80.284546,23.60,04/15/2024,01:13:18
731,-18,2564,-1,15,NNW,25.714075,-80.284546,23.60,04/15/2024,01:13:18
737,-26,2541,-2,15,NNW,25.714073,-80.284546,23.60,04/15/2024,01:13:18
753,-48,2537,-3,15,NNW,25.714073,-80.284546,23.60,04/15/2024,01:13:18
753,-43,2549,-3,15,NNW,25.714075,-80.284538,23.60,04/15/2024,01:13:18
785,36,2527,2,0,N,25.714075,-80.284538,23.70,04/15/2024,01:13:18
794,49,2500,3,0,N,25.714075,-80.284538,23.70,04/15/2024,01:13:19
810,51,2497,3,0,N,25.714075,-80.284538,23.80,04/15/2024,01:13:19
785,0,2515,0,0,N,25.714075,-80.284538,23.80,04/15/2024,01:13:19
748,-26,2519,-1,15,NNW,25.714075,-80.284538,23.90,04/15/2024,01:13:19
766,0,2512,0,0,N,25.714075,-80.284538,23.90,04/15/2024,01:13:19
769,25,2467,1,0,N,25.714075,-80.284538,24.00,04/15/2024,01:13:19
757,14,2500,1,0,N,25.714075,-80.284531,24.00,04/15/2024,01:13:19
746,-3,2474,0,0,N,25.714075,-80.284531,24.20,04/15/2024,01:13:19
743,-5,2459,0,0,N,25.714075,-80.284531,24.20,04/15/2024,01:13:19
723,-7,2470,0,0,N,25.714075,-80.284531,24.30,04/15/2024,01:13:19
735,31,2462,2,0,N,25.714075,-80.284531,24.30,04/15/2024,01:13:20
735,98,2437,7,0,N,25.714075,-80.284531,24.30,04/15/2024,01:13:20
723,99,2440,7,0,N,25.714075,-80.284523,24.30,04/15/2024,01:13:20
727,104,2433,8,0,N,25.714075,-80.284523,24.30,04/15/2024,01:13:20
739,82,2445,6,0,N,25.714075,-80.284523,24.30,04/15/2024,01:13:20
693,51,2485,4,0,N,25.714075,-80.284523,24.20,04/15/2024,01:13:20
670,102,2492,8,0,N,25.714075,-80.284523,24.20,04/15/2024,01:13:20
682,117,2489,9,0,N,25.714075,-80.284523,24.20,04/15/2024,01:13:20
678,133,2474,11,0,N,25.714075,-80.284515,24.20,04/15/2024,01:13:21
684,122,2459,10,0,N,25.714075,-80.284515,24.40,04/15/2024,01:13:21
682,113,2467,9,0,N,25.714075,-80.284515,24.40,04/15/2024,01:13:21
636,120,2497,10,0,N,25.714075,-80.284515,24.40,04/15/2024,01:13:21
662,164,2452,13,0,N,25.714077,-80.284508,24.40,04/15/2024,01:13:21
638,190,2433,16,0,N,25.714077,-80.284508,24.40,04/15/2024,01:13:21
639,185,2455,16,0,N,25.714077,-80.284508,24.40,04/15/2024,01:13:21
638,156,2445,13,0,N,25.714077,-80.284508,24.40,04/15/2024,01:13:21
634,102,2452,9,0,N,25.714075,-80.284508,24.40,04/15/2024,01:13:22
621,143,2500,12,0,N,25.714075,-80.284508,24.20,04/15/2024,01:13:22
602,159,2485,14,0,N,25.714075,-80.284508,24.20,04/15/2024,01:13:22
597,166,2492,15,0,N,25.714075,-80.284508,24.20,04/15/2024,01:13:22
597,152,2512,14,0,N,25.714077,-80.284500,24.20,04/15/2024,01:13:22
587,126,2527,12,0,N,25.714077,-80.284500,24.20,04/15/2024,01:13:22
571,126,2541,12,0,N,25.714077,-80.284500,24.20,04/15/2024,01:13:22
600,160,2515,14,0,N,25.714077,-80.284492,24.20,04/15/2024,01:13:22
597,181,2534,16,0,N,25.714077,-80.284492,24.30,04/15/2024,01:13:22
595,185,2534,17,0,N,25.714077,-80.284492,24.30,04/15/2024,01:13:22
571,156,2571,15,0,N,25.714077,-80.284492,24.30,04/15/2024,01:13:22
554,116,2604,11,0,N,25.714077,-80.284492,24.30,04/15/2024,01:13:23
532,89,2626,9,0,N,25.714077,-80.284492,24.30,04/15/2024,01:13:23
564,124,2586,12,0,N,25.714077,-80.284485,24.30,04/15/2024,01:13:23
563,154,2579,15,0,N,25.714077,-80.284485,24.40,04/15/2024,01:13:23
575,154,2579,14,0,N,25.714079,-80.284485,24.40,04/15/2024,01:13:23
581,126,2564,12,0,N,25.714079,-80.284485,24.30,04/15/2024,01:13:23
566,95,2589,9,0,N,25.714079,-80.284485,24.30,04/15/2024,01:13:23
577,108,2541,10,0,N,25.714079,-80.284485,24.30,04/15/2024,01:13:23
579,143,2544,13,0,N,25.714079,-80.284477,24.30,04/15/2024,01:13:23
584,190,2507,18,0,N,25.714079,-80.284477,24.40,04/15/2024,01:13:23
563,184,2504,18,0,N,25.714079,-80.284477,24.40,04/15/2024,01:13:24
559,181,2530,17,0,N,25.714079,-80.284477,24.20,04/15/2024,01:13:24
529,122,2552,12,0,N,25.714079,-80.284477,24.20,04/15/2024,01:13:24
532,133,2541,14,0,N,25.714079,-80.284477,24.20,04/15/2024,01:13:24
540,168,2541,17,0,N,25.714079,-80.284477,24.20,04/15/2024,01:13:24
554,179,2507,17,0,N,25.714079,-80.284477,24.20,04/15/2024,01:13:24
522,177,2544,18,0,N,25.714079,-80.284477,24.20,04/15/2024,01:13:24
524,171,2534,18,0,N,25.714079,-80.284477,24.20,04/15/2024,01:13:24
532,147,2534,15,0,N,25.714079,-80.284470,24.20,04/15/2024,01:13:24
564,198,2500,19,0,N,25.714079,-80.284470,24.20,04/15/2024,01:13:24
557,217,2512,21,0,N,25.714081,-80.284470,24.20,04/15/2024,01:13:24
550,264,2519,25,1,NNE,25.714081,-80.284470,24.20,04/15/2024,01:13:24
546,245,2527,24,1,NNE,25.714081,-80.284470,24.20,04/15/2024,01:13:25
534,232,2549,23,1,NNE,25.714081,-80.284470,24.30,04/15/2024,01:13:25
506,216,2616,23,1,NNE,25.714081,-80.284462,24.30,04/15/2024,01:13:25
538,232,2582,23,1,NNE,25.714081,-80.284462,24.30,04/15/2024,01:13:25
548,234,2589,23,1,NNE,25.714079,-80.284462,24.30,04/15/2024,01:13:25
538,270,2601,26,1,NNE,25.714079,-80.284462,24.40,04/15/2024,01:13:25
542,253,2616,25,1,NNE,25.714081,-80.284462,24.40,04/15/2024,01:13:25
561,205,2616,20,0,N,25.714081,-80.284462,24.50,04/15/2024,01:13:25
522,202,2693,21,0,N,25.714081,-80.284454,24.50,04/15/2024,01:13:25
532,239,2664,24,1,NNE,25.714081,-80.284454,24.40,04/15/2024,01:13:25
552,282,2638,27,1,NNE,25.714081,-80.284454,24.40,04/15/2024,01:13:26
583,240,2653,22,0,N,25.714081,-80.284454,24.20,04/15/2024,01:13:26
575,160,2686,15,0,N,25.714081,-80.284454,24.20,04/15/2024,01:13:26
538,120,2693,12,0,N,25.714081,-80.284454,24.20,04/15/2024,01:13:26
584,152,2679,14,0,N,25.714081,-80.284447,24.20,04/15/2024,01:13:26
614,164,2668,14,0,N,25.714081,-80.284447,24.20,04/15/2024,01:13:26
575,124,2671,12,0,N,25.714081,-80.284447,24.20,04/15/2024,01:13:26
571,129,2679,12,0,N,25.714081,-80.284447,24.20,04/15/2024,01:13:27
583,86,2664,8,0,N,25.714081,-80.284447,24.10,04/15/2024,01:13:27
619,126,2601,11,0,N,25.714081,-80.284447,24.10,04/15/2024,01:13:27
609,146,2616,13,0,N,25.714081,-80.284447,24.10,04/15/2024,01:13:27
618,159,2544,14,0,N,25.714081,-80.284447,24.10,04/15/2024,01:13:27
623,143,2544,12,0,N,25.714083,-80.284439,24.10,04/15/2024,01:13:27
621,122,2537,11,0,N,25.714083,-80.284439,24.10,04/15/2024,01:13:27
554,99,2582,10,0,N,25.714083,-80.284439,24.10,04/15/2024,01:13:27
600,137,2534,12,0,N,25.714083,-80.284439,24.10,04/15/2024,01:13:27
639,160,2477,14,0,N,25.714083,-80.284431,24.10,04/15/2024,01:13:27
650,181,2492,15,0,N,25.714083,-80.284431,24.10,04/15/2024,01:13:28
621,172,2522,15,0,N,25.714083,-80.284431,24.00,04/15/2024,01:13:28
636,143,2541,12,0,N,25.714083,-80.284431,24.00,04/15/2024,01:13:28
630,126,2579,11,0,N,25.714083,-80.284431,23.90,04/15/2024,01:13:28
627,190,2589,16,0,N,25.714083,-80.284424,23.90,04/15/2024,01:13:28
644,215,2611,18,0,N,25.714083,-80.284424,23.90,04/15/2024,01:13:28
648,192,2601,16,0,N,25.714083,-80.284424,23.90,04/15/2024,01:13:28
595,171,2701,16,0,N,25.714083,-80.284424,23.70,04/15/2024,01:13:28
602,116,2698,10,0,N,25.714083,-80.284424,23.70,04/15/2024,01:13:28
614,143,2676,13,0,N,25.714083,-80.284424,23.70,04/15/2024,01:13:28
621,160,2668,14,0,N,25.714083,-80.284424,23.70,04/15/2024,01:13:29
607,185,2664,16,0,N,25.714083,-80.284424,23.70,04/15/2024,01:13:29
605,181,2676,16,0,N,25.714083,-80.284416,23.70,04/15/2024,01:13:29
619,146,2653,13,0,N,25.714083,-80.284416,23.70,04/15/2024,01:13:29
607,104,2664,9,0,N,25.714085,-80.284416,23.70,04/15/2024,01:13:29
618,160,2641,14,0,N,25.714085,-80.284416,23.60,04/15/2024,01:13:29
607,185,2646,16,0,N,25.714085,-80.284416,23.60,04/15/2024,01:13:29
618,211,2653,18,0,N,25.714085,-80.284416,23.60,04/15/2024,01:13:29
587,179,2698,16,0,N,25.714085,-80.284416,23.60,04/15/2024,01:13:29
579,160,2716,15,0,N,25.714085,-80.284416,23.60,04/15/2024,01:13:29
561,111,2743,11,0,N,25.714085,-80.284409,23.60,04/15/2024,01:13:29
583,135,2735,13,0,N,25.714085,-80.284409,23.50,04/15/2024,01:13:29
584,130,2753,12,0,N,25.714085,-80.284409,23.50,04/15/2024,01:13:30
605,135,2720,12,0,N,25.714085,-80.284409,23.50,04/15/2024,01:13:30
623,108,2723,9,0,N,25.714085,-80.284409,23.50,04/15/2024,01:13:30
621,82,2728,7,0,N,25.714085,-80.284409,23.50,04/15/2024,01:13:30
583,69,2757,6,0,N,25.714085,-80.284401,23.50,04/15/2024,01:13:30
652,156,2705,13,0,N,25.714085,-80.284401,23.40,04/15/2024,01:13:30
657,164,2686,14,0,N,25.714085,-80.284401,23.40,04/15/2024,01:13:30
673,184,2686,15,0,N,25.714085,-80.284401,23.40,04/15/2024,01:13:30
670,184,2671,15,0,N,25.714085,-80.284401,23.40,04/15/2024,01:13:30
645,177,2746,15,0,N,25.714085,-80.284401,23.40,04/15/2024,01:13:30
636,154,2746,13,0,N,25.714085,-80.284393,23.40,04/15/2024,01:13:31
691,198,2731,15,0,N,25.714085,-80.284393,23.40,04/15/2024,01:13:31
684,194,2746,15,0,N,25.714085,-80.284393,23.40,04/15/2024,01:13:31
657,201,2783,17,0,N,25.714085,-80.284393,23.30,04/15/2024,01:13:31
632,166,2810,14,0,N,25.714085,-80.284393,23.30,04/15/2024,01:13:31
641,113,2825,9,0,N,25.714085,-80.284393,23.40,04/15/2024,01:13:31
648,117,2832,10,0,N,25.714085,-80.284386,23.40,04/15/2024,01:13:31
703,202,2795,16,0,N,25.714085,-80.284386,23.40,04/15/2024,01:13:31
735,249,2731,18,0,N,25.714085,-80.284386,23.40,04/15/2024,01:13:31
753,239,2728,17,0,N,25.714085,-80.284386,23.40,04/15/2024,01:13:31
751,215,2716,15,0,N,25.714087,-80.284378,23.40,04/15/2024,01:13:32
705,164,2795,13,0,N,25.714087,-80.284378,23.60,04/15/2024,01:13:32
746,201,2750,15,0,N,25.714087,-80.284378,23.60,04/15/2024,01:13:32
739,196,2750,14,0,N,25.714087,-80.284378,23.60,04/15/2024,01:13:32
755,190,2738,14,0,N,25.714087,-80.284378,23.60,04/15/2024,01:13:32
748,159,2775,12,0,N,25.714087,-80.284378,23.50,04/15/2024,01:13:32
737,120,2817,9,0,N,25.714087,-80.284378,23.50,04/15/2024,01:13:32
730,106,2857,8,0,N,25.714087,-80.284378,23.50,04/15/2024,01:13:32
774,141,2787,10,0,N,25.714087,-80.284370,23.50,04/15/2024,01:13:33
800,201,2750,14,0,N,25.714087,-80.284370,23.50,04/15/2024,01:13:33
824,196,2743,13,0,N,25.714087,-80.284370,23.50,04/15/2024,01:13:33
833,166,2753,11,0,N,25.714087,-80.284370,23.50,04/15/2024,01:13:33
790,141,2798,10,0,N,25.714087,-80.284363,23.50,04/15/2024,01:13:33
735,99,2857,7,0,N,25.714087,-80.284363,23.50,04/15/2024,01:13:33
768,135,2832,9,0,N,25.714087,-80.284363,23.50,04/15/2024,01:13:33
792,139,2790,9,0,N,25.714087,-80.284363,23.50,04/15/2024,01:13:33
796,150,2787,10,0,N,25.714087,-80.284363,23.50,04/15/2024,01:13:33
804,106,2780,7,0,N,25.714087,-80.284363,23.50,04/15/2024,01:13:33
786,76,2795,5,0,N,25.714087,-80.284363,23.50,04/15/2024,01:13:34
817,95,2713,6,0,N,25.714087,-80.284363,23.40,04/15/2024,01:13:34
815,133,2713,9,0,N,25.714087,-80.284355,23.40,04/15/2024,01:13:34
841,192,2634,12,0,N,25.714087,-80.284355,23.50,04/15/2024,01:13:34
826,201,2676,13,0,N,25.714088,-80.284355,23.50,04/15/2024,01:13:34
824,166,2686,11,0,N,25.714088,-80.284355,23.50,04/15/2024,01:13:34
776,143,2720,10,0,N,25.714088,-80.284355,23.50,04/15/2024,01:13:34
808,141,2656,9,0,N,25.714088,-80.284355,23.50,04/15/2024,01:13:34
812,152,2638,10,0,N,25.714087,-80.284348,23.50,04/15/2024,01:13:34
806,137,2634,9,0,N,25.714087,-80.284348,23.40,04/15/2024,01:13:34
782,137,2634,9,0,N,25.714088,-80.284348,23.40,04/15/2024,01:13:35
780,109,2597,7,0,N,25.714088,-80.284348,23.40,04/15/2024,01:13:35
829,168,2507,11,0,N,25.714088,-80.284348,23.50,04/15/2024,01:13:35
794,262,2507,18,0,N,25.714088,-80.284348,23.50,04/15/2024,01:13:35
778,289,2507,20,0,N,25.714088,-80.284348,23.50,04/15/2024,01:13:35
757,282,2537,20,0,N,25.714088,-80.284348,23.50,04/15/2024,01:13:35
735,276,2589,20,0,N,25.714088,-80.284340,23.50,04/15/2024,01:13:35
687,232,2649,18,0,N,25.714088,-80.284340,23.50,04/15/2024,01:13:35
691,230,2656,18,0,N,25.714088,-80.284340,23.50,04/15/2024,01:13:35
723,245,2601,18,0,N,25.714088,-80.284340,23.40,04/15/2024,01:13:35
737,251,2586,18,0,N,25.714088,-80.284340,23.40,04/15/2024,01:13:35
712,247,2626,19,0,N,25.714088,-80.284340,23.40,04/15/2024,01:13:35
696,216,2653,17,0,N,25.714088,-80.284332,23.40,04/15/2024,01:13:36
657,168,2686,14,0,N,25.714088,-80.284332,23.50,04/15/2024,01:13:36
670,171,2653,14,0,N,25.714088,-80.284332,23.50,04/15/2024,01:13:36
673,217,2641,17,0,N,25.714088,-80.284332,23.40,04/15/2024,01:13:36
673,251,2649,20,0,N,25.714088,-80.284332,23.40,04/15/2024,01:13:36
652,247,2641,20,0,N,25.714088,-80.284332,23.40,04/15/2024,01:13:36
639,215,2690,18,0,N,25.714088,-80.284325,23.40,04/15/2024,01:13:36
601,160,2746,14,0,N,25.714088,-80.284325,23.40,04/15/2024,01:13:36
581,154,2775,14,0,N,25.714088,-80.284325,23.40,04/15/2024,01:13:36
621,192,2716,17,0,N,25.714088,-80.284325,23.30,04/15/2024,01:13:36
654,209,2713,17,0,N,25.714088,-80.284325,23.30,04/15/2024,01:13:37
591,163,2780,15,0,N,25.714088,-80.284325,23.30,04/15/2024,01:13:37
572,129,2790,12,0,N,25.714090,-80.284317,23.30,04/15/2024,01:13:37
527,80,2817,8,0,N,25.714090,-80.284317,23.40,04/15/2024,01:13:37
581,139,2760,13,0,N,25.714090,-80.284317,23.40,04/15/2024,01:13:37
600,179,2735,16,0,N,25.714090,-80.284317,23.40,04/15/2024,01:13:37
602,201,2728,18,0,N,25.714090,-80.284309,23.40,04/15/2024,01:13:37
577,164,2746,15,0,N,25.714090,-80.284309,23.40,04/15/2024,01:13:37
522,85,2772,9,0,N,25.714090,-80.284309,23.40,04/15/2024,01:13:37
514,76,2757,8,0,N,25.714090,-80.284309,23.40,04/15/2024,01:13:37
575,102,2728,10,0,N,25.714090,-80.284309,23.40,04/15/2024,01:13:38
600,93,2676,8,0,N,25.714090,-80.284309,23.50,04/15/2024,01:13:38
561,67,2708,6,0,N,25.714090,-80.284309,23.50,04/15/2024,01:13:38
540,40,2723,4,0,N,25.714090,-80.284309,23.50,04/15/2024,01:13:38
514,8,2728,0,0,N,25.714090,-80.284302,23.50,04/15/2024,01:13:38
611,73,2653,6,0,N,25.714090,-80.284302,23.50,04/15/2024,01:13:38
648,124,2597,10,0,N,25.714090,-80.284302,23.50,04/15/2024,01:13:38
660,108,2574,9,0,N,25.714090,-80.284302,23.50,04/15/2024,01:13:38
662,86,2571,7,0,N,25.714090,-80.284294,23.50,04/15/2024,01:13:39
615,56,2616,5,0,N,25.714090,-80.284294,23.50,04/15/2024,01:13:39
571,31,2634,3,0,N,25.714090,-80.284294,23.50,04/15/2024,01:13:39
626,86,2574,7,0,N,25.714090,-80.284294,23.50,04/15/2024,01:13:39
639,80,2519,7,0,N,25.714090,-80.284294,23.50,04/15/2024,01:13:39
638,86,2522,7,0,N,25.714090,-80.284294,23.60,04/15/2024,01:13:39
600,69,2530,6,0,N,25.714090,-80.284294,23.60,04/15/2024,01:13:39
563,76,2567,7,0,N,25.714090,-80.284294,23.60,04/15/2024,01:13:39
518,80,2574,8,0,N,25.714090,-80.284286,23.60,04/15/2024,01:13:39
568,163,2544,16,0,N,25.714090,-80.284286,23.50,04/15/2024,01:13:39
566,196,2527,19,0,N,25.714090,-80.284286,23.50,04/15/2024,01:13:40
591,223,2527,20,0,N,25.714090,-80.284286,23.70,04/15/2024,01:13:40
568,194,2556,18,0,N,25.714090,-80.284286,23.70,04/15/2024,01:13:40
469,111,2656,13,0,N,25.714090,-80.284286,23.60,04/15/2024,01:13:40
452,120,2708,14,0,N,25.714090,-80.284279,23.60,04/15/2024,01:13:40
528,154,2641,16,0,N,25.714090,-80.284279,23.50,04/15/2024,01:13:40
557,164,2616,16,0,N,25.714090,-80.284279,23.50,04/15/2024,01:13:40
522,133,2653,14,0,N,25.714090,-80.284279,23.70,04/15/2024,01:13:40
499,98,2668,11,0,N,25.714090,-80.284279,23.70,04/15/2024,01:13:40
463,47,2679,5,0,N,25.714090,-80.284279,23.50,04/15/2024,01:13:40
534,102,2634,10,0,N,25.714090,-80.284279,23.50,04/15/2024,01:13:40
546,129,2616,13,0,N,25.714090,-80.284279,23.50,04/15/2024,01:13:40
559,163,2574,16,0,N,25.714090,-80.284271,23.50,04/15/2024,01:13:41
563,104,2574,10,0,N,25.714090,-80.284271,23.40,04/15/2024,01:13:41
545,65,2579,6,0,N,25.714090,-80.284271,23.40,04/15/2024,01:13:41
434,21,2623,2,0,N,25.714090,-80.284271,23.40,04/15/2024,01:13:41
506,59,2571,6,0,N,25.714090,-80.284271,23.40,04/15/2024,01:13:41
532,73,2530,7,0,N,25.714090,-80.284271,23.30,04/15/2024,01:13:41
522,67,2549,7,0,N,25.714090,-80.284264,23.30,04/15/2024,01:13:41
491,23,2541,2,0,N,25.714090,-80.284264,23.30,04/15/2024,01:13:41
479,-12,2544,-1,15,NNW,25.714090,-80.284264,23.30,04/15/2024,01:13:41
520,-3,2519,0,0,N,25.714090,-80.284264,23.30,04/15/2024,01:13:41
532,30,2512,3,0,N,25.714090,-80.284264,23.30,04/15/2024,01:13:42
536,63,2515,6,0,N,25.714090,-80.284264,23.30,04/15/2024,01:13:42
538,55,2504,5,0,N,25.714090,-80.284264,23.30,04/15/2024,01:13:42
536,30,2492,3,0,N,25.714090,-80.284264,23.20,04/15/2024,01:13:42
497,18,2549,2,0,N,25.714090,-80.284256,23.20,04/15/2024,01:13:42
516,8,2527,0,0,N,25.714090,-80.284256,23.30,04/15/2024,01:13:42
532,47,2522,5,0,N,25.714090,-80.284256,23.30,04/15/2024,01:13:42
538,43,2482,4,0,N,25.714090,-80.284256,23.20,04/15/2024,01:13:42
527,25,2534,2,0,N,25.714090,-80.284248,23.20,04/15/2024,01:13:43
495,21,2537,2,0,N,25.714090,-80.284248,23.20,04/15/2024,01:13:43
542,38,2537,4,0,N,25.714090,-80.284248,23.20,04/15/2024,01:13:43
548,67,2522,6,0,N,25.714090,-80.284248,23.20,04/15/2024,01:13:43
583,99,2474,9,0,N,25.714090,-80.284248,23.10,04/15/2024,01:13:43
559,85,2500,8,0,N,25.714090,-80.284248,23.10,04/15/2024,01:13:43
511,65,2541,7,0,N,25.714090,-80.284248,23.10,04/15/2024,01:13:43
485,23,2564,2,0,N,25.714092,-80.284241,23.10,04/15/2024,01:13:43
542,59,2541,6,0,N,25.714092,-80.284241,23.10,04/15/2024,01:13:43
540,82,2522,8,0,N,25.714092,-80.284241,23.10,04/15/2024,01:13:43
527,91,2549,9,0,N,25.714092,-80.284241,23.10,04/15/2024,01:13:43
511,65,2530,7,0,N,25.714092,-80.284233,23.10,04/15/2024,01:13:44
522,53,2527,5,0,N,25.714092,-80.284233,23.10,04/15/2024,01:13:44
581,99,2474,9,0,N,25.714092,-80.284233,23.10,04/15/2024,01:13:44
579,108,2507,10,0,N,25.714092,-80.284233,23.10,04/15/2024,01:13:44
583,141,2485,13,0,N,25.714092,-80.284233,23.10,04/15/2024,01:13:44
566,130,2504,12,0,N,25.714092,-80.284233,23.10,04/15/2024,01:13:44
550,120,2515,12,0,N,25.714092,-80.284225,23.10,04/15/2024,01:13:44
509,99,2594,11,0,N,25.714092,-80.284225,23.10,04/15/2024,01:13:44
524,104,2571,11,0,N,25.714092,-80.284225,23.10,04/15/2024,01:13:45
527,120,2589,12,0,N,25.714092,-80.284225,23.00,04/15/2024,01:13:45
522,126,2589,13,0,N,25.714090,-80.284225,23.00,04/15/2024,01:13:45
518,126,2604,13,0,N,25.714090,-80.284225,23.00,04/15/2024,01:13:45
536,133,2616,13,0,N,25.714090,-80.284218,23.00,04/15/2024,01:13:45
528,124,2646,13,0,N,25.714090,-80.284218,23.00,04/15/2024,01:13:45
583,135,2601,13,0,N,25.714092,-80.284218,23.00,04/15/2024,01:13:45
568,188,2616,18,0,N,25.714092,-80.284218,22.90,04/15/2024,01:13:45
581,194,2626,18,0,N,25.714092,-80.284218,22.90,04/15/2024,01:13:45
572,188,2649,18,0,N,25.714092,-80.284218,22.90,04/15/2024,01:13:45
552,184,2693,18,0,N,25.714092,-80.284210,22.90,04/15/2024,01:13:46
545,179,2738,18,0,N,25.714092,-80.284210,22.90,04/15/2024,01:13:46
564,190,2746,18,0,N,25.714092,-80.284210,22.90,04/15/2024,01:13:46
568,179,2750,17,0,N,25.714092,-80.284210,22.80,04/15/2024,01:13:46
575,179,2772,17,0,N,25.714092,-80.284210,22.80,04/15/2024,01:13:46
584,139,2805,13,0,N,25.714092,-80.284210,23.00,04/15/2024,01:13:46
552,120,2857,12,0,N,25.714092,-80.284210,23.00,04/15/2024,01:13:46
618,154,2787,13,0,N,25.714092,-80.284210,23.00,04/15/2024,01:13:46
634,196,2798,17,0,N,25.714094,-80.284203,23.00,04/15/2024,01:13:46
657,209,2760,17,0,N,25.714094,-80.284203,22.90,04/15/2024,01:13:46
673,171,2757,14,0,N,25.714094,-80.284203,22.90,04/15/2024,01:13:46
660,129,2802,11,0,N,25.714094,-80.284203,22.80,04/15/2024,01:13:46
601,95,2839,8,0,N,25.714094,-80.284203,22.80,04/15/2024,01:13:47
666,108,2772,9,0,N,25.714094,-80.284203,22.80,04/15/2024,01:13:47
688,116,2750,9,0,N,25.714094,-80.284195,22.80,04/15/2024,01:13:47
694,102,2735,8,0,N,25.714094,-80.284195,22.70,04/15/2024,01:13:47
670,80,2780,6,0,N,25.714094,-80.284195,22.70,04/15/2024,01:13:47
675,63,2753,5,0,N,25.714094,-80.284195,22.80,04/15/2024,01:13:47
669,61,2753,5,0,N,25.714094,-80.284195,22.80,04/15/2024,01:13:47
694,147,2753,11,0,N,25.714094,-80.284195,22.80,04/15/2024,01:13:47
688,188,2723,15,0,N,25.714094,-80.284187,22.80,04/15/2024,01:13:47
675,196,2728,16,0,N,25.714094,-80.284187,22.80,04/15/2024,01:13:47
696,179,2708,14,0,N,25.714094,-80.284187,22.80,04/15/2024,01:13:48
645,129,2768,11,0,N,25.714094,-80.284187,22.90,04/15/2024,01:13:48
657,146,2728,12,0,N,25.714094,-80.284187,22.90,04/15/2024,01:13:48
669,147,2720,12,0,N,25.714094,-80.284180,22.90,04/15/2024,01:13:48
639,147,2750,12,0,N,25.714094,-80.284180,22.90,04/15/2024,01:13:48
645,95,2731,8,0,N,25.714094,-80.284180,22.90,04/15/2024,01:13:48
618,56,2765,5,0,N,25.714094,-80.284180,22.90,04/15/2024,01:13:48
632,91,2705,8,0,N,25.714094,-80.284180,22.90,04/15/2024,01:13:48
644,126,2708,11,0,N,25.714094,-80.284172,22.90,04/15/2024,01:13:49
662,130,2698,11,0,N,25.714094,-80.284172,22.90,04/15/2024,01:13:49
657,116,2686,10,0,N,25.714094,-80.284172,22.90,04/15/2024,01:13:49
639,95,2693,8,0,N,25.714096,-80.284172,22.90,04/15/2024,01:13:49
614,73,2728,6,0,N,25.714096,-80.284172,22.90,04/15/2024,01:13:49
639,113,2661,10,0,N,25.714096,-80.284172,22.90,04/15/2024,01:13:49
644,120,2668,10,0,N,25.714096,-80.284172,22.90,04/15/2024,01:13:49
641,113,2661,9,0,N,25.714094,-80.284164,22.90,04/15/2024,01:13:49
648,89,2671,7,0,N,25.714094,-80.284164,23.00,04/15/2024,01:13:49
601,49,2705,4,0,N,25.714094,-80.284164,23.00,04/15/2024,01:13:49
673,85,2616,7,0,N,25.714094,-80.284164,23.00,04/15/2024,01:13:49
675,102,2604,8,0,N,25.714096,-80.284164,23.00,04/15/2024,01:13:50
678,139,2571,11,0,N,25.714096,-80.284164,23.00,04/15/2024,01:13:50
666,124,2586,10,0,N,25.714096,-80.284157,23.00,04/15/2024,01:13:50
662,117,2619,10,0,N,25.714096,-80.284157,23.10,04/15/2024,01:13:50
623,93,2611,8,0,N,25.714096,-80.284157,23.10,04/15/2024,01:13:50
630,98,2611,8,0,N,25.714096,-80.284157,23.00,04/15/2024,01:13:50
652,106,2556,9,0,N,25.714096,-80.284157,23.00,04/15/2024,01:13:50
652,111,2519,9,0,N,25.714096,-80.284157,23.10,04/15/2024,01:13:50
623,91,2574,8,0,N,25.714096,-80.284149,23.10,04/15/2024,01:13:51
591,63,2559,6,0,N,25.714096,-80.284149,23.10,04/15/2024,01:13:51
593,72,2544,6,0,N,25.714096,-80.284149,23.10,04/15/2024,01:13:51
630,146,2530,13,0,N,25.714096,-80.284149,23.00,04/15/2024,01:13:51
627,184,2522,16,0,N,25.714096,-80.284149,23.00,04/15/2024,01:13:51
614,205,2556,18,0,N,25.714096,-80.284142,23.00,04/15/2024,01:13:51
600,164,2556,15,0,N,25.714096,-80.284142,23.00,04/15/2024,01:13:51
575,130,2619,12,0,N,25.714096,-80.284142,23.00,04/15/2024,01:13:51
564,150,2653,14,0,N,25.714096,-80.284142,23.00,04/15/2024,01:13:51
583,152,2679,14,0,N,25.714096,-80.284142,23.00,04/15/2024,01:13:52
591,156,2668,14,0,N,25.714096,-80.284142,23.10,04/15/2024,01:13:52
571,120,2716,11,0,N,25.714096,-80.284142,23.10,04/15/2024,01:13:52
581,86,2716,8,0,N,25.714096,-80.284142,23.10,04/15/2024,01:13:52
572,78,2735,7,0,N,25.714096,-80.284134,23.10,04/15/2024,01:13:52
614,124,2746,11,0,N,25.714096,-80.284134,23.10,04/15/2024,01:13:52
611,156,2716,14,0,N,25.714096,-80.284134,23.10,04/15/2024,01:13:52
614,168,2735,15,0,N,25.714096,-80.284134,23.20,04/15/2024,01:13:52
600,139,2746,13,0,N,25.714098,-80.284134,23.20,04/15/2024,01:13:52
546,72,2775,7,0,N,25.714098,-80.284134,23.20,04/15/2024,01:13:52
545,89,2775,9,0,N,25.714098,-80.284126,23.20,04/15/2024,01:13:52
583,129,2723,12,0,N,25.714098,-80.284126,23.20,04/15/2024,01:13:52
595,143,2708,13,0,N,25.714098,-80.284126,23.20,04/15/2024,01:13:53
559,124,2750,12,0,N,25.714098,-80.284126,23.10,04/15/2024,01:13:53
552,89,2728,9,0,N,25.714098,-80.284126,23.10,04/15/2024,01:13:53
538,49,2738,5,0,N,25.714098,-80.284126,23.10,04/15/2024,01:13:53
584,122,2708,11,0,N,25.714098,-80.284119,23.10,04/15/2024,01:13:53
589,168,2686,15,0,N,25.714098,-80.284119,23.10,04/15/2024,01:13:53
566,190,2716,18,0,N,25.714098,-80.284119,23.10,04/15/2024,01:13:53
554,185,2731,18,0,N,25.714098,-80.284119,23.10,04/15/2024,01:13:53
527,152,2775,16,0,N,25.714098,-80.284119,23.10,04/15/2024,01:13:53
536,146,2790,15,0,N,25.714098,-80.284119,23.10,04/15/2024,01:13:53
554,181,2757,18,0,N,25.714100,-80.284111,23.10,04/15/2024,01:13:54
559,190,2775,18,0,N,25.714100,-80.284111,23.00,04/15/2024,01:13:54
528,171,2798,17,0,N,25.714100,-80.284111,23.00,04/15/2024,01:13:54
511,152,2857,16,0,N,25.714098,-80.284111,23.00,04/15/2024,01:13:54
489,109,2857,12,0,N,25.714100,-80.284111,23.00,04/15/2024,01:13:54
559,117,2825,11,0,N,25.714100,-80.284111,22.90,04/15/2024,01:13:54
561,175,2817,17,0,N,25.714100,-80.284111,22.90,04/15/2024,01:13:54
571,159,2817,15,0,N,25.714100,-80.284111,22.90,04/15/2024,01:13:54
552,133,2847,13,0,N,25.714100,-80.284103,22.90,04/15/2024,01:13:55
509,89,2865,9,0,N,25.714100,-80.284103,22.90,04/15/2024,01:13:55
489,53,2869,6,0,N,25.714100,-80.284103,22.90,04/15/2024,01:13:55
506,65,2847,7,0,N,25.714100,-80.284103,22.90,04/15/2024,01:13:55
488,82,2857,9,0,N,25.714098,-80.284096,22.90,04/15/2024,01:13:55
477,89,2854,10,0,N,25.714098,-80.284096,22.80,04/15/2024,01:13:55
442,43,2877,5,0,N,25.714098,-80.284096,22.80,04/15/2024,01:13:55
404,8,2884,1,0,N,25.714098,-80.284096,22.80,04/15/2024,01:13:55
471,23,2813,2,0,N,25.714098,-80.284096,22.80,04/15/2024,01:13:55
484,69,2810,8,0,N,25.714098,-80.284088,22.80,04/15/2024,01:13:56
522,80,2787,8,0,N,25.714098,-80.284088,22.80,04/15/2024,01:13:56
508,27,2757,3,0,N,25.714098,-80.284088,22.80,04/15/2024,01:13:56
426,10,2817,1,0,N,25.714098,-80.284088,22.80,04/15/2024,01:13:56
465,36,2795,4,0,N,25.714098,-80.284088,22.60,04/15/2024,01:13:56
484,34,2798,4,0,N,25.714098,-80.284081,22.60,04/15/2024,01:13:56
488,31,2780,3,0,N,25.714098,-80.284081,22.80,04/15/2024,01:13:56
481,10,2760,1,0,N,25.714098,-80.284081,22.80,04/15/2024,01:13:56
488,-24,2780,-2,15,NNW,25.714098,-80.284081,22.70,04/15/2024,01:13:56
506,-64,2768,-7,15,NNW,25.714100,-80.284081,22.70,04/15/2024,01:13:57
583,18,2738,1,0,N,25.714100,-80.284081,22.70,04/15/2024,01:13:57
626,69,2713,6,0,N,25.714100,-80.284073,22.70,04/15/2024,01:13:57
630,98,2683,8,0,N,25.714100,-80.284073,22.70,04/15/2024,01:13:57
595,102,2738,9,0,N,25.714100,-80.284073,22.70,04/15/2024,01:13:57
489,82,2780,9,0,N,25.714100,-80.284073,22.70,04/15/2024,01:13:57
545,109,2746,11,0,N,25.714100,-80.284073,22.70,04/15/2024,01:13:57
552,113,2753,11,0,N,25.714100,-80.284073,22.70,04/15/2024,01:13:57
563,117,2731,11,0,N,25.714098,-80.284073,22.70,04/15/2024,01:13:57
524,130,2772,13,0,N,25.714098,-80.284073,22.80,04/15/2024,01:13:57
518,99,2795,10,0,N,25.714100,-80.284065,22.80,04/15/2024,01:13:57
454,73,2842,9,0,N,25.714100,-80.284065,22.80,04/15/2024,01:13:57
489,102,2839,11,0,N,25.714100,-80.284065,22.80,04/15/2024,01:13:58
509,146,2805,16,0,N,25.714100,-80.284065,22.70,04/15/2024,01:13:58
514,171,2817,18,0,N,25.714100,-80.284065,22.70,04/15/2024,01:13:58
506,126,2828,13,0,N,25.714100,-80.284065,22.70,04/15/2024,01:13:58
477,80,2862,9,0,N,25.714100,-80.284065,22.70,04/15/2024,01:13:58
383,47,2914,6,0,N,25.714100,-80.284065,22.70,04/15/2024,01:13:58
429,31,2877,4,0,N,25.714100,-80.284058,22.70,04/15/2024,01:13:58
460,17,2825,2,0,N,25.714100,-80.284058,22.60,04/15/2024,01:13:58
481,10,2802,1,0,N,25.714100,-80.284058,22.60,04/15/2024,01:13:58
477,-52,2795,-6,15,NNW,25.714100,-80.284058,22.50,04/15/2024,01:13:58
495,-67,2753,-7,15,NNW,25.714100,-80.284058,22.50,04/15/2024,01:13:59
473,-64,2738,-7,15,NNW,25.714100,-80.284058,22.60,04/15/2024,01:13:59
542,-18,2683,-1,15,NNW,25.714100,-80.284050,22.60,04/15/2024,01:13:59
584,40,2619,3,0,N,25.714100,-80.284050,22.60,04/15/2024,01:13:59
615,47,2537,4,0,N,25.714100,-80.284050,22.60,04/15/2024,01:13:59
595,36,2522,3,0,N,25.714100,-80.284050,22.60,04/15/2024,01:13:59
575,18,2504,1,0,N,25.714100,-80.284042,22.60,04/15/2024,01:13:59
568,6,2515,0,0,N,25.714100,-80.284042,22.60,04/15/2024,01:13:59
577,8,2477,0,0,N,25.714100,-80.284042,22.60,04/15/2024,01:13:59
568,30,2467,3,0,N,25.714100,-80.284042,22.60,04/15/2024,01:13:59
564,51,2467,5,0,N,25.714100,-80.284042,22.60,04/15/2024,01:14:00
581,51,2437,5,0,N,25.714100,-80.284042,22.70,04/15/2024,01:14:00
566,30,2415,3,0,N,25.714100,-80.284042,22.70,04/15/2024,01:14:00
524,8,2459,0,0,N,25.714100,-80.284042,22.70,04/15/2024,01:14:00
572,31,2395,3,0,N,25.714100,-80.284035,22.70,04/15/2024,01:14:00
563,76,2410,7,0,N,25.714100,-80.284035,22.70,04/15/2024,01:14:00
601,106,2385,10,0,N,25.714100,-80.284035,22.70,04/15/2024,01:14:00
568,67,2381,6,0,N,25.714100,-80.284035,22.70,04/15/2024,01:14:00
524,76,2437,8,0,N,25.714102,-80.284035,22.70,04/15/2024,01:14:01
550,73,2388,7,0,N,25.714102,-80.284035,22.60,04/15/2024,01:14:01
563,78,2388,7,0,N,25.714102,-80.284035,22.60,04/15/2024,01:14:01
554,72,2400,7,0,N,25.714102,-80.284035,22.60,04/15/2024,01:14:01
548,78,2392,8,0,N,25.714102,-80.284027,22.60,04/15/2024,01:14:01
529,80,2407,8,0,N,25.714102,-80.284027,22.70,04/15/2024,01:14:01
546,95,2410,9,0,N,25.714104,-80.284027,22.70,04/15/2024,01:14:01
557,61,2388,6,0,N,25.714104,-80.284027,22.70,04/15/2024,01:14:01
545,78,2407,8,0,N,25.714104,-80.284019,22.70,04/15/2024,01:14:01
540,113,2388,11,0,N,25.714104,-80.284019,22.80,04/15/2024,01:14:01
516,109,2425,11,0,N,25.714104,-80.284019,22.80,04/15/2024,01:14:02
528,95,2400,10,0,N,25.714104,-80.284019,22.70,04/15/2024,01:14:02
536,102,2392,10,0,N,25.714104,-80.284019,22.70,04/15/2024,01:14:02
566,102,2370,10,0,N,25.714104,-80.284019,22.80,04/15/2024,01:14:02
591,102,2333,9,0,N,25.714104,-80.284012,22.80,04/15/2024,01:14:02
548,104,2381,10,0,N,25.714104,-80.284012,22.90,04/15/2024,01:14:02
497,147,2422,16,0,N,25.714102,-80.284012,22.90,04/15/2024,01:14:02
540,219,2388,22,0,N,25.714102,-80.284012,22.80,04/15/2024,01:14:02
552,256,2366,24,1,NNE,25.714102,-80.284012,22.80,04/15/2024,01:14:02
545,274,2333,26,1,NNE,25.714102,-80.284012,22.80,04/15/2024,01:14:02
542,291,2336,28,1,NNE,25.714102,-80.284004,22.80,04/15/2024,01:14:03
508,281,2378,28,1,NNE,25.714102,-80.284004,22.80,04/15/2024,01:14:03
479,317,2403,33,1,NNE,25.714102,-80.284004,22.80,04/15/2024,01:14:03
460,359,2381,37,1,NNE,25.714102,-80.284004,22.80,04/15/2024,01:14:03
485,393,2381,39,1,NNE,25.714102,-80.284004,22.80,04/15/2024,01:14:03
488,407,2351,39,1,NNE,25.714102,-80.284004,22.70,04/15/2024,01:14:03
463,407,2378,41,1,NNE,25.714102,-80.284004,22.70,04/15/2024,01:14:03
433,399,2385,42,1,NNE,25.714102,-80.284004,22.60,04/15/2024,01:14:03
422,416,2403,44,1,NNE,25.714102,-80.284004,22.60,04/15/2024,01:14:03
422,454,2403,47,2,NE,25.714102,-80.283997,22.60,04/15/2024,01:14:03
426,484,2378,48,2,NE,25.714102,-80.283997,22.60,04/15/2024,01:14:03
392,504,2388,52,2,NE,25.714102,-80.283997,22.60,04/15/2024,01:14:04
381,519,2392,53,2,NE,25.714102,-80.283997,22.60,04/15/2024,01:14:04
374,479,2433,52,2,NE,25.714102,-80.283997,22.60,04/15/2024,01:14:04
372,526,2430,54,2,NE,25.714102,-80.283997,22.50,04/15/2024,01:14:04
383,532,2433,54,2,NE,25.714104,-80.283997,22.50,04/15/2024,01:14:04
381,561,2388,55,2,NE,25.714104,-80.283997,22.50,04/15/2024,01:14:04
351,530,2445,56,2,NE,25.714104,-80.283989,22.50,04/15/2024,01:14:04
290,502,2485,59,2,NE,25.714104,-80.283989,22.50,04/15/2024,01:14:04
221,504,2527,66,2,NE,25.714104,-80.283989,22.50,04/15/2024,01:14:05
267,559,2459,64,2,NE,25.714104,-80.283989,22.50,04/15/2024,01:14:05
372,554,2415,56,2,NE,25.714104,-80.283989,22.50,04/15/2024,01:14:05
351,554,2378,57,2,NE,25.714104,-80.283981,22.50,04/15/2024,01:14:05
333,534,2430,58,2,NE,25.714104,-80.283981,22.50,04/15/2024,01:14:05
317,500,2459,57,2,NE,25.714104,-80.283981,22.50,04/15/2024,01:14:05
274,513,2455,61,2,NE,25.714104,-80.283981,22.50,04/15/2024,01:14:05
267,509,2422,62,2,NE,25.714104,-80.283981,22.50,04/15/2024,01:14:05
313,539,2403,59,2,NE,25.714106,-80.283981,22.50,04/15/2024,01:14:05
319,540,2385,59,2,NE,25.714106,-80.283981,22.40,04/15/2024,01:14:05
262,487,2392,61,2,NE,25.714106,-80.283981,22.40,04/15/2024,01:14:05
237,471,2425,63,2,NE,25.714106,-80.283981,22.40,04/15/2024,01:14:05
226,496,2422,65,2,NE,25.714106,-80.283981,22.40,04/15/2024,01:14:06
288,534,2370,61,2,NE,25.714106,-80.283981,22.40,04/15/2024,01:14:06
329,565,2318,59,2,NE,25.714106,-80.283981,22.40,04/15/2024,01:14:06
322,563,2313,60,2,NE,25.714106,-80.283981,22.40,04/15/2024,01:14:06
304,554,2313,61,2,NE,25.714106,-80.283981,22.40,04/15/2024,01:14:06
271,532,2373,63,2,NE,25.714106,-80.283981,22.40,04/15/2024,01:14:06
253,544,2392,65,2,NE,25.714106,-80.283981,22.40,04/15/2024,01:14:06
223,563,2407,68,3,ENE,25.714106,-80.283981,22.40,04/15/2024,01:14:07
256,567,2366,65,2,NE,25.714106,-80.283981,22.40,04/15/2024,01:14:07
253,584,2351,66,2,NE,25.714106,-80.283981,22.40,04/15/2024,01:14:07
249,570,2385,66,2,NE,25.714106,-80.283981,22.40,04/15/2024,01:14:07
231,557,2385,67,2,NE,25.714106,-80.283981,22.40,04/15/2024,01:14:07
194,530,2430,69,3,ENE,25.714106,-80.283981,22.40,04/15/2024,01:14:07
227,561,2418,67,2,NE,25.714108,-80.283981,22.40,04/15/2024,01:14:07
237,574,2392,67,2,NE,25.714108,-80.283981,22.40,04/15/2024,01:14:07
249,583,2381,66,2,NE,25.714109,-80.283981,22.40,04/15/2024,01:14:07
262,557,2395,64,2,NE,25.714109,-80.283981,22.40,04/15/2024,01:14:07
245,541,2418,65,2,NE,25.714109,-80.283981,22.40,04/15/2024,01:14:08
198,502,2474,68,3,ENE,25.714109,-80.283981,22.50,04/15/2024,01:14:08
237,526,2430,65,2,NE,25.714111,-80.283974,22.50,04/15/2024,01:14:08
235,550,2433,66,2,NE,25.714111,-80.283974,22.50,04/15/2024,01:14:08
251,557,2381,65,2,NE,25.714113,-80.283974,22.50,04/15/2024,01:14:08
213,523,2415,67,2,NE,25.714113,-80.283974,22.50,04/15/2024,01:14:08
198,515,2422,68,3,ENE,25.714115,-80.283974,22.50,04/15/2024,01:14:08
187,481,2459,68,3,ENE,25.714115,-80.283974,22.50,04/15/2024,01:14:08
194,526,2407,69,3,ENE,25.714115,-80.283974,22.50,04/15/2024,01:14:08
171,541,2395,72,3,ENE,25.714117,-80.283974,22.50,04/15/2024,01:14:08
125,544,2366,77,3,ENE,25.714117,-80.283974,22.50,04/15/2024,01:14:08
118,554,2385,77,3,ENE,25.714119,-80.283974,22.50,04/15/2024,01:14:09
109,517,2392,78,3,ENE,25.714119,-80.283974,22.50,04/15/2024,01:14:09
119,513,2418,76,3,ENE,25.714121,-80.283974,22.50,04/15/2024,01:14:09
100,546,2418,79,3,ENE,25.714121,-80.283974,22.50,04/15/2024,01:14:09
137,565,2400,76,3,ENE,25.714123,-80.283974,22.50,04/15/2024,01:14:09
158,546,2415,73,3,ENE,25.714123,-80.283974,22.50,04/15/2024,01:14:09
187,536,2422,70,3,ENE,25.714125,-80.283974,22.50,04/15/2024,01:14:09
184,550,2445,71,3,ENE,25.714125,-80.283974,22.50,04/15/2024,01:14:09
168,530,2470,72,3,ENE,25.714127,-80.283974,22.50,04/15/2024,01:14:09
191,557,2474,71,3,ENE,25.714127,-80.283974,22.60,04/15/2024,01:14:09
176,567,2455,72,3,ENE,25.714128,-80.283974,22.60,04/15/2024,01:14:10
205,593,2459,70,3,ENE,25.714128,-80.283974,22.60,04/15/2024,01:14:10
192,596,2489,72,3,ENE,25.714130,-80.283974,22.60,04/15/2024,01:14:10
223,559,2485,68,3,ENE,25.714130,-80.283974,22.60,04/15/2024,01:14:10
210,534,2541,68,3,ENE,25.714134,-80.283981,22.60,04/15/2024,01:14:10
235,539,2567,66,2,NE,25.714134,-80.283981,22.50,04/15/2024,01:14:10
194,567,2567,71,3,ENE,25.714134,-80.283981,22.50,04/15/2024,01:14:10
221,591,2564,69,3,ENE,25.714136,-80.283981,22.50,04/15/2024,01:14:10
198,576,2541,71,3,ENE,25.714138,-80.283981,22.50,04/15/2024,01:14:11
227,567,2594,68,3,ENE,25.714138,-80.283981,22.40,04/15/2024,01:14:11
245,544,2631,65,2,NE,25.714138,-80.283981,22.40,04/15/2024,01:14:11
215,528,2656,67,2,NE,25.714142,-80.283981,22.40,04/15/2024,01:14:11
210,526,2646,68,3,ENE,25.714142,-80.283981,22.40,04/15/2024,01:14:11
162,523,2676,72,3,ENE,25.714142,-80.283981,22.40,04/15/2024,01:14:11
144,522,2683,74,3,ENE,25.714142,-80.283981,22.40,04/15/2024,01:14:11
134,523,2698,75,3,ENE,25.714142,-80.283981,22.40,04/15/2024,01:14:11
104,540,2676,79,3,ENE,25.714144,-80.283981,22.40,04/15/2024,01:14:11
109,557,2661,78,3,ENE,25.714144,-80.283981,22.60,04/15/2024,01:14:11
97,544,2668,79,3,ENE,25.714144,-80.283981,22.60,04/15/2024,01:14:11
100,546,2661,79,3,ENE,25.714146,-80.283981,22.60,04/15/2024,01:14:12
109,548,2690,78,3,ENE,25.714148,-80.283981,22.60,04/15/2024,01:14:12
111,540,2661,78,3,ENE,25.714148,-80.283981,22.50,04/15/2024,01:14:12
-36,552,2679,93,4,E,25.714148,-80.283981,22.50,04/15/2024,01:14:12
-53,563,2649,95,4,E,25.714148,-80.283981,22.50,04/15/2024,01:14:12
-63,557,2661,96,4,E,25.714151,-80.283981,22.50,04/15/2024,01:14:12
-63,550,2649,96,4,E,25.714151,-80.283981,22.30,04/15/2024,01:14:12
-75,559,2641,97,4,E,25.714153,-80.283981,22.30,04/15/2024,01:14:12
-84,567,2634,98,4,E,25.714153,-80.283981,22.20,04/15/2024,01:14:12
-79,574,2626,97,4,E,25.714155,-80.283981,22.20,04/15/2024,01:14:13
-68,587,2641,96,4,E,25.714155,-80.283981,22.20,04/15/2024,01:14:13
-68,576,2616,96,4,E,25.714157,-80.283981,22.20,04/15/2024,01:14:13
-67,583,2623,96,4,E,25.714157,-80.283981,22.10,04/15/2024,01:14:13
-71,595,2634,96,4,E,25.714159,-80.283974,22.10,04/15/2024,01:14:13
-73,599,2616,96,4,E,25.714159,-80.283974,22.10,04/15/2024,01:14:13
-50,599,2623,94,4,E,25.714161,-80.283974,22.10,04/15/2024,01:14:13
-57,589,2611,95,4,E,25.714161,-80.283974,22.00,04/15/2024,01:14:13
-59,591,2616,95,4,E,25.714161,-80.283974,22.00,04/15/2024,01:14:13
-53,601,2619,95,4,E,25.714161,-80.283974,22.10,04/15/2024,01:14:13
-43,608,2631,94,4,E,25.714163,-80.283974,22.10,04/15/2024,01:14:14
-57,584,2619,95,4,E,25.714163,-80.283974,22.20,04/15/2024,01:14:14
-47,599,2616,94,4,E,25.714163,-80.283974,22.20,04/15/2024,01:14:14
-47,599,2623,94,4,E,25.714163,-80.283974,22.20,04/15/2024,01:14:14
-55,609,2611,95,4,E,25.714165,-80.283974,22.20,04/15/2024,01:14:14
-57,608,2601,95,4,E,25.714165,-80.283974,22.20,04/15/2024,01:14:14
-38,601,2616,93,4,E,25.714169,-80.283974,22.20,04/15/2024,01:14:14
-61,612,2601,95,4,E,25.714169,-80.283974,21.80,04/15/2024,01:14:14
-47,612,2601,94,4,E,25.714169,-80.283974,21.80,04/15/2024,01:14:14
-45,625,2604,94,4,E,25.714169,-80.283974,21.80,04/15/2024,01:14:14
-59,631,2579,95,4,E,25.714170,-80.283974,21.80,04/15/2024,01:14:14
-59,631,2571,95,4,E,25.714170,-80.283974,21.80,04/15/2024,01:14:14
-59,644,2556,95,4,E,25.714170,-80.283974,21.80,04/15/2024,01:14:15
-47,657,2544,94,4,E,25.714170,-80.283974,21.90,04/15/2024,01:14:15
-34,660,2567,92,4,E,25.714172,-80.283974,21.90,04/15/2024,01:14:15
-12,677,2552,91,4,E,25.714172,-80.283974,21.80,04/15/2024,01:14:15
24,690,2541,88,3,ENE,25.714174,-80.283974,21.80,04/15/2024,01:14:15
45,673,2549,86,3,ENE,25.714174,-80.283974,22.00,04/15/2024,01:14:15
86,683,2552,82,3,ENE,25.714174,-80.283974,22.00,04/15/2024,01:14:15
82,681,2549,83,3,ENE,25.714174,-80.283974,22.00,04/15/2024,01:14:15
100,664,2559,81,3,ENE,25.714174,-80.283966,22.00,04/15/2024,01:14:15
113,657,2574,80,3,ENE,25.714174,-80.283966,22.00,04/15/2024,01:14:15
113,651,2574,80,3,ENE,25.714176,-80.283966,22.00,04/15/2024,01:14:16
118,657,2571,79,3,ENE,25.714176,-80.283966,22.00,04/15/2024,01:14:16
119,642,2597,79,3,ENE,25.714178,-80.283966,22.00,04/15/2024,01:14:16
113,639,2594,79,3,ENE,25.714178,-80.283966,22.00,04/15/2024,01:14:16
129,642,2604,78,3,ENE,25.714178,-80.283966,22.00,04/15/2024,01:14:16
137,618,2616,77,3,ENE,25.714178,-80.283966,22.00,04/15/2024,01:14:16
194,618,2611,72,3,ENE,25.714178,-80.283966,22.00,04/15/2024,01:14:16
266,603,2567,66,2,NE,25.714178,-80.283966,22.00,04/15/2024,01:14:16
317,583,2589,61,2,NE,25.714178,-80.283966,22.00,04/15/2024,01:14:16
313,565,2601,61,2,NE,25.714178,-80.283966,22.00,04/15/2024,01:14:16
314,552,2611,60,2,NE,25.714180,-80.283966,22.00,04/15/2024,01:14:17
317,544,2619,59,2,NE,25.714180,-80.283966,22.00,04/15/2024,01:14:17
314,530,2616,59,2,NE,25.714180,-80.283966,21.80,04/15/2024,01:14:17
351,526,2589,56,2,NE,25.714180,-80.283966,21.80,04/15/2024,01:14:17
365,522,2608,55,2,NE,25.714180,-80.283966,21.80,04/15/2024,01:14:17
378,509,2594,53,2,NE,25.714180,-80.283966,21.80,04/15/2024,01:14:17
398,509,2631,51,2,NE,25.714180,-80.283966,21.90,04/15/2024,01:14:17
386,485,2626,51,2,NE,25.714180,-80.283966,21.90,04/15/2024,01:14:17
404,477,2623,49,2,NE,25.714180,-80.283966,21.90,04/15/2024,01:14:17
406,477,2619,49,2,NE,25.714180,-80.283966,21.90,04/15/2024,01:14:18
417,460,2608,47,2,NE,25.714180,-80.283966,21.80,04/15/2024,01:14:18
420,429,2653,45,2,NE,25.714180,-80.283966,21.80,04/15/2024,01:14:18
420,431,2641,45,2,NE,25.714180,-80.283966,21.80,04/15/2024,01:14:18
434,445,2631,45,2,NE,25.714180,-80.283966,21.80,04/15/2024,01:14:18
488,471,2579,43,1,NNE,25.714180,-80.283966,21.80,04/15/2024,01:14:18
529,390,2586,36,1,NNE,25.714180,-80.283966,21.90,04/15/2024,01:14:18
538,214,2646,21,0,N,25.714180,-80.283966,21.90,04/15/2024,01:14:19
572,216,2616,20,0,N,25.714180,-80.283966,21.90,04/15/2024,01:14:19
593,185,2586,17,0,N,25.714180,-80.283966,21.90,04/15/2024,01:14:19
589,133,2597,12,0,N,25.714180,-80.283966,22.00,04/15/2024,01:14:19
581,108,2604,10,0,N,25.714180,-80.283966,22.00,04/15/2024,01:14:19
600,59,2608,5,0,N,25.714180,-80.283966,22.00,04/15/2024,01:14:19
581,47,2582,4,0,N,25.714180,-80.283966,22.00,04/15/2024,01:14:19
587,30,2619,2,0,N,25.714180,-80.283966,22.00,04/15/2024,01:14:19
568,18,2608,1,0,N,25.714180,-80.283966,22.00,04/15/2024,01:14:19
561,36,2619,3,0,N,25.714180,-80.283966,22.00,04/15/2024,01:14:19
552,23,2641,2,0,N,25.714180,-80.283966,22.00,04/15/2024,01:14:19
550,14,2638,1,0,N,25.714180,-80.283966,22.00,04/15/2024,01:14:19
546,23,2653,2,0,N,25.714180,-80.283966,22.00,04/15/2024,01:14:20
548,4,2661,0,0,N,25.714180,-80.283966,22.10,04/15/2024,01:14:20
568,10,2634,1,0,N,25.714180,-80.283966,22.10,04/15/2024,01:14:20
579,31,2616,3,0,N,25.714180,-80.283966,22.10,04/15/2024,01:14:20
579,36,2634,3,0,N,25.714180,-80.283966,22.10,04/15/2024,01:14:20
534,0,2671,0,0,N,25.714180,-80.283966,22.10,04/15/2024,01:14:20
514,23,2679,2,0,N,25.714180,-80.283966,22.10,04/15/2024,01:14:20
563,59,2671,5,0,N,25.714180,-80.283966,22.10,04/15/2024,01:14:20
614,93,2634,8,0,N,25.714180,-80.283966,22.10,04/15/2024,01:14:20
652,147,2601,12,0,N,25.714180,-80.283966,22.10,04/15/2024,01:14:20
664,171,2544,14,0,N,25.714180,-80.283966,22.10,04/15/2024,01:14:21
639,232,2559,19,0,N,25.714180,-80.283966,22.10,04/15/2024,01:14:21
630,253,2574,21,0,N,25.714180,-80.283966,22.10,04/15/2024,01:14:21
615,298,2544,25,1,NNE,25.714180,-80.283966,22.10,04/15/2024,01:14:21
662,356,2482,28,1,NNE,25.714180,-80.283966,22.10,04/15/2024,01:14:21
675,361,2448,28,1,NNE,25.714180,-80.283966,22.10,04/15/2024,01:14:21
725,352,2388,25,1,NNE,25.714180,-80.283966,22.10,04/15/2024,01:14:21
657,464,2392,35,1,NNE,25.714180,-80.283966,22.10,04/15/2024,01:14:22
623,458,2410,36,1,NNE,25.714180,-80.283966,22.10,04/15/2024,01:14:22
660,484,2363,36,1,NNE,25.714180,-80.283966,22.10,04/15/2024,01:14:22
638,571,2251,41,1,NNE,25.714180,-80.283966,22.10,04/15/2024,01:14:22
660,522,2266,38,1,NNE,25.714180,-80.283966,22.10,04/15/2024,01:14:22
678,471,2254,34,1,NNE,25.714180,-80.283966,22.10,04/15/2024,01:14:22
688,333,2340,25,1,NNE,25.714180,-80.283966,22.10,04/15/2024,01:14:22
678,219,2358,17,0,N,25.714180,-80.283966,22.10,04/15/2024,01:14:22
636,179,2370,15,0,N,25.714180,-80.283966,22.20,04/15/2024,01:14:22
634,181,2370,15,0,N,25.714180,-80.283966,22.20,04/15/2024,01:14:23
623,245,2336,21,0,N,25.714180,-80.283966,22.30,04/15/2024,01:14:23
584,196,2355,18,0,N,25.714180,-80.283966,22.30,04/15/2024,01:14:23
575,160,2373,15,0,N,25.714180,-80.283966,22.30,04/15/2024,01:14:23
550,150,2407,15,0,N,25.714178,-80.283966,22.30,04/15/2024,01:14:23
552,159,2370,16,0,N,25.714178,-80.283966,22.40,04/15/2024,01:14:23
564,253,2296,24,1,NNE,25.714178,-80.283966,22.40,04/15/2024,01:14:23
538,234,2343,23,1,NNE,25.714178,-80.283966,22.40,04/15/2024,01:14:23
522,166,2358,17,0,N,25.714178,-80.283966,22.40,04/15/2024,01:14:23
502,163,2358,17,0,N,25.714178,-80.283966,22.50,04/15/2024,01:14:23
502,201,2363,21,0,N,25.714178,-80.283966,22.50,04/15/2024,01:14:24
546,209,2321,20,0,N,25.714178,-80.283966,22.50,04/15/2024,01:14:24
579,196,2318,18,0,N,25.714178,-80.283966,22.50,04/15/2024,01:14:24
568,185,2321,18,0,N,25.714178,-80.283966,22.60,04/15/2024,01:14:24
564,146,2355,14,0,N,25.714178,-80.283966,22.60,04/15/2024,01:14:24
497,175,2403,19,0,N,25.714178,-80.283966,22.60,04/15/2024,01:14:24
564,270,2336,25,1,NNE,25.714178,-80.283958,22.60,04/15/2024,01:14:24
583,281,2321,25,1,NNE,25.714178,-80.283958,22.60,04/15/2024,01:14:24
597,192,2336,17,0,N,25.714178,-80.283958,22.60,04/15/2024,01:14:24
571,171,2358,16,0,N,25.714178,-80.283958,22.70,04/15/2024,01:14:24
540,202,2381,20,0,N,25.714178,-80.283958,22.70,04/15/2024,01:14:25
542,264,2348,25,1,NNE,25.714178,-80.283958,22.70,04/15/2024,01:14:25
600,307,2251,27,1,NNE,25.714178,-80.283958,22.70,04/15/2024,01:14:25
607,298,2251,26,1,NNE,25.714178,-80.283958,22.70,04/15/2024,01:14:25
600,249,2284,22,0,N,25.714178,-80.283958,22.70,04/15/2024,01:14:25
587,202,2325,18,0,N,25.714178,-80.283958,22.80,04/15/2024,01:14:25
561,184,2343,18,0,N,25.714178,-80.283958,22.80,04/15/2024,01:14:25
572,190,2328,18,0,N,25.714178,-80.283958,23.10,04/15/2024,01:14:25
627,192,2273,17,0,N,25.714178,-80.283958,23.10,04/15/2024,01:14:25
623,152,2303,13,0,N,25.714178,-80.283958,23.10,04/15/2024,01:14:25
589,117,2310,11,0,N,25.714178,-80.283958,23.10,04/15/2024,01:14:25
571,129,2370,12,0,N,25.714178,-80.283958,23.20,04/15/2024,01:14:25
557,111,2378,11,0,N,25.714178,-80.283958,23.20,04/15/2024,01:14:26
607,36,2348,3,0,N,25.714178,-80.283958,23.20,04/15/2024,01:14:26
618,-5,2318,0,0,N,25.714178,-80.283958,23.20,04/15/2024,01:14:26
597,-50,2358,-4,15,NNW,25.714178,-80.283958,23.20,04/15/2024,01:14:26
548,-116,2366,-11,15,NNW,25.714178,-80.283958,23.20,04/15/2024,01:14:26
497,-94,2437,-10,15,NNW,25.714178,-80.283958,23.20,04/15/2024,01:14:26
469,-105,2445,-12,15,NNW,25.714180,-80.283958,23.20,04/15/2024,01:14:26
463,-106,2448,-12,15,NNW,25.714180,-80.283958,23.30,04/15/2024,01:14:26
475,-125,2440,-14,15,NNW,25.714180,-80.283958,23.30,04/15/2024,01:14:26
477,-108,2437,-12,15,NNW,25.714180,-80.283958,23.20,04/15/2024,01:14:26
506,-42,2448,-4,15,NNW,25.714178,-80.283958,23.20,04/15/2024,01:14:27
550,-7,2400,0,0,N,25.714178,-80.283958,23.30,04/15/2024,01:14:27
579,-7,2381,0,0,N,25.714178,-80.283958,23.30,04/15/2024,01:14:27
559,8,2395,0,0,N,25.714178,-80.283958,23.30,04/15/2024,01:14:27
550,8,2407,0,0,N,25.714176,-80.283958,23.30,04/15/2024,01:14:27
516,-20,2433,-2,15,NNW,25.714176,-80.283958,23.30,04/15/2024,01:14:27
485,44,2459,5,0,N,25.714176,-80.283958,23.40,04/15/2024,01:14:27
495,18,2470,2,0,N,25.714176,-80.283958,23.40,04/15/2024,01:14:27
495,-9,2455,-1,15,NNW,25.714176,-80.283958,23.40,04/15/2024,01:14:27
491,-5,2474,0,0,N,25.714176,-80.283958,23.40,04/15/2024,01:14:27
497,-16,2467,-1,15,NNW,25.714172,-80.283958,23.40,04/15/2024,01:14:28
509,-16,2467,-1,15,NNW,25.714172,-80.283958,23.40,04/15/2024,01:14:28
522,-39,2433,-4,15,NNW,25.714170,-80.283958,23.40,04/15/2024,01:14:28
508,-29,2452,-3,15,NNW,25.714170,-80.283958,23.40,04/15/2024,01:14:28
499,-30,2474,-3,15,NNW,25.714170,-80.283958,23.40,04/15/2024,01:14:28
495,-7,2482,0,0,N,25.714170,-80.283958,23.40,04/15/2024,01:14:28
488,-13,2474,-1,15,NNW,25.714167,-80.283966,23.40,04/15/2024,01:14:28
485,8,2474,0,0,N,25.714167,-80.283966,23.50,04/15/2024,01:14:28
520,38,2462,4,0,N,25.714167,-80.283966,23.50,04/15/2024,01:14:28
546,23,2437,2,0,N,25.714167,-80.283966,23.50,04/15/2024,01:14:29
538,25,2422,2,0,N,25.714163,-80.283966,23.50,04/15/2024,01:14:29
497,0,2459,0,0,N,25.714163,-80.283966,23.50,04/15/2024,01:14:29
456,-7,2515,0,0,N,25.714161,-80.283966,23.50,04/15/2024,01:14:29
471,-12,2470,-1,15,NNW,25.714161,-80.283966,23.40,04/15/2024,01:14:29
491,-30,2459,-3,15,NNW,25.714159,-80.283966,23.40,04/15/2024,01:14:29
506,-29,2474,-3,15,NNW,25.714157,-80.283966,23.40,04/15/2024,01:14:29
552,-29,2407,-3,15,NNW,25.714157,-80.283966,23.40,04/15/2024,01:14:29
545,-68,2370,-7,15,NNW,25.714157,-80.283966,23.40,04/15/2024,01:14:30
506,-64,2418,-7,15,NNW,25.714157,-80.283966,23.50,04/15/2024,01:14:30
508,-55,2378,-6,15,NNW,25.714153,-80.283966,23.50,04/15/2024,01:14:30
518,-55,2410,-6,15,NNW,25.714153,-80.283966,23.60,04/15/2024,01:14:30
557,-60,2363,-6,15,NNW,25.714151,-80.283966,23.60,04/15/2024,01:14:30
559,-58,2355,-5,15,NNW,25.714151,-80.283966,23.60,04/15/2024,01:14:30
542,-55,2381,-5,15,NNW,25.714151,-80.283966,23.60,04/15/2024,01:14:30
542,-62,2392,-6,15,NNW,25.714151,-80.283966,23.60,04/15/2024,01:14:30
497,-54,2425,-6,15,NNW,25.714149,-80.283966,23.60,04/15/2024,01:14:30
502,-12,2422,-1,15,NNW,25.714149,-80.283966,23.60,04/15/2024,01:14:30
545,4,2395,0,0,N,25.714146,-80.283966,23.60,04/15/2024,01:14:31
591,30,2348,2,0,N,25.714146,-80.283966,23.80,04/15/2024,01:14:31
609,-30,2313,-2,15,NNW,25.714146,-80.283966,23.80,04/15/2024,01:14:31
589,-35,2336,-3,15,NNW,25.714146,-80.283966,23.80,04/15/2024,01:14:31
563,-46,2348,-4,15,NNW,25.714144,-80.283966,23.80,04/15/2024,01:14:31
527,-20,2425,-2,15,NNW,25.714144,-80.283966,23.80,04/15/2024,01:14:31
554,-30,2388,-3,15,NNW,25.714142,-80.283966,23.80,04/15/2024,01:14:31
579,-12,2400,-1,15,NNW,25.714142,-80.283966,23.80,04/15/2024,01:14:31
579,10,2370,0,0,N,25.714140,-80.283966,23.80,04/15/2024,01:14:31
563,25,2388,2,0,N,25.714140,-80.283966,23.80,04/15/2024,01:14:31
554,53,2415,5,0,N,25.714140,-80.283966,23.80,04/15/2024,01:14:31
522,91,2433,9,0,N,25.714140,-80.283966,23.80,04/15/2024,01:14:31
488,116,2433,13,0,N,25.714140,-80.283966,23.80,04/15/2024,01:14:32
524,82,2430,8,0,N,25.714140,-80.283966,23.80,04/15/2024,01:14:32
546,89,2363,9,0,N,25.714140,-80.283966,23.80,04/15/2024,01:14:32
561,113,2366,11,0,N,25.714140,-80.283966,23.80,04/15/2024,01:14:32
550,95,2366,9,0,N,25.714138,-80.283966,23.80,04/15/2024,01:14:32
540,99,2363,10,0,N,25.714138,-80.283966,23.80,04/15/2024,01:14:32
491,126,2407,14,0,N,25.714138,-80.283966,23.90,04/15/2024,01:14:32
518,109,2385,11,0,N,25.714138,-80.283966,23.90,04/15/2024,01:14:32
534,111,2355,11,0,N,25.714136,-80.283966,23.90,04/15/2024,01:14:32
552,104,2348,10,0,N,25.714136,-80.283966,23.90,04/15/2024,01:14:33
552,104,2340,10,0,N,25.714136,-80.283966,24.10,04/15/2024,01:14:33
514,120,2378,13,0,N,25.714136,-80.283966,24.10,04/15/2024,01:14:33
497,159,2385,17,0,N,25.714136,-80.283966,24.20,04/15/2024,01:14:33
520,86,2395,9,0,N,25.714136,-80.283966,24.20,04/15/2024,01:14:33
552,67,2381,6,0,N,25.714132,-80.283958,24.20,04/15/2024,01:14:33
583,51,2355,4,0,N,25.714132,-80.283958,25.30,04/15/2024,01:14:33
587,55,2378,5,0,N,25.714132,-80.283958,25.30,04/15/2024,01:14:33
575,25,2381,2,0,N,25.714132,-80.283958,25.40,04/15/2024,01:14:33
522,65,2482,7,0,N,25.714132,-80.283958,25.40,04/15/2024,01:14:33
520,17,2477,1,0,N,25.714132,-80.283958,25.40,04/15/2024,01:14:33
532,36,2482,3,0,N,25.714134,-80.283958,25.40,04/15/2024,01:14:34
554,21,2474,2,0,N,25.714134,-80.283958,25.50,04/15/2024,01:14:34
540,10,2489,1,0,N,25.714134,-80.283958,25.50,04/15/2024,01:14:34
520,0,2507,0,0,N,25.714134,-80.283958,25.50,04/15/2024,01:14:34
529,10,2522,1,0,N,25.714136,-80.283958,25.50,04/15/2024,01:14:34
524,-18,2527,-1,15,NNW,25.714136,-80.283958,25.60,04/15/2024,01:14:34
502,8,2564,0,0,N,25.714136,-80.283958,25.60,04/15/2024,01:14:34
499,-46,2579,-5,15,NNW,25.714136,-80.283958,25.50,04/15/2024,01:14:34
503,-37,2564,-4,15,NNW,25.714136,-80.283958,25.50,04/15/2024,01:14:35
552,27,2567,2,0,N,25.714136,-80.283958,25.50,04/15/2024,01:14:35
559,21,2564,2,0,N,25.714138,-80.283958,25.50,04/15/2024,01:14:35
542,6,2571,0,0,N,25.714138,-80.283958,25.60,04/15/2024,01:14:35
527,4,2626,0,0,N,25.714138,-80.283958,25.60,04/15/2024,01:14:35
491,17,2671,1,0,N,25.714138,-80.283958,25.60,04/15/2024,01:14:35
484,-3,2668,0,0,N,25.714140,-80.283958,25.60,04/15/2024,01:14:35
524,-24,2641,-2,15,NNW,25.714140,-80.283958,25.70,04/15/2024,01:14:35
528,0,2638,0,0,N,25.714142,-80.283958,25.70,04/15/2024,01:14:35
520,-3,2664,0,0,N,25.714142,-80.283958,25.80,04/15/2024,01:14:35
527,-3,2668,0,0,N,25.714144,-80.283951,25.80,04/15/2024,01:14:36
499,-73,2664,-8,15,NNW,25.714144,-80.283951,26.00,04/15/2024,01:14:36
479,-62,2701,-7,15,NNW,25.714144,-80.283951,26.00,04/15/2024,01:14:36
489,-128,2664,-14,15,NNW,25.714144,-80.283951,26.00,04/15/2024,01:14:36
491,-170,2641,-19,15,NNW,25.714144,-80.283951,26.00,04/15/2024,01:14:36
527,-163,2626,-17,15,NNW,25.714144,-80.283951,26.30,04/15/2024,01:14:36
542,-163,2626,-16,15,NNW,25.714148,-80.283951,26.30,04/15/2024,01:14:36
548,-134,2653,-13,15,NNW,25.714148,-80.283951,26.80,04/15/2024,01:14:36
514,-151,2653,-16,15,NNW,25.714148,-80.283951,26.80,04/15/2024,01:14:36
467,-174,2686,-20,15,NNW,25.714148,-80.283943,26.80,04/15/2024,01:14:36
506,-208,2619,-22,15,NNW,25.714148,-80.283943,26.90,04/15/2024,01:14:36
514,-210,2631,-22,15,NNW,25.714149,-80.283943,26.90,04/15/2024,01:14:37
524,-196,2634,-20,15,NNW,25.714149,-80.283943,27.20,04/15/2024,01:14:37
516,-193,2631,-20,15,NNW,25.714151,-80.283943,27.20,04/15/2024,01:14:37
503,-191,2638,-20,15,NNW,25.714151,-80.283943,27.10,04/15/2024,01:14:37
518,-218,2589,-22,15,NNW,25.714153,-80.283943,27.10,04/15/2024,01:14:37
495,-241,2594,-25,14,NW,25.714153,-80.283943,27.00,04/15/2024,01:14:37
489,-231,2582,-25,14,NW,25.714155,-80.283943,27.00,04/15/2024,01:14:37
497,-286,2556,-29,14,NW,25.714155,-80.283943,27.10,04/15/2024,01:14:37
491,-261,2589,-27,14,NW,25.714157,-80.283943,27.10,04/15/2024,01:14:37
495,-241,2567,-25,14,NW,25.714159,-80.283943,27.10,04/15/2024,01:14:38
499,-222,2571,-23,14,NW,25.714159,-80.283943,26.60,04/15/2024,01:14:38
485,-222,2571,-24,14,NW,25.714159,-80.283943,26.60,04/15/2024,01:14:38
460,-241,2574,-27,14,NW,25.714163,-80.283943,26.60,04/15/2024,01:14:38
451,-224,2582,-26,14,NW,25.714163,-80.283943,26.20,04/15/2024,01:14:38
460,-241,2574,-27,14,NW,25.714165,-80.283943,26.20,04/15/2024,01:14:38
484,-231,2534,-25,14,NW,25.714165,-80.283943,26.00,04/15/2024,01:14:38
488,-180,2567,-20,15,NNW,25.714165,-80.283943,26.00,04/15/2024,01:14:38
497,-147,2567,-16,15,NNW,25.714165,-80.283943,26.00,04/15/2024,01:14:38
506,-106,2552,-11,15,NNW,25.714167,-80.283943,26.00,04/15/2024,01:14:39
528,-90,2559,-9,15,NNW,25.714167,-80.283943,25.70,04/15/2024,01:14:39
511,-108,2556,-11,15,NNW,25.714169,-80.283943,25.70,04/15/2024,01:14:39
516,-134,2522,-14,15,NNW,25.714169,-80.283943,25.50,04/15/2024,01:14:39
518,-183,2504,-19,15,NNW,25.714169,-80.283943,25.50,04/15/2024,01:14:39
529,-210,2482,-21,15,NNW,25.714170,-80.283943,25.50,04/15/2024,01:14:39
520,-176,2497,-18,15,NNW,25.714170,-80.283943,25.30,04/15/2024,01:14:39
511,-170,2504,-18,15,NNW,25.714170,-80.283943,25.30,04/15/2024,01:14:39
532,-159,2492,-16,15,NNW,25.714172,-80.283943,25.30,04/15/2024,01:14:40
493,-132,2522,-14,15,NNW,25.714172,-80.283943,25.10,04/15/2024,01:14:40
481,-147,2544,-16,15,NNW,25.714174,-80.283943,25.10,04/15/2024,01:14:40
447,-189,2534,-22,15,NNW,25.714174,-80.283943,25.00,04/15/2024,01:14:40
442,-193,2504,-23,14,NW,25.714174,-80.283943,25.00,04/15/2024,01:14:40
481,-200,2497,-22,15,NNW,25.714174,-80.283943,24.90,04/15/2024,01:14:40
491,-193,2500,-21,15,NNW,25.714176,-80.283936,24.90,04/15/2024,01:14:40
463,-163,2530,-19,15,NNW,25.714176,-80.283936,24.80,04/15/2024,01:14:40
441,-167,2549,-20,15,NNW,25.714176,-80.283936,24.80,04/15/2024,01:14:41
424,-183,2534,-23,14,NW,25.714176,-80.283936,24.70,04/15/2024,01:14:41
429,-142,2552,-18,15,NNW,25.714178,-80.283936,24.70,04/15/2024,01:14:41
481,-62,2519,-7,15,NNW,25.714178,-80.283936,24.70,04/15/2024,01:14:41
520,-20,2515,-2,15,NNW,25.714178,-80.283936,24.70,04/15/2024,01:14:41
497,-18,2527,-2,15,NNW,25.714180,-80.283936,24.70,04/15/2024,01:14:41
524,-48,2537,-5,15,NNW,25.714180,-80.283936,24.50,04/15/2024,01:14:41
527,-54,2512,-5,15,NNW,25.714180,-80.283936,24.50,04/15/2024,01:14:41
514,-39,2537,-4,15,NNW,25.714180,-80.283936,24.50,04/15/2024,01:14:41
506,-39,2541,-4,15,NNW,25.714180,-80.283936,24.50,04/15/2024,01:14:41
518,-30,2527,-3,15,NNW,25.714180,-80.283936,24.40,04/15/2024,01:14:41
511,-24,2537,-2,15,NNW,25.714182,-80.283936,24.40,04/15/2024,01:14:42
514,-33,2537,-3,15,NNW,25.714182,-80.283936,23.80,04/15/2024,01:14:42
514,-30,2534,-3,15,NNW,25.714182,-80.283936,23.80,04/15/2024,01:14:42
511,-20,2537,-2,15,NNW,25.714182,-80.283936,23.80,04/15/2024,01:14:42
527,-35,2534,-3,15,NNW,25.714182,-80.283936,23.70,04/15/2024,01:14:42
528,-33,2492,-3,15,NNW,25.714182,-80.283936,23.70,04/15/2024,01:14:42
506,-22,2527,-2,15,NNW,25.714182,-80.283936,23.60,04/15/2024,01:14:42
529,-16,2512,-1,15,NNW,25.714182,-80.283936,23.60,04/15/2024,01:14:42
527,-7,2507,0,0,N,25.714182,-80.283936,23.40,04/15/2024,01:14:42
522,-5,2552,0,0,N,25.714184,-80.283936,23.40,04/15/2024,01:14:43
518,-3,2534,0,0,N,25.714184,-80.283936,23.50,04/15/2024,01:14:43
516,0,2530,0,0,N,25.714184,-80.283936,23.50,04/15/2024,01:14:43
527,-7,2522,0,0,N,25.714184,-80.283936,23.50,04/15/2024,01:14:43
516,-5,2515,0,0,N,25.714184,-80.283936,23.40,04/15/2024,01:14:43
518,-7,2534,0,0,N,25.714184,-80.283928,23.40,04/15/2024,01:14:43
514,-3,2552,0,0,N,25.714184,-80.283928,23.20,04/15/2024,01:14:43
509,-5,2549,0,0,N,25.714184,-80.283928,23.20,04/15/2024,01:14:43
502,10,2556,1,0,N,25.714184,-80.283928,23.20,04/15/2024,01:14:43
506,0,2549,0,0,N,25.714184,-80.283928,23.20,04/15/2024,01:14:44
493,4,2564,0,0,N,25.714184,-80.283928,23.00,04/15/2024,01:14:44
491,14,2541,1,0,N,25.714186,-80.283928,23.00,04/15/2024,01:14:44
493,18,2549,2,0,N,25.714186,-80.283928,22.90,04/15/2024,01:14:44
475,30,2552,3,0,N,25.714186,-80.283928,22.90,04/15/2024,01:14:44
467,47,2582,5,0,N,25.714186,-80.283928,22.90,04/15/2024,01:14:44
460,43,2589,5,0,N,25.714186,-80.283928,22.60,04/15/2024,01:14:44
451,51,2579,6,0,N,25.714188,-80.283928,22.60,04/15/2024,01:14:45
475,44,2564,5,0,N,25.714188,-80.283928,22.60,04/15/2024,01:14:45
445,86,2597,10,0,N,25.714188,-80.283928,22.60,04/15/2024,01:14:45
422,95,2623,12,0,N,25.714188,-80.283928,22.60,04/15/2024,01:14:45
408,98,2608,13,0,N,25.714188,-80.283928,22.60,04/15/2024,01:14:45
402,73,2623,10,0,N,25.714188,-80.283928,22.40,04/15/2024,01:14:45
424,65,2616,8,0,N,25.714188,-80.283928,22.40,04/15/2024,01:14:45
417,65,2604,8,0,N,25.714188,-80.283928,22.40,04/15/2024,01:14:45
430,53,2626,7,0,N,25.714188,-80.283928,22.40,04/15/2024,01:14:45
420,44,2604,5,0,N,25.714188,-80.283928,22.20,04/15/2024,01:14:45
430,44,2611,5,0,N,25.714188,-80.283928,22.20,04/15/2024,01:14:46
429,34,2597,4,0,N,25.714188,-80.283928,22.20,04/15/2024,01:14:46
417,23,2586,3,0,N,25.714188,-80.283928,22.20,04/15/2024,01:14:46
434,14,2608,1,0,N,25.714188,-80.283928,22.00,04/15/2024,01:14:46
447,6,2597,0,0,N,25.714188,-80.283928,22.00,04/15/2024,01:14:46
429,6,2608,0,0,N,25.714188,-80.283928,22.00,04/15/2024,01:14:46
433,-3,2611,0,0,N,25.714188,-80.283928,22.00,04/15/2024,01:14:46
420,-29,2594,-3,15,NNW,25.714188,-80.283928,22.00,04/15/2024,01:14:46
416,-37,2601,-5,15,NNW,25.714188,-80.283928,22.10,04/15/2024,01:14:46
424,-46,2586,-6,15,NNW,25.714188,-80.283928,22.10,04/15/2024,01:14:47
420,-48,2611,-6,15,NNW,25.714188,-80.283928,22.00,04/15/2024,01:14:47
436,-39,2574,-5,15,NNW,25.714188,-80.283928,22.00,04/15/2024,01:14:47
445,-42,2574,-5,15,NNW,25.714188,-80.283928,22.00,04/15/2024,01:14:47
447,-35,2571,-4,15,NNW,25.714188,-80.283928,22.00,04/15/2024,01:14:47
465,-22,2597,-2,15,NNW,25.714188,-80.283928,22.00,04/15/2024,01:14:47
460,-37,2582,-4,15,NNW,25.714188,-80.283928,22.00,04/15/2024,01:14:47
456,-30,2567,-3,15,NNW,25.714188,-80.283928,22.00,04/15/2024,01:14:47
467,-22,2579,-2,15,NNW,25.714188,-80.283928,22.00,04/15/2024,01:14:47
460,-30,2556,-3,15,NNW,25.714188,-80.283928,21.90,04/15/2024,01:14:47
449,-29,2579,-3,15,NNW,25.714188,-80.283928,21.90,04/15/2024,01:14:47
456,-20,2579,-2,15,NNW,25.714188,-80.283928,21.90,04/15/2024,01:14:47
463,-20,2571,-2,15,NNW,25.714188,-80.283928,21.90,04/15/2024,01:14:48
475,-37,2571,-4,15,NNW,25.714188,-80.283928,21.90,04/15/2024,01:14:48
456,-26,2579,-3,15,NNW,25.714188,-80.283928,21.90,04/15/2024,01:14:48
465,-46,2571,-5,15,NNW,25.714188,-80.283928,21.80,04/15/2024,01:14:48
469,-35,2559,-4,15,NNW,25.714188,-80.283928,21.80,04/15/2024,01:14:48
459,-60,2556,-7,15,NNW,25.714188,-80.283928,21.80,04/15/2024,01:14:48
471,-75,2559,-9,15,NNW,25.714188,-80.283928,21.80,04/15/2024,01:14:48
467,-77,2559,-9,15,NNW,25.714188,-80.283928,21.70,04/15/2024,01:14:48
463,-81,2564,-9,15,NNW,25.714188,-80.283928,21.70,04/15/2024,01:14:48
465,-75,2571,-9,15,NNW,25.714188,-80.283928,21.70,04/15/2024,01:14:48
460,-92,2549,-11,15,NNW,25.714188,-80.283928,21.70,04/15/2024,01:14:49
489,-106,2515,-12,15,NNW,25.714188,-80.283928,21.60,04/15/2024,01:14:49
577,-103,2445,-10,15,NNW,25.714188,-80.283928,21.60,04/15/2024,01:14:49
666,-110,2355,-9,15,NNW,25.714188,-80.283928,21.60,04/15/2024,01:14:49
687,-54,2313,-4,15,NNW,25.714188,-80.283928,21.60,04/15/2024,01:14:49
682,-20,2351,-1,15,NNW,25.714188,-80.283928,21.60,04/15/2024,01:14:49
730,-52,2303,-4,15,NNW,25.714188,-80.283928,21.60,04/15/2024,01:14:49
748,-68,2269,-5,15,NNW,25.714186,-80.283928,21.60,04/15/2024,01:14:50
749,-68,2276,-5,15,NNW,25.714186,-80.283928,21.50,04/15/2024,01:14:50
717,-79,2313,-6,15,NNW,25.714186,-80.283928,21.50,04/15/2024,01:14:50
675,-35,2392,-2,15,NNW,25.714186,-80.283928,21.50,04/15/2024,01:14:50
626,-3,2459,0,0,N,25.714186,-80.283928,21.50,04/15/2024,01:14:50
579,-60,2504,-5,15,NNW,25.714186,-80.283928,21.50,04/15/2024,01:14:50
584,-167,2418,-15,15,NNW,25.714186,-80.283928,21.40,04/15/2024,01:14:50
548,-165,2467,-16,15,NNW,25.714186,-80.283928,21.40,04/15/2024,01:14:50
475,-12,2589,-1,15,NNW,25.714186,-80.283928,21.40,04/15/2024,01:14:51
623,116,2470,10,0,N,25.714186,-80.283928,21.40,04/15/2024,01:14:51
680,14,2385,1,0,N,25.714186,-80.283928,21.40,04/15/2024,01:14:51
666,-29,2370,-2,15,NNW,25.714186,-80.283928,21.40,04/15/2024,01:14:51
660,8,2400,0,0,N,25.714186,-80.283928,21.40,04/15/2024,01:14:51
634,30,2418,2,0,N,25.714186,-80.283928,21.30,04/15/2024,01:14:51
623,67,2433,6,0,N,25.714186,-80.283928,21.30,04/15/2024,01:14:51
657,82,2418,7,0,N,25.714186,-80.283928,21.30,04/15/2024,01:14:51
639,102,2407,9,0,N,25.714186,-80.283928,21.30,04/15/2024,01:14:51
609,150,2455,13,0,N,25.714186,-80.283928,21.20,04/15/2024,01:14:51
641,152,2422,13,0,N,25.714186,-80.283928,21.20,04/15/2024,01:14:52
601,181,2445,16,0,N,25.714186,-80.283928,21.20,04/15/2024,01:14:52
634,192,2437,16,0,N,25.714186,-80.283928,21.20,04/15/2024,01:14:52
614,205,2477,18,0,N,25.714186,-80.283928,21.20,04/15/2024,01:14:52
601,185,2474,17,0,N,25.714186,-80.283928,21.20,04/15/2024,01:14:52
591,188,2474,17,0,N,25.714186,-80.283928,21.20,04/15/2024,01:14:52
593,184,2507,17,0,N,25.714186,-80.283928,21.20,04/15/2024,01:14:52
618,166,2482,15,0,N,25.714186,-80.283928,21.10,04/15/2024,01:14:52
611,175,2522,15,0,N,25.714186,-80.283928,21.10,04/15/2024,01:14:52
623,146,2504,13,0,N,25.714186,-80.283928,21.10,04/15/2024,01:14:52
626,133,2507,11,0,N,25.714186,-80.283928,21.10,04/15/2024,01:14:52
621,113,2522,10,0,N,25.714186,-80.283928,21.10,04/15/2024,01:14:52
600,120,2564,11,0,N,25.714186,-80.283928,21.10,04/15/2024,01:14:53
605,137,2579,12,0,N,25.714186,-80.283928,21.10,04/15/2024,01:14:53
595,152,2608,14,0,N,25.714186,-80.283928,21.10,04/15/2024,01:14:53
614,160,2594,14,0,N,25.714186,-80.283928,21.10,04/15/2024,01:14:53
601,171,2616,15,0,N,25.714186,-80.283928,21.10,04/15/2024,01:14:53
587,201,2626,18,0,N,25.714186,-80.283928,21.10,04/15/2024,01:14:53
587,221,2664,20,0,N,25.714186,-80.283928,21.10,04/15/2024,01:14:53
618,249,2638,21,0,N,25.714186,-80.283928,21.00,04/15/2024,01:14:53
626,247,2634,21,0,N,25.714186,-80.283928,21.00,04/15/2024,01:14:53
614,295,2626,25,1,NNE,25.714186,-80.283928,21.00,04/15/2024,01:14:53
621,276,2634,23,1,NNE,25.714186,-80.283928,21.00,04/15/2024,01:14:54
666,230,2638,19,0,N,25.714186,-80.283928,21.00,04/15/2024,01:14:54
675,198,2623,16,0,N,25.714186,-80.283928,21.00,04/15/2024,01:14:54
662,209,2634,17,0,N,25.714186,-80.283928,21.00,04/15/2024,01:14:54
680,216,2604,17,0,N,25.714186,-80.283928,21.00,04/15/2024,01:14:54
654,247,2634,20,0,N,25.714186,-80.283928,21.00,04/15/2024,01:14:54
644,247,2616,20,0,N,25.714186,-80.283928,21.00,04/15/2024,01:14:54
607,291,2619,25,1,NNE,25.714186,-80.283928,21.00,04/15/2024,01:14:54
609,344,2597,29,1,NNE,25.714186,-80.283928,21.10,04/15/2024,01:14:54
657,365,2534,29,1,NNE,25.714186,-80.283928,21.10,04/15/2024,01:14:54
748,304,2407,22,0,N,25.714186,-80.283928,21.10,04/15/2024,01:14:55
678,294,2474,23,1,NNE,25.714186,-80.283928,21.00,04/15/2024,01:14:55
688,260,2482,20,0,N,25.714186,-80.283928,21.00,04/15/2024,01:14:55
707,223,2474,17,0,N,25.714186,-80.283928,21.00,04/15/2024,01:14:55
739,196,2448,14,0,N,25.714186,-80.283928,21.00,04/15/2024,01:14:55
723,184,2433,14,0,N,25.714186,-80.283928,21.00,04/15/2024,01:14:55
778,166,2385,12,0,N,25.714188,-80.283928,21.00,04/15/2024,01:14:55
721,198,2433,15,0,N,25.714188,-80.283928,21.00,04/15/2024,01:14:55
691,219,2448,17,0,N,25.714188,-80.283928,21.00,04/15/2024,01:14:56
657,262,2445,21,0,N,25.714188,-80.283928,21.00,04/15/2024,01:14:56
673,253,2467,20,0,N,25.714188,-80.283928,21.00,04/15/2024,01:14:56
687,219,2440,17,0,N,25.714188,-80.283928,21.00,04/15/2024,01:14:56
733,164,2395,12,0,N,25.714190,-80.283928,21.00,04/15/2024,01:14:56
680,177,2474,14,0,N,25.714190,-80.283928,21.00,04/15/2024,01:14:56
639,129,2534,11,0,N,25.714190,-80.283928,21.00,04/15/2024,01:14:56
657,113,2492,9,0,N,25.714190,-80.283928,21.00,04/15/2024,01:14:56
723,63,2433,4,0,N,25.714191,-80.283928,21.00,04/15/2024,01:14:56
757,53,2395,4,0,N,25.714191,-80.283928,20.90,04/15/2024,01:14:56
696,106,2470,8,0,N,25.714191,-80.283928,20.90,04/15/2024,01:14:57
691,147,2507,12,0,N,25.714191,-80.283928,21.00,04/15/2024,01:14:57
675,214,2549,17,0,N,25.714193,-80.283928,21.00,04/15/2024,01:14:57
657,226,2597,18,0,N,25.714193,-80.283928,21.00,04/15/2024,01:14:57
678,214,2579,17,0,N,25.714193,-80.283936,21.00,04/15/2024,01:14:57
757,160,2512,11,0,N,25.714193,-80.283936,21.00,04/15/2024,01:14:57
717,179,2586,14,0,N,25.714193,-80.283936,21.00,04/15/2024,01:14:57
662,181,2668,15,0,N,25.714193,-80.283936,20.90,04/15/2024,01:14:57
680,143,2646,11,0,N,25.714195,-80.283936,20.90,04/15/2024,01:14:57
687,133,2676,10,0,N,25.714195,-80.283936,20.90,04/15/2024,01:14:58
694,147,2683,11,0,N,25.714195,-80.283936,21.00,04/15/2024,01:14:58
627,234,2753,20,0,N,25.714195,-80.283936,21.00,04/15/2024,01:14:58
602,249,2731,22,0,N,25.714195,-80.283936,21.00,04/15/2024,01:14:58
568,282,2768,26,1,NNE,25.714195,-80.283936,21.00,04/15/2024,01:14:58
557,329,2790,30,1,NNE,25.714197,-80.283943,21.00,04/15/2024,01:14:58
568,333,2753,30,1,NNE,25.714197,-80.283943,20.80,04/15/2024,01:14:58
589,317,2731,28,1,NNE,25.714199,-80.283943,20.80,04/15/2024,01:14:58
597,329,2723,28,1,NNE,25.714199,-80.283943,20.80,04/15/2024,01:14:58
532,335,2738,32,1,NNE,25.714199,-80.283943,20.80,04/15/2024,01:14:58
542,319,2731,30,1,NNE,25.714199,-80.283943,20.80,04/15/2024,01:14:58
581,276,2698,25,1,NNE,25.714199,-80.283943,20.80,04/15/2024,01:14:58
595,264,2679,23,1,NNE,25.714199,-80.283943,20.70,04/15/2024,01:14:58
579,289,2656,26,1,NNE,25.714199,-80.283951,20.70,04/15/2024,01:14:59
581,315,2631,28,1,NNE,25.714199,-80.283951,20.70,04/15/2024,01:14:59
572,317,2619,28,1,NNE,25.714201,-80.283951,20.70,04/15/2024,01:14:59
506,365,2626,35,1,NNE,25.714201,-80.283951,20.70,04/15/2024,01:14:59
475,411,2646,40,1,NNE,25.714201,-80.283951,20.70,04/15/2024,01:14:59
509,405,2601,38,1,NNE,25.714201,-80.283951,20.60,04/15/2024,01:14:59
618,372,2497,31,1,NNE,25.714203,-80.283951,20.60,04/15/2024,01:14:59
577,372,2537,32,1,NNE,25.714203,-80.283951,20.60,04/15/2024,01:14:59
563,374,2537,33,1,NNE,25.714203,-80.283958,20.60,04/15/2024,01:14:59
559,344,2530,31,1,NNE,25.714203,-80.283958,20.60,04/15/2024,01:14:59
597,329,2492,28,1,NNE,25.714205,-80.283958,20.60,04/15/2024,01:15:00
638,344,2418,28,1,NNE,25.714205,-80.283958,20.50,04/15/2024,01:15:00
627,355,2388,29,1,NNE,25.714205,-80.283958,20.50,04/15/2024,01:15:00
602,368,2403,31,1,NNE,25.714205,-80.283958,20.50,04/15/2024,01:15:00
602,363,2400,31,1,NNE,25.714207,-80.283966,20.50,04/15/2024,01:15:00
572,365,2395,32,1,NNE,25.714207,-80.283966,20.50,04/15/2024,01:15:00
572,350,2388,31,1,NNE,25.714209,-80.283966,20.50,04/15/2024,01:15:00
550,325,2415,30,1,NNE,25.714209,-80.283966,20.60,04/15/2024,01:15:00
584,287,2358,26,1,NNE,25.714209,-80.283966,20.60,04/15/2024,01:15:00
627,262,2288,22,0,N,25.714209,-80.283966,20.60,04/15/2024,01:15:00
593,266,2343,24,1,NNE,25.714211,-80.283974,20.60,04/15/2024,01:15:01
609,270,2299,23,1,NNE,25.714211,-80.283974,20.60,04/15/2024,01:15:01
626,262,2281,22,0,N,25.714211,-80.283974,20.60,04/15/2024,01:15:01
669,247,2217,20,0,N,25.714211,-80.283974,20.50,04/15/2024,01:15:01
638,239,2246,20,0,N,25.714211,-80.283974,20.50,04/15/2024,01:15:01
630,227,2269,19,0,N,25.714211,-80.283974,20.50,04/15/2024,01:15:01
595,227,2306,20,0,N,25.714212,-80.283974,20.50,04/15/2024,01:15:01
611,198,2313,17,0,N,25.714212,-80.283974,20.50,04/15/2024,01:15:01
638,185,2318,16,0,N,25.714212,-80.283974,20.50,04/15/2024,01:15:01
660,168,2296,14,0,N,25.714212,-80.283974,20.50,04/15/2024,01:15:01
626,179,2328,15,0,N,25.714216,-80.283981,20.50,04/15/2024,01:15:02
657,177,2318,15,0,N,25.714216,-80.283981,20.40,04/15/2024,01:15:02
641,181,2340,15,0,N,25.714216,-80.283981,20.40,04/15/2024,01:15:02
669,133,2340,11,0,N,25.714216,-80.283981,20.40,04/15/2024,01:15:02
660,109,2358,9,0,N,25.714218,-80.283981,20.40,04/15/2024,01:15:02
682,109,2351,9,0,N,25.714218,-80.283981,20.40,04/15/2024,01:15:02
688,116,2313,9,0,N,25.714218,-80.283989,20.40,04/15/2024,01:15:02
673,139,2363,11,0,N,25.714218,-80.283989,20.40,04/15/2024,01:15:02
632,154,2418,13,0,N,25.714220,-80.283989,20.40,04/15/2024,01:15:03
639,122,2415,10,0,N,25.714220,-80.283989,20.40,04/15/2024,01:15:03
607,133,2459,12,0,N,25.714222,-80.283989,20.40,04/15/2024,01:15:03
591,120,2459,11,0,N,25.714222,-80.283989,20.30,04/15/2024,01:15:03
601,124,2462,11,0,N,25.714224,-80.283989,20.30,04/15/2024,01:15:03
627,137,2437,12,0,N,25.714224,-80.283989,20.20,04/15/2024,01:15:03
641,159,2433,13,0,N,25.714224,-80.283989,20.20,04/15/2024,01:15:03
645,154,2425,13,0,N,25.714224,-80.283989,20.20,04/15/2024,01:15:03
634,143,2440,12,0,N,25.714224,-80.283997,20.20,04/15/2024,01:15:03
634,147,2433,13,0,N,25.714224,-80.283997,20.30,04/15/2024,01:15:03
644,150,2422,13,0,N,25.714226,-80.283997,20.30,04/15/2024,01:15:03
634,150,2430,13,0,N,25.714226,-80.283997,20.20,04/15/2024,01:15:03
644,143,2418,12,0,N,25.714228,-80.283997,20.20,04/15/2024,01:15:04
632,152,2440,13,0,N,25.714228,-80.283997,20.10,04/15/2024,01:15:04
638,159,2425,13,0,N,25.714228,-80.283997,20.10,04/15/2024,01:15:04
627,175,2430,15,0,N,25.714228,-80.283997,20.10,04/15/2024,01:15:04
641,168,2448,14,0,N,25.714230,-80.284004,20.10,04/15/2024,01:15:04
645,152,2415,13,0,N,25.714230,-80.284004,20.00,04/15/2024,01:15:04
644,156,2433,13,0,N,25.714230,-80.284004,20.00,04/15/2024,01:15:04
639,133,2433,11,0,N,25.714230,-80.284004,20.00,04/15/2024,01:15:04
641,124,2433,10,0,N,25.714231,-80.284004,20.00,04/15/2024,01:15:04
648,102,2392,8,0,N,25.714231,-80.284004,19.90,04/15/2024,01:15:04
657,91,2388,7,0,N,25.714231,-80.284004,19.90,04/15/2024,01:15:05
618,56,2410,5,0,N,25.714231,-80.284004,19.90,04/15/2024,01:15:05
619,51,2403,4,0,N,25.714233,-80.284012,19.90,04/15/2024,01:15:05
605,43,2415,4,0,N,25.714233,-80.284012,19.90,04/15/2024,01:15:05
607,51,2433,4,0,N,25.714233,-80.284012,19.90,04/15/2024,01:15:05
572,73,2455,7,0,N,25.714233,-80.284012,19.80,04/15/2024,01:15:05
581,85,2455,8,0,N,25.714237,-80.284012,19.80,04/15/2024,01:15:05
571,108,2462,10,0,N,25.714237,-80.284012,19.70,04/15/2024,01:15:05
557,108,2485,10,0,N,25.714237,-80.284012,19.70,04/15/2024,01:15:05
546,108,2477,11,0,N,25.714237,-80.284012,19.70,04/15/2024,01:15:05
548,82,2482,8,0,N,25.714239,-80.284012,19.70,04/15/2024,01:15:06
522,104,2485,11,0,N,25.714239,-80.284012,19.70,04/15/2024,01:15:06
557,111,2455,11,0,N,25.714241,-80.284019,19.70,04/15/2024,01:15:06
566,141,2445,13,0,N,25.714241,-80.284019,19.70,04/15/2024,01:15:06
529,166,2467,17,0,N,25.714241,-80.284019,19.70,04/15/2024,01:15:06
532,164,2477,17,0,N,25.714241,-80.284019,19.70,04/15/2024,01:15:06
568,159,2470,15,0,N,25.714243,-80.284019,19.70,04/15/2024,01:15:06
561,156,2470,15,0,N,25.714243,-80.284019,19.60,04/15/2024,01:15:06
568,175,2477,17,0,N,25.714243,-80.284019,19.60,04/15/2024,01:15:07
571,202,2515,19,0,N,25.714243,-80.284019,19.60,04/15/2024,01:15:07
534,194,2564,19,0,N,25.714243,-80.284019,19.60,04/15/2024,01:15:07
524,192,2589,20,0,N,25.714245,-80.284019,19.60,04/15/2024,01:15:07
550,171,2544,17,0,N,25.714245,-80.284019,19.60,04/15/2024,01:15:07
579,164,2574,15,0,N,25.714245,-80.284019,19.70,04/15/2024,01:15:07
584,126,2623,12,0,N,25.714245,-80.284019,19.70,04/15/2024,01:15:07
600,104,2574,9,0,N,25.714247,-80.284019,19.70,04/15/2024,01:15:07
591,117,2608,11,0,N,25.714247,-80.284019,19.60,04/15/2024,01:15:07
609,135,2634,12,0,N,25.714247,-80.284027,19.60,04/15/2024,01:15:08
607,171,2623,15,0,N,25.714247,-80.284027,19.60,04/15/2024,01:15:08
632,175,2619,15,0,N,25.714247,-80.284027,19.60,04/15/2024,01:15:08
626,198,2646,17,0,N,25.714247,-80.284027,19.60,04/15/2024,01:15:08
621,205,2631,18,0,N,25.714247,-80.284027,19.60,04/15/2024,01:15:08
623,217,2668,19,0,N,25.714247,-80.284027,19.60,04/15/2024,01:15:08
630,217,2661,19,0,N,25.714247,-80.284027,19.60,04/15/2024,01:15:08
627,205,2671,18,0,N,25.714247,-80.284027,19.60,04/15/2024,01:15:08
638,205,2679,17,0,N,25.714247,-80.284027,19.60,04/15/2024,01:15:08
636,196,2693,17,0,N,25.714247,-80.284027,19.60,04/15/2024,01:15:08
634,175,2690,15,0,N,25.714247,-80.284027,19.60,04/15/2024,01:15:09
623,188,2720,16,0,N,25.714247,-80.284027,19.60,04/15/2024,01:15:09
597,152,2750,14,0,N,25.714247,-80.284027,19.60,04/15/2024,01:15:09
583,156,2760,14,0,N,25.714247,-80.284027,19.60,04/15/2024,01:15:09
611,154,2746,14,0,N,25.714247,-80.284027,19.60,04/15/2024,01:15:09
593,184,2753,17,0,N,25.714247,-80.284027,19.60,04/15/2024,01:15:09
591,171,2757,16,0,N,25.714247,-80.284027,19.60,04/15/2024,01:15:09
564,164,2805,16,0,N,25.714247,-80.284027,19.60,04/15/2024,01:15:09
597,175,2768,16,0,N,25.714247,-80.284027,19.60,04/15/2024,01:15:09
581,163,2787,15,0,N,25.714247,-80.284027,19.60,04/15/2024,01:15:10
546,152,2817,15,0,N,25.714247,-80.284027,19.60,04/15/2024,01:15:10
564,135,2772,13,0,N,25.714247,-80.284027,19.60,04/15/2024,01:15:10
572,129,2787,12,0,N,25.714247,-80.284027,19.60,04/15/2024,01:15:10
542,141,2802,14,0,N,25.714247,-80.284027,19.60,04/15/2024,01:15:10
572,154,2783,15,0,N,25.714247,-80.284027,19.60,04/15/2024,01:15:10
532,168,2805,17,0,N,25.714247,-80.284027,19.60,04/15/2024,01:15:10
524,194,2820,20,0,N,25.714247,-80.284027,19.60,04/15/2024,01:15:10
542,192,2780,19,0,N,25.714247,-80.284027,19.60,04/15/2024,01:15:10
534,198,2802,20,0,N,25.714247,-80.284027,19.60,04/15/2024,01:15:10
529,215,2810,22,0,N,25.714249,-80.284019,19.60,04/15/2024,01:15:10
546,214,2760,21,0,N,25.714249,-80.284019,19.60,04/15/2024,01:15:10
561,232,2743,22,0,N,25.714249,-80.284019,19.60,04/15/2024,01:15:11
564,239,2750,22,0,N,25.714249,-80.284019,19.60,04/15/2024,01:15:11
584,226,2731,21,0,N,25.714251,-80.284019,19.60,04/15/2024,01:15:11
571,223,2735,21,0,N,25.714251,-80.284019,19.60,04/15/2024,01:15:11
554,217,2728,21,0,N,25.714252,-80.284019,19.60,04/15/2024,01:15:11
572,226,2713,21,0,N,25.714252,-80.284019,19.60,04/15/2024,01:15:11
575,202,2698,19,0,N,25.714252,-80.284019,19.60,04/15/2024,01:15:11
575,215,2683,20,0,N,25.714252,-80.284019,19.60,04/15/2024,01:15:11
568,219,2679,21,0,N,25.714256,-80.284019,19.60,04/15/2024,01:15:12
542,209,2735,21,0,N,25.714256,-80.284019,19.60,04/15/2024,01:15:12
516,207,2731,21,0,N,25.714258,-80.284019,19.60,04/15/2024,01:15:12
546,217,2701,21,0,N,25.714258,-80.284019,19.60,04/15/2024,01:15:12
568,215,2676,20,0,N,25.714258,-80.284019,19.60,04/15/2024,01:15:12
571,226,2668,21,0,N,25.714258,-80.284019,19.60,04/15/2024,01:15:12
589,232,2646,21,0,N,25.714262,-80.284019,19.60,04/15/2024,01:15:12
563,227,2693,21,0,N,25.714262,-80.284019,19.60,04/15/2024,01:15:12
527,223,2716,22,0,N,25.714262,-80.284019,19.60,04/15/2024,01:15:12
495,216,2720,23,1,NNE,25.714262,-80.284019,19.60,04/15/2024,01:15:12
529,234,2686,23,1,NNE,25.714266,-80.284019,19.60,04/15/2024,01:15:13
564,270,2661,25,1,NNE,25.714266,-80.284019,19.60,04/15/2024,01:15:13
575,276,2653,25,1,NNE,25.714266,-80.284019,19.60,04/15/2024,01:15:13
609,256,2638,22,0,N,25.714266,-80.284019,19.60,04/15/2024,01:15:13
639,230,2574,19,0,N,25.714272,-80.284019,19.60,04/15/2024,01:15:13
621,234,2597,20,0,N,25.714272,-80.284019,19.40,04/15/2024,01:15:13
619,230,2631,20,0,N,25.714272,-80.284019,19.40,04/15/2024,01:15:13
614,227,2604,20,0,N,25.714272,-80.284019,19.40,04/15/2024,01:15:13
619,226,2616,20,0,N,25.714275,-80.284019,19.40,04/15/2024,01:15:13
602,215,2631,19,0,N,25.714275,-80.284019,19.30,04/15/2024,01:15:13
615,207,2619,18,0,N,25.714277,-80.284019,19.30,04/15/2024,01:15:14
601,217,2646,19,0,N,25.714277,-80.284019,19.30,04/15/2024,01:15:14
589,216,2634,20,0,N,25.714279,-80.284019,19.30,04/15/2024,01:15:14
581,243,2653,22,0,N,25.714279,-80.284019,19.30,04/15/2024,01:15:14
587,230,2653,21,0,N,25.714281,-80.284019,19.30,04/15/2024,01:15:14
581,232,2656,21,0,N,25.714281,-80.284019,19.10,04/15/2024,01:15:14
584,230,2653,21,0,N,25.714283,-80.284019,19.10,04/15/2024,01:15:14
609,219,2646,19,0,N,25.714283,-80.284019,19.10,04/15/2024,01:15:14
621,207,2638,18,0,N,25.714283,-80.284019,19.10,04/15/2024,01:15:14
630,209,2638,18,0,N,25.714285,-80.284019,19.10,04/15/2024,01:15:14
621,219,2656,19,0,N,25.714285,-80.284019,19.10,04/15/2024,01:15:14
621,211,2676,18,0,N,25.714287,-80.284019,19.10,04/15/2024,01:15:15
605,207,2690,18,0,N,25.714287,-80.284019,19.10,04/15/2024,01:15:15
626,245,2686,21,0,N,25.714289,-80.284019,19.10,04/15/2024,01:15:15
630,251,2683,21,0,N,25.714291,-80.284019,19.10,04/15/2024,01:15:15
607,234,2728,21,0,N,25.714291,-80.284019,19.10,04/15/2024,01:15:15
611,227,2728,20,0,N,25.714293,-80.284019,19.10,04/15/2024,01:15:15
639,202,2701,17,0,N,25.714293,-80.284019,19.10,04/15/2024,01:15:15
634,205,2720,17,0,N,25.714293,-80.284019,19.10,04/15/2024,01:15:15
630,188,2713,16,0,N,25.714293,-80.284019,19.10,04/15/2024,01:15:15
623,205,2720,18,0,N,25.714294,-80.284019,19.10,04/15/2024,01:15:15
627,177,2713,15,0,N,25.714294,-80.284019,19.10,04/15/2024,01:15:15
618,181,2723,16,0,N,25.714296,-80.284019,19.10,04/15/2024,01:15:16
575,168,2757,16,0,N,25.714296,-80.284019,19.10,04/15/2024,01:15:16
568,172,2750,16,0,N,25.714298,-80.284019,19.10,04/15/2024,01:15:16
577,207,2728,19,0,N,25.714298,-80.284019,19.10,04/15/2024,01:15:16
577,211,2701,20,0,N,25.714300,-80.284019,19.10,04/15/2024,01:15:16
609,217,2679,19,0,N,25.714300,-80.284019,19.20,04/15/2024,01:15:16
657,215,2611,18,0,N,25.714304,-80.284019,19.20,04/15/2024,01:15:16
632,172,2653,15,0,N,25.714304,-80.284019,19.10,04/15/2024,01:15:16
607,172,2664,15,0,N,25.714306,-80.284019,19.10,04/15/2024,01:15:16
584,146,2686,14,0,N,25.714306,-80.284019,19.10,04/15/2024,01:15:16
577,139,2679,13,0,N,25.714310,-80.284019,19.10,04/15/2024,01:15:17
664,146,2638,12,0,N,25.714310,-80.284019,19.20,04/15/2024,01:15:17
602,137,2653,12,0,N,25.714310,-80.284019,19.20,04/15/2024,01:15:17
593,152,2698,14,0,N,25.714310,-80.284019,19.20,04/15/2024,01:15:17
593,163,2701,15,0,N,25.714314,-80.284019,19.20,04/15/2024,01:15:17
587,177,2679,16,0,N,25.714314,-80.284019,19.20,04/15/2024,01:15:17
601,185,2676,17,0,N,25.714315,-80.284019,19.20,04/15/2024,01:15:17
657,171,2594,14,0,N,25.714315,-80.284019,19.20,04/15/2024,01:15:17
654,150,2626,12,0,N,25.714315,-80.284019,19.20,04/15/2024,01:15:17
627,143,2634,12,0,N,25.714315,-80.284019,19.20,04/15/2024,01:15:17
614,146,2619,13,0,N,25.714319,-80.284019,19.20,04/15/2024,01:15:18
600,177,2626,16,0,N,25.714319,-80.284019,19.20,04/15/2024,01:15:18
561,163,2656,16,0,N,25.714319,-80.284019,19.20,04/15/2024,01:15:18
538,172,2679,17,0,N,25.714319,-80.284019,19.20,04/15/2024,01:15:18
538,181,2623,18,0,N,25.714325,-80.284019,19.20,04/15/2024,01:15:18
559,202,2611,19,0,N,25.714325,-80.284019,19.10,04/15/2024,01:15:18
561,216,2601,21,0,N,25.714325,-80.284019,19.10,04/15/2024,01:15:18
559,215,2586,21,0,N,25.714325,-80.284019,19.10,04/15/2024,01:15:18
607,216,2541,19,0,N,25.714329,-80.284019,19.10,04/15/2024,01:15:19
600,215,2552,19,0,N,25.714329,-80.284019,19.10,04/15/2024,01:15:19
575,205,2552,19,0,N,25.714331,-80.284019,19.10,04/15/2024,01:15:19
572,215,2552,20,0,N,25.714331,-80.284019,19.20,04/15/2024,01:15:19
563,226,2552,21,0,N,25.714333,-80.284019,19.20,04/15/2024,01:15:19
564,247,2549,23,1,NNE,25.714333,-80.284019,19.20,04/15/2024,01:15:19
572,230,2512,21,0,N,25.714334,-80.284019,19.20,04/15/2024,01:15:19
561,232,2515,22,0,N,25.714334,-80.284019,19.20,04/15/2024,01:15:19
534,239,2527,24,1,NNE,25.714336,-80.284019,19.20,04/15/2024,01:15:19
522,253,2534,25,1,NNE,25.714338,-80.284019,19.20,04/15/2024,01:15:20
511,226,2519,23,1,NNE,25.714338,-80.284019,19.20,04/15/2024,01:15:20
534,215,2470,21,0,N,25.714340,-80.284019,19.20,04/15/2024,01:15:20
520,177,2477,18,0,N,25.714340,-80.284019,19.20,04/15/2024,01:15:20
506,171,2477,18,0,N,25.714340,-80.284019,19.20,04/15/2024,01:15:20
524,166,2445,17,0,N,25.714342,-80.284019,19.20,04/15/2024,01:15:20
508,175,2437,19,0,N,25.714342,-80.284019,19.20,04/15/2024,01:15:20
506,190,2437,20,0,N,25.714344,-80.284019,19.20,04/15/2024,01:15:20
493,205,2422,22,0,N,25.714346,-80.284019,19.20,04/15/2024,01:15:20
524,215,2358,22,0,N,25.714348,-80.284019,19.20,04/15/2024,01:15:21
520,256,2348,26,1,NNE,25.714348,-80.284019,19.20,04/15/2024,01:15:21
511,230,2385,24,1,NNE,25.714350,-80.284019,19.20,04/15/2024,01:15:21
538,240,2355,24,1,NNE,25.714350,-80.284019,19.20,04/15/2024,01:15:21
577,219,2313,20,0,N,25.714350,-80.284019,19.20,04/15/2024,01:15:21
557,217,2351,21,0,N,25.714354,-80.284019,19.20,04/15/2024,01:15:21
559,223,2378,21,0,N,25.714354,-80.284019,19.20,04/15/2024,01:15:21
593,190,2363,17,0,N,25.714355,-80.284019,19.20,04/15/2024,01:15:21
634,181,2313,15,0,N,25.714355,-80.284019,19.20,04/15/2024,01:15:21
644,196,2310,16,0,N,25.714357,-80.284019,19.20,04/15/2024,01:15:21
644,234,2328,19,0,N,25.714357,-80.284019,19.30,04/15/2024,01:15:21
675,247,2328,20,0,N,25.714359,-80.284019,19.30,04/15/2024,01:15:22
657,285,2336,23,1,NNE,25.714359,-80.284019,19.30,04/15/2024,01:15:22
669,319,2343,25,1,NNE,25.714361,-80.284019,19.30,04/15/2024,01:15:22
700,287,2328,22,0,N,25.714361,-80.284019,19.30,04/15/2024,01:15:22
714,282,2303,21,0,N,25.714363,-80.284019,19.30,04/15/2024,01:15:22
684,307,2358,24,1,NNE,25.714363,-80.284019,19.30,04/15/2024,01:15:22
675,300,2385,23,1,NNE,25.714365,-80.284019,19.30,04/15/2024,01:15:22
714,291,2378,22,0,N,25.714367,-80.284019,19.30,04/15/2024,01:15:22
743,270,2325,19,0,N,25.714367,-80.284019,19.20,04/15/2024,01:15:22
742,311,2343,22,0,N,25.714367,-80.284019,19.20,04/15/2024,01:15:22
760,304,2343,21,0,N,25.714369,-80.284019,19.20,04/15/2024,01:15:23
718,326,2418,24,1,NNE,25.714373,-80.284019,19.20,04/15/2024,01:15:23
705,325,2455,24,1,NNE,25.714373,-80.284019,19.20,04/15/2024,01:15:23
693,352,2452,26,1,NNE,25.714375,-80.284019,19.20,04/15/2024,01:15:23
699,355,2467,26,1,NNE,25.714376,-80.284019,19.20,04/15/2024,01:15:23
654,355,2537,28,1,NNE,25.714376,-80.284019,19.20,04/15/2024,01:15:23
742,344,2448,24,1,NNE,25.714376,-80.284019,19.20,04/15/2024,01:15:23
731,346,2455,25,1,NNE,25.714378,-80.284019,19.20,04/15/2024,01:15:23
731,348,2459,25,1,NNE,25.714380,-80.284019,19.20,04/15/2024,01:15:24
727,388,2452,28,1,NNE,25.714380,-80.284019,19.20,04/15/2024,01:15:24
717,475,2418,33,1,NNE,25.714380,-80.284019,19.20,04/15/2024,01:15:24
675,513,2448,37,1,NNE,25.714382,-80.284019,19.20,04/15/2024,01:15:24
654,559,2445,40,1,NNE,25.714386,-80.284019,19.20,04/15/2024,01:15:24
630,589,2452,43,1,NNE,25.714386,-80.284019,19.20,04/15/2024,01:15:24
670,576,2410,40,1,NNE,25.714386,-80.284019,19.20,04/15/2024,01:15:24
675,580,2403,40,1,NNE,25.714388,-80.284019,19.20,04/15/2024,01:15:24
682,578,2403,40,1,NNE,25.714390,-80.284019,19.20,04/15/2024,01:15:24
684,550,2403,38,1,NNE,25.714390,-80.284019,19.10,04/15/2024,01:15:24
700,534,2381,37,1,NNE,25.714392,-80.284019,19.10,04/15/2024,01:15:25
694,497,2445,35,1,NNE,25.714392,-80.284019,19.20,04/15/2024,01:15:25
721,438,2440,31,1,NNE,25.714394,-80.284019,19.20,04/15/2024,01:15:25
707,401,2530,29,1,NNE,25.714394,-80.284019,19.10,04/15/2024,01:15:25
693,350,2515,26,1,NNE,25.714397,-80.284019,19.10,04/15/2024,01:15:25
774,247,2455,17,0,N,25.714397,-80.284019,19.00,04/15/2024,01:15:25
806,160,2422,11,0,N,25.714399,-80.284019,19.00,04/15/2024,01:15:25
764,56,2485,4,0,N,25.714399,-80.284019,19.00,04/15/2024,01:15:25
733,27,2527,2,0,N,25.714401,-80.284019,19.00,04/15/2024,01:15:25
753,-9,2522,0,0,N,25.714401,-80.284019,19.10,04/15/2024,01:15:25
751,-33,2515,-2,15,NNW,25.714401,-80.284019,19.10,04/15/2024,01:15:25
753,-35,2507,-2,15,NNW,25.714403,-80.284019,19.10,04/15/2024,01:15:26
794,-13,2462,0,0,N,25.714403,-80.284019,19.00,04/15/2024,01:15:26
723,-16,2537,-1,15,NNW,25.714405,-80.284019,19.00,04/15/2024,01:15:26
670,-103,2589,-8,15,NNW,25.714405,-80.284019,19.00,04/15/2024,01:15:26
673,-161,2564,-13,15,NNW,25.714407,-80.284019,19.00,04/15/2024,01:15:26
636,-193,2559,-16,15,NNW,25.714409,-80.284019,19.00,04/15/2024,01:15:26
600,-290,2582,-25,14,NW,25.714409,-80.284019,19.00,04/15/2024,01:15:26
568,-327,2574,-29,14,NW,25.714411,-80.284019,19.00,04/15/2024,01:15:26
520,-366,2579,-35,14,NW,25.714411,-80.284019,19.00,04/15/2024,01:15:26
488,-387,2608,-38,14,NW,25.714413,-80.284019,19.00,04/15/2024,01:15:27
552,-391,2552,-35,14,NW,25.714413,-80.284019,19.10,04/15/2024,01:15:27
508,-484,2512,-43,14,NW,25.714415,-80.284019,19.10,04/15/2024,01:15:27
456,-522,2500,-48,13,WNW,25.714415,-80.284019,19.00,04/15/2024,01:15:27
495,-443,2567,-41,14,NW,25.714417,-80.284019,19.00,04/15/2024,01:15:27
639,-344,2534,-28,14,NW,25.714417,-80.284019,19.00,04/15/2024,01:15:27
742,-239,2474,-17,15,NNW,25.714420,-80.284019,19.00,04/15/2024,01:15:27
803,-176,2470,-12,15,NNW,25.714420,-80.284019,19.00,04/15/2024,01:15:27
766,-176,2507,-12,15,NNW,25.714422,-80.284027,19.00,04/15/2024,01:15:27
731,-248,2492,-18,15,NNW,25.714422,-80.284027,18.90,04/15/2024,01:15:27
735,-267,2474,-19,15,NNW,25.714424,-80.284027,18.90,04/15/2024,01:15:28
833,-222,2370,-14,15,NNW,25.714424,-80.284027,18.90,04/15/2024,01:15:28
839,-174,2366,-11,15,NNW,25.714426,-80.284027,18.90,04/15/2024,01:15:28
830,-97,2403,-6,15,NNW,25.714428,-80.284027,18.90,04/15/2024,01:15:28
892,-29,2351,-1,15,NNW,25.714428,-80.284027,19.00,04/15/2024,01:15:28
908,27,2291,1,0,N,25.714430,-80.284027,19.00,04/15/2024,01:15:28
945,-12,2194,0,0,N,25.714430,-80.284027,19.00,04/15/2024,01:15:28
945,-43,2184,-2,15,NNW,25.714430,-80.284027,19.00,04/15/2024,01:15:28
931,1,2221,0,0,N,25.714432,-80.284027,19.00,04/15/2024,01:15:29
924,-24,2209,-1,15,NNW,25.714432,-80.284027,19.00,04/15/2024,01:15:29
940,-48,2184,-2,15,NNW,25.714434,-80.284027,19.00,04/15/2024,01:15:29
933,-33,2184,-2,15,NNW,25.714434,-80.284027,18.90,04/15/2024,01:15:29
933,-35,2164,-2,15,NNW,25.714434,-80.284027,18.90,04/15/2024,01:15:29
965,-37,2090,-2,15,NNW,25.714436,-80.284027,18.90,04/15/2024,01:15:29
957,-43,2120,-2,15,NNW,25.714436,-80.284027,19.00,04/15/2024,01:15:29
945,-48,2112,-2,15,NNW,25.714436,-80.284027,19.00,04/15/2024,01:15:29
953,-37,2120,-2,15,NNW,25.714436,-80.284027,19.00,04/15/2024,01:15:29
949,-54,2127,-3,15,NNW,25.714436,-80.284027,19.00,04/15/2024,01:15:30
945,-60,2097,-3,15,NNW,25.714436,-80.284027,19.00,04/15/2024,01:15:30
957,-115,2083,-6,15,NNW,25.714436,-80.284027,19.00,04/15/2024,01:15:30
936,-142,2112,-8,15,NNW,25.714436,-80.284027,19.00,04/15/2024,01:15:30
916,-193,2139,-11,15,NNW,25.714436,-80.284027,19.00,04/15/2024,01:15:30
906,-227,2139,-14,15,NNW,25.714436,-80.284027,19.00,04/15/2024,01:15:30
906,-250,2147,-15,15,NNW,25.714436,-80.284027,19.00,04/15/2024,01:15:30
896,-237,2142,-14,15,NNW,25.714434,-80.284027,19.00,04/15/2024,01:15:30
894,-224,2184,-14,15,NNW,25.714434,-80.284027,18.90,04/15/2024,01:15:30
876,-206,2236,-13,15,NNW,25.714434,-80.284027,18.90,04/15/2024,01:15:31
890,-197,2224,-12,15,NNW,25.714434,-80.284027,18.90,04/15/2024,01:15:31
890,-200,2232,-12,15,NNW,25.714434,-80.284027,18.90,04/15/2024,01:15:31
910,-196,2209,-12,15,NNW,25.714434,-80.284027,18.90,04/15/2024,01:15:31
918,-165,2179,-10,15,NNW,25.714434,-80.284035,18.90,04/15/2024,01:15:31
918,-193,2169,-11,15,NNW,25.714434,-80.284035,18.90,04/15/2024,01:15:31
910,-239,2169,-14,15,NNW,25.714434,-80.284035,18.90,04/15/2024,01:15:31
928,-92,2202,-5,15,NNW,25.714434,-80.284035,18.90,04/15/2024,01:15:31
918,-84,2224,-5,15,NNW,25.714434,-80.284035,18.90,04/15/2024,01:15:31
920,-121,2199,-7,15,NNW,25.714434,-80.284035,18.90,04/15/2024,01:15:31
924,-149,2179,-9,15,NNW,25.714434,-80.284035,18.90,04/15/2024,01:15:31
869,-132,2281,-8,15,NNW,25.714434,-80.284035,18.90,04/15/2024,01:15:32
819,-159,2348,-10,15,NNW,25.714434,-80.284035,18.90,04/15/2024,01:15:32
772,-125,2415,-9,15,NNW,25.714434,-80.284035,18.90,04/15/2024,01:15:32
772,-98,2448,-7,15,NNW,25.714434,-80.284035,18.90,04/15/2024,01:15:32
803,-67,2422,-4,15,NNW,25.714434,-80.284035,18.90,04/15/2024,01:15:32
804,-42,2418,-2,15,NNW,25.714434,-80.284035,18.90,04/15/2024,01:15:32
776,-68,2418,-5,15,NNW,25.714436,-80.284035,18.90,04/15/2024,01:15:32
757,-58,2474,-4,15,NNW,25.714436,-80.284035,18.80,04/15/2024,01:15:32
731,-43,2489,-3,15,NNW,25.714436,-80.284035,18.80,04/15/2024,01:15:33
723,-67,2537,-5,15,NNW,25.714436,-80.284035,18.80,04/15/2024,01:15:33
718,-48,2512,-3,15,NNW,25.714436,-80.284035,18.80,04/15/2024,01:15:33
731,38,2489,2,0,N,25.714436,-80.284035,18.80,04/15/2024,01:15:33
731,36,2507,2,0,N,25.714436,-80.284035,18.80,04/15/2024,01:15:33
717,85,2504,6,0,N,25.714436,-80.284035,18.90,04/15/2024,01:15:33
733,111,2482,8,0,N,25.714436,-80.284035,18.90,04/15/2024,01:15:33
730,135,2459,10,0,N,25.714436,-80.284035,18.90,04/15/2024,01:15:33
718,166,2462,13,0,N,25.714436,-80.284035,18.90,04/15/2024,01:15:33
712,168,2437,13,0,N,25.714436,-80.284042,18.90,04/15/2024,01:15:34
743,99,2407,7,0,N,25.714436,-80.284042,18.90,04/15/2024,01:15:34
725,113,2407,8,0,N,25.714436,-80.284042,18.90,04/15/2024,01:15:34
731,113,2407,8,0,N,25.714436,-80.284042,18.90,04/15/2024,01:15:34
730,86,2410,6,0,N,25.714434,-80.284042,18.90,04/15/2024,01:15:34
774,67,2355,4,0,N,25.714434,-80.284042,18.90,04/15/2024,01:15:34
776,56,2343,4,0,N,25.714434,-80.284042,18.90,04/15/2024,01:15:34
821,85,2296,5,0,N,25.714434,-80.284042,18.90,04/15/2024,01:15:34
817,143,2321,9,0,N,25.714434,-80.284042,18.90,04/15/2024,01:15:34
863,184,2254,12,0,N,25.714434,-80.284042,18.90,04/15/2024,01:15:34
876,216,2224,13,0,N,25.714434,-80.284042,18.90,04/15/2024,01:15:34
885,188,2191,11,0,N,25.714434,-80.284042,18.90,04/15/2024,01:15:35
894,141,2161,8,0,N,25.714432,-80.284042,18.90,04/15/2024,01:15:35
922,63,2097,3,0,N,25.714432,-80.284042,19.00,04/15/2024,01:15:35
896,61,2135,3,0,N,25.714432,-80.284042,19.00,04/15/2024,01:15:35
890,21,2147,1,0,N,25.714432,-80.284050,19.00,04/15/2024,01:15:35
899,-16,2132,-1,15,NNW,25.714432,-80.284050,19.00,04/15/2024,01:15:35
906,-52,2120,-3,15,NNW,25.714432,-80.284050,18.90,04/15/2024,01:15:35
912,-101,2050,-6,15,NNW,25.714432,-80.284050,18.90,04/15/2024,01:15:35
890,-48,2102,-3,15,NNW,25.714432,-80.284050,18.90,04/15/2024,01:15:35
896,-24,2109,-1,15,NNW,25.714432,-80.284050,18.90,04/15/2024,01:15:36
884,55,2139,3,0,N,25.714432,-80.284050,18.90,04/15/2024,01:15:36
876,65,2154,4,0,N,25.714430,-80.284050,18.90,04/15/2024,01:15:36
908,0,2072,0,0,N,25.714430,-80.284050,18.90,04/15/2024,01:15:36
908,-54,2038,-3,15,NNW,25.714432,-80.284058,18.90,04/15/2024,01:15:36
867,-67,2105,-4,15,NNW,25.714432,-80.284058,18.80,04/15/2024,01:15:36
824,-55,2191,-3,15,NNW,25.714430,-80.284058,18.80,04/15/2024,01:15:36
812,-58,2202,-4,15,NNW,25.714430,-80.284058,18.80,04/15/2024,01:15:36
830,-103,2147,-7,15,NNW,25.714430,-80.284058,18.80,04/15/2024,01:15:36
837,-125,2124,-8,15,NNW,25.714430,-80.284058,18.80,04/15/2024,01:15:36
849,-81,2142,-5,15,NNW,25.714430,-80.284058,18.80,04/15/2024,01:15:37
858,-5,2142,0,0,N,25.714430,-80.284058,18.90,04/15/2024,01:15:37
839,51,2194,3,0,N,25.714430,-80.284058,18.90,04/15/2024,01:15:37
817,17,2191,1,0,N,25.714430,-80.284065,18.90,04/15/2024,01:15:37
845,-81,2154,-5,15,NNW,25.714430,-80.284065,18.80,04/15/2024,01:15:37
885,-116,2102,-7,15,NNW,25.714430,-80.284065,18.80,04/15/2024,01:15:37
858,-106,2142,-7,15,NNW,25.714430,-80.284065,18.90,04/15/2024,01:15:37
855,-119,2154,-7,15,NNW,25.714430,-80.284065,18.90,04/15/2024,01:15:37
860,-172,2139,-11,15,NNW,25.714430,-80.284073,18.90,04/15/2024,01:15:37
892,-176,2097,-11,15,NNW,25.714430,-80.284073,18.90,04/15/2024,01:15:37
894,-197,2102,-12,15,NNW,25.714430,-80.284073,18.90,04/15/2024,01:15:37
884,-165,2147,-10,15,NNW,25.714430,-80.284073,18.90,04/15/2024,01:15:38
884,-101,2187,-6,15,NNW,25.714430,-80.284073,18.90,04/15/2024,01:15:38
872,-67,2232,-4,15,NNW,25.714428,-80.284073,18.90,04/15/2024,01:15:38
912,-142,2172,-8,15,NNW,25.714428,-80.284073,18.90,04/15/2024,01:15:38
918,-189,2105,-11,15,NNW,25.714428,-80.284073,18.90,04/15/2024,01:15:38
876,-141,2221,-9,15,NNW,25.714428,-80.284081,18.90,04/15/2024,01:15:38
860,-145,2243,-9,15,NNW,25.714428,-80.284081,18.90,04/15/2024,01:15:38
867,-202,2221,-13,15,NNW,25.714428,-80.284081,18.90,04/15/2024,01:15:38
898,-231,2164,-14,15,NNW,25.714428,-80.284081,18.90,04/15/2024,01:15:38
892,-224,2147,-14,15,NNW,25.714428,-80.284081,18.90,04/15/2024,01:15:39
869,-170,2209,-11,15,NNW,25.714428,-80.284081,18.90,04/15/2024,01:15:39
890,-128,2232,-8,15,NNW,25.714428,-80.284088,18.90,04/15/2024,01:15:39
881,-88,2261,-5,15,NNW,25.714428,-80.284088,18.90,04/15/2024,01:15:39
899,-103,2217,-6,15,NNW,25.714428,-80.284088,18.90,04/15/2024,01:15:39
924,-155,2179,-9,15,NNW,25.714428,-80.284088,18.90,04/15/2024,01:15:39
940,-176,2105,-10,15,NNW,25.714428,-80.284088,18.90,04/15/2024,01:15:39
906,-153,2176,-9,15,NNW,25.714428,-80.284088,18.90,04/15/2024,01:15:39
894,-183,2224,-11,15,NNW,25.714428,-80.284088,18.80,04/15/2024,01:15:39
894,-244,2176,-15,15,NNW,25.714428,-80.284096,18.80,04/15/2024,01:15:40
922,-224,2154,-13,15,NNW,25.714428,-80.284096,18.80,04/15/2024,01:15:40
931,-200,2150,-12,15,NNW,25.714428,-80.284096,18.80,04/15/2024,01:15:40
954,-200,2127,-11,15,NNW,25.714428,-80.284096,18.80,04/15/2024,01:15:40
942,-147,2217,-8,15,NNW,25.714428,-80.284096,18.80,04/15/2024,01:15:40
935,-106,2239,-6,15,NNW,25.714428,-80.284096,18.80,04/15/2024,01:15:40
951,-86,2239,-5,15,NNW,25.714428,-80.284103,18.80,04/15/2024,01:15:40
951,-125,2217,-7,15,NNW,25.714428,-80.284103,18.80,04/15/2024,01:15:40
949,-235,2127,-13,15,NNW,25.714428,-80.284103,18.70,04/15/2024,01:15:40
936,-222,2154,-13,15,NNW,25.714428,-80.284103,18.70,04/15/2024,01:15:40
945,-224,2124,-13,15,NNW,25.714428,-80.284103,18.70,04/15/2024,01:15:41
945,-248,2097,-14,15,NNW,25.714428,-80.284111,18.70,04/15/2024,01:15:41
967,-235,2050,-13,15,NNW,25.714428,-80.284111,18.70,04/15/2024,01:15:41
975,-200,2042,-11,15,NNW,25.714428,-80.284111,18.70,04/15/2024,01:15:41
958,-159,2094,-9,15,NNW,25.714428,-80.284111,18.70,04/15/2024,01:15:41
958,-125,2124,-7,15,NNW,25.714428,-80.284111,18.70,04/15/2024,01:15:41
970,-42,2139,-2,15,NNW,25.714428,-80.284111,18.80,04/15/2024,01:15:41
971,-30,2124,-1,15,NNW,25.714428,-80.284119,18.80,04/15/2024,01:15:41
1004,-94,2083,-5,15,NNW,25.714428,-80.284119,18.90,04/15/2024,01:15:41
989,-167,2072,-9,15,NNW,25.714428,-80.284119,18.90,04/15/2024,01:15:42
997,-176,2090,-10,15,NNW,25.714428,-80.284119,18.80,04/15/2024,01:15:42
989,-149,2157,-8,15,NNW,25.714428,-80.284119,18.80,04/15/2024,01:15:42
976,-184,2172,-10,15,NNW,25.714428,-80.284119,18.80,04/15/2024,01:15:42
985,-227,2139,-12,15,NNW,25.714428,-80.284126,18.80,04/15/2024,01:15:42
1009,-244,2090,-13,15,NNW,25.714428,-80.284126,18.70,04/15/2024,01:15:42
1011,-227,2072,-12,15,NNW,25.714428,-80.284126,18.70,04/15/2024,01:15:42
1006,-163,2132,-9,15,NNW,25.714428,-80.284126,18.80,04/15/2024,01:15:42
1004,-79,2176,-4,15,NNW,25.714428,-80.284126,18.80,04/15/2024,01:15:42
997,-73,2169,-4,15,NNW,25.714428,-80.284126,18.80,04/15/2024,01:15:42
1028,-103,2124,-5,15,NNW,25.714428,-80.284126,18.70,04/15/2024,01:15:42
1028,-141,2060,-7,15,NNW,25.714428,-80.284126,18.70,04/15/2024,01:15:43
1026,-142,2124,-7,15,NNW,25.714428,-80.284126,18.70,04/15/2024,01:15:43
985,-136,2191,-7,15,NNW,25.714428,-80.284134,18.70,04/15/2024,01:15:43
1004,-155,2239,-8,15,NNW,25.714428,-80.284134,18.70,04/15/2024,01:15:43
1018,-206,2202,-11,15,NNW,25.714428,-80.284134,18.70,04/15/2024,01:15:43
1032,-197,2202,-10,15,NNW,25.714428,-80.284134,18.70,04/15/2024,01:15:43
1043,-202,2232,-10,15,NNW,25.714428,-80.284134,18.60,04/15/2024,01:15:43
958,-136,2512,-8,15,NNW,25.714428,-80.284142,18.60,04/15/2024,01:15:44
899,-90,2638,-5,15,NNW,25.714428,-80.284142,18.50,04/15/2024,01:15:44
989,-92,2519,-5,15,NNW,25.714428,-80.284142,18.50,04/15/2024,01:15:44
981,-55,2534,-3,15,NNW,25.714428,-80.284142,18.50,04/15/2024,01:15:44
1028,-136,2452,-7,15,NNW,25.714428,-80.284142,18.50,04/15/2024,01:15:44
1026,-121,2452,-6,15,NNW,25.714428,-80.284142,18.40,04/15/2024,01:15:44
1022,-71,2474,-3,15,NNW,25.714428,-80.284149,18.40,04/15/2024,01:15:44
1093,-142,2321,-7,15,NNW,25.714428,-80.284149,18.40,04/15/2024,01:15:44
1130,-132,2266,-6,15,NNW,25.714428,-80.284149,18.50,04/15/2024,01:15:44
1113,-115,2276,-5,15,NNW,25.714428,-80.284149,18.50,04/15/2024,01:15:44
1093,-71,2306,-3,15,NNW,25.714428,-80.284157,18.50,04/15/2024,01:15:45
1118,38,2266,1,0,N,25.714428,-80.284157,18.40,04/15/2024,01:15:45
1109,72,2221,3,0,N,25.714428,-80.284157,18.40,04/15/2024,01:15:45
1109,49,2239,2,0,N,25.714428,-80.284157,18.40,04/15/2024,01:15:45
1131,14,2184,0,0,N,25.714428,-80.284157,18.40,04/15/2024,01:15:45
1107,-86,2191,-4,15,NNW,25.714428,-80.284157,18.30,04/15/2024,01:15:45
1084,-129,2202,-6,15,NNW,25.714428,-80.284164,18.30,04/15/2024,01:15:45
1050,-155,2261,-8,15,NNW,25.714428,-80.284164,18.30,04/15/2024,01:15:45
1043,-200,2266,-10,15,NNW,25.714428,-80.284164,18.30,04/15/2024,01:15:45
1036,-231,2206,-12,15,NNW,25.714428,-80.284164,18.30,04/15/2024,01:15:45
1040,-270,2187,-14,15,NNW,25.714428,-80.284164,18.30,04/15/2024,01:15:45
1040,-233,2239,-12,15,NNW,25.714426,-80.284164,18.30,04/15/2024,01:15:46
1018,-167,2303,-9,15,NNW,25.714428,-80.284172,18.30,04/15/2024,01:15:46
1008,-94,2370,-5,15,NNW,25.714428,-80.284172,18.30,04/15/2024,01:15:46
1013,-64,2381,-3,15,NNW,25.714428,-80.284172,18.30,04/15/2024,01:15:46
1038,-101,2321,-5,15,NNW,25.714428,-80.284172,18.20,04/15/2024,01:15:46
1032,-244,2239,-13,15,NNW,25.714428,-80.284172,18.20,04/15/2024,01:15:46
1040,-204,2284,-11,15,NNW,25.714428,-80.284180,18.20,04/15/2024,01:15:46
1000,-172,2403,-9,15,NNW,25.714428,-80.284180,18.30,04/15/2024,01:15:46
988,-235,2381,-13,15,NNW,25.714428,-80.284180,18.30,04/15/2024,01:15:46
1006,-257,2343,-14,15,NNW,25.714426,-80.284180,18.30,04/15/2024,01:15:47
1015,-283,2306,-15,15,NNW,25.714426,-80.284180,18.30,04/15/2024,01:15:47
1008,-282,2296,-15,15,NNW,25.714426,-80.284180,18.30,04/15/2024,01:15:47
975,-215,2388,-12,15,NNW,25.714428,-80.284180,18.30,04/15/2024,01:15:47
989,-184,2366,-10,15,NNW,25.714428,-80.284180,18.30,04/15/2024,01:15:47
983,-184,2385,-10,15,NNW,25.714428,-80.284187,18.30,04/15/2024,01:15:47
995,-202,2340,-11,15,NNW,25.714428,-80.284187,18.20,04/15/2024,01:15:47
1004,-231,2299,-12,15,NNW,25.714428,-80.284187,18.20,04/15/2024,01:15:47
1044,-224,2194,-12,15,NNW,25.714428,-80.284187,18.20,04/15/2024,01:15:47
1028,-187,2224,-10,15,NNW,25.714428,-80.284187,18.20,04/15/2024,01:15:48
1008,-218,2258,-12,15,NNW,25.714428,-80.284187,18.20,04/15/2024,01:15:48
1001,-277,2224,-15,15,NNW,25.714430,-80.284195,18.20,04/15/2024,01:15:48
1009,-277,2239,-15,15,NNW,25.714430,-80.284195,17.70,04/15/2024,01:15:48
1028,-250,2199,-13,15,NNW,25.714430,-80.284195,17.70,04/15/2024,01:15:48
1008,-187,2276,-10,15,NNW,25.714428,-80.284195,17.70,04/15/2024,01:15:48
1001,-119,2306,-6,15,NNW,25.714428,-80.284195,17.70,04/15/2024,01:15:48
1008,-101,2296,-5,15,NNW,25.714428,-80.284195,17.70,04/15/2024,01:15:48
1008,-77,2273,-4,15,NNW,25.714428,-80.284195,17.70,04/15/2024,01:15:48
1022,-121,2202,-6,15,NNW,25.714428,-80.284203,17.70,04/15/2024,01:15:48
1022,-161,2184,-8,15,NNW,25.714430,-80.284203,17.70,04/15/2024,01:15:49
991,-145,2176,-8,15,NNW,25.714430,-80.284203,17.70,04/15/2024,01:15:49
957,-153,2232,-9,15,NNW,25.714430,-80.284203,17.70,04/15/2024,01:15:49
940,-191,2209,-11,15,NNW,25.714430,-80.284203,17.70,04/15/2024,01:15:49
940,-200,2179,-12,15,NNW,25.714430,-80.284203,17.70,04/15/2024,01:15:49
938,-214,2164,-12,15,NNW,25.714430,-80.284210,17.70,04/15/2024,01:15:49
954,-210,2117,-12,15,NNW,25.714430,-80.284210,17.70,04/15/2024,01:15:49
924,-159,2202,-9,15,NNW,25.714430,-80.284210,17.70,04/15/2024,01:15:49
920,-105,2243,-6,15,NNW,25.714428,-80.284210,17.70,04/15/2024,01:15:49
922,-119,2273,-7,15,NNW,25.714428,-80.284210,17.70,04/15/2024,01:15:49
945,-176,2221,-10,15,NNW,25.714428,-80.284210,17.70,04/15/2024,01:15:50
946,-206,2169,-12,15,NNW,25.714428,-80.284210,17.70,04/15/2024,01:15:50
931,-167,2258,-10,15,NNW,25.714430,-80.284218,17.70,04/15/2024,01:15:50
903,-187,2291,-11,15,NNW,25.714430,-80.284218,17.70,04/15/2024,01:15:50
884,-252,2276,-15,15,NNW,25.714428,-80.284218,17.70,04/15/2024,01:15:50
892,-305,2229,-18,15,NNW,25.714428,-80.284218,17.70,04/15/2024,01:15:50
878,-322,2236,-20,15,NNW,25.714428,-80.284218,17.60,04/15/2024,01:15:50
858,-210,2328,-13,15,NNW,25.714428,-80.284218,17.60,04/15/2024,01:15:50
867,-176,2333,-11,15,NNW,25.714430,-80.284225,17.60,04/15/2024,01:15:50
855,-141,2328,-9,15,NNW,25.714428,-80.284225,17.60,04/15/2024,01:15:51
867,-159,2340,-10,15,NNW,25.714428,-80.284225,17.60,04/15/2024,01:15:51
879,-215,2303,-13,15,NNW,25.714430,-80.284225,17.60,04/15/2024,01:15:51
916,-299,2176,-18,15,NNW,25.714430,-80.284225,17.60,04/15/2024,01:15:51
884,-224,2273,-14,15,NNW,25.714430,-80.284225,17.60,04/15/2024,01:15:51
888,-239,2291,-15,15,NNW,25.714430,-80.284225,17.60,04/15/2024,01:15:51
860,-336,2236,-21,15,NNW,25.714430,-80.284225,17.60,04/15/2024,01:15:51
833,-374,2276,-24,14,NW,25.714430,-80.284233,17.60,04/15/2024,01:15:51
845,-353,2269,-22,15,NNW,25.714430,-80.284233,17.60,04/15/2024,01:15:51
841,-325,2303,-21,15,NNW,25.714430,-80.284233,17.60,04/15/2024,01:15:51
837,-299,2321,-19,15,NNW,25.714430,-80.284233,17.60,04/15/2024,01:15:52
853,-248,2296,-16,15,NNW,25.714430,-80.284233,17.70,04/15/2024,01:15:52
915,-158,2217,-9,15,NNW,25.714428,-80.284241,17.70,04/15/2024,01:15:52
951,-106,2161,-6,15,NNW,25.714426,-80.284241,17.70,04/15/2024,01:15:52
928,-94,2221,-5,15,NNW,25.714426,-80.284241,17.50,04/15/2024,01:15:52
938,-92,2202,-5,15,NNW,25.714426,-80.284241,17.50,04/15/2024,01:15:52
918,-97,2239,-6,15,NNW,25.714428,-80.284241,17.50,04/15/2024,01:15:52
928,-67,2266,-4,15,NNW,25.714426,-80.284241,17.50,04/15/2024,01:15:52
940,-26,2243,-1,15,NNW,25.714426,-80.284241,17.50,04/15/2024,01:15:52
957,14,2291,0,0,N,25.714428,-80.284248,17.50,04/15/2024,01:15:53
938,31,2276,1,0,N,25.714428,-80.284248,17.50,04/15/2024,01:15:53
928,61,2328,3,0,N,25.714426,-80.284248,17.50,04/15/2024,01:15:53
924,113,2366,6,0,N,25.714426,-80.284248,17.40,04/15/2024,01:15:53
915,126,2348,7,0,N,25.714426,-80.284248,17.40,04/15/2024,01:15:53
933,143,2333,8,0,N,25.714426,-80.284248,17.30,04/15/2024,01:15:53
928,147,2328,9,0,N,25.714426,-80.284256,17.30,04/15/2024,01:15:53
953,106,2296,6,0,N,25.714426,-80.284256,17.30,04/15/2024,01:15:53
938,91,2306,5,0,N,25.714426,-80.284256,17.30,04/15/2024,01:15:53
927,78,2328,4,0,N,25.714426,-80.284256,17.40,04/15/2024,01:15:53
942,82,2284,4,0,N,25.714426,-80.284256,17.40,04/15/2024,01:15:53
945,113,2269,6,0,N,25.714426,-80.284256,17.40,04/15/2024,01:15:54
963,120,2258,7,0,N,25.714426,-80.284256,17.10,04/15/2024,01:15:54
945,164,2276,9,0,N,25.714426,-80.284264,17.10,04/15/2024,01:15:54
928,211,2306,12,0,N,25.714426,-80.284264,17.00,04/15/2024,01:15:54
898,236,2348,14,0,N,25.714426,-80.284264,17.00,04/15/2024,01:15:54
894,260,2340,16,0,N,25.714424,-80.284264,17.00,04/15/2024,01:15:54
899,251,2343,15,0,N,25.714424,-80.284264,16.90,04/15/2024,01:15:54
924,188,2291,11,0,N,25.714424,-80.284264,16.90,04/15/2024,01:15:54
927,168,2318,10,0,N,25.714426,-80.284271,16.90,04/15/2024,01:15:54
898,135,2333,8,0,N,25.714426,-80.284271,16.90,04/15/2024,01:15:54
899,130,2318,8,0,N,25.714426,-80.284271,16.90,04/15/2024,01:15:55
898,116,2299,7,0,N,25.714424,-80.284271,16.90,04/15/2024,01:15:55
892,117,2273,7,0,N,25.714424,-80.284271,16.90,04/15/2024,01:15:55
879,135,2261,8,0,N,25.714426,-80.284271,16.90,04/15/2024,01:15:55
873,117,2269,7,0,N,25.714426,-80.284271,17.00,04/15/2024,01:15:55
869,143,2269,9,0,N,25.714424,-80.284279,17.00,04/15/2024,01:15:55
865,141,2258,9,0,N,25.714424,-80.284279,17.00,04/15/2024,01:15:55
885,109,2243,7,0,N,25.714424,-80.284279,17.00,04/15/2024,01:15:55
890,73,2209,4,0,N,25.714424,-80.284279,17.00,04/15/2024,01:15:55
890,80,2214,5,0,N,25.714426,-80.284279,17.00,04/15/2024,01:15:56
872,65,2243,4,0,N,25.714426,-80.284286,17.00,04/15/2024,01:15:56
851,44,2273,2,0,N,25.714426,-80.284286,17.00,04/15/2024,01:15:56
881,31,2229,2,0,N,25.714426,-80.284286,17.00,04/15/2024,01:15:56
876,44,2236,2,0,N,25.714426,-80.284286,17.00,04/15/2024,01:15:56
894,17,2199,1,0,N,25.714426,-80.284294,17.00,04/15/2024,01:15:56
845,55,2273,3,0,N,25.714426,-80.284294,16.90,04/15/2024,01:15:56
858,23,2251,1,0,N,25.714426,-80.284294,16.90,04/15/2024,01:15:56
845,27,2299,1,0,N,25.714426,-80.284294,16.80,04/15/2024,01:15:56
853,47,2273,3,0,N,25.714426,-80.284294,16.80,04/15/2024,01:15:57
873,27,2254,1,0,N,25.714426,-80.284294,16.80,04/15/2024,01:15:57
888,-5,2202,0,0,N,25.714426,-80.284294,16.80,04/15/2024,01:15:57
890,-18,2187,-1,15,NNW,25.714426,-80.284294,16.90,04/15/2024,01:15:57
879,-43,2191,-2,15,NNW,25.714426,-80.284294,16.90,04/15/2024,01:15:57
869,-62,2191,-4,15,NNW,25.714426,-80.284302,16.90,04/15/2024,01:15:57
876,-68,2176,-4,15,NNW,25.714426,-80.284302,16.90,04/15/2024,01:15:57
906,-73,2117,-4,15,NNW,25.714426,-80.284302,16.80,04/15/2024,01:15:57
879,-30,2161,-1,15,NNW,25.714426,-80.284302,16.80,04/15/2024,01:15:57
879,-13,2172,0,0,N,25.714426,-80.284302,16.80,04/15/2024,01:15:57
885,-3,2179,0,0,N,25.714426,-80.284309,16.80,04/15/2024,01:15:58
881,-12,2147,0,0,N,25.714426,-80.284309,16.80,04/15/2024,01:15:58
915,-97,2065,-6,15,NNW,25.714426,-80.284309,16.80,04/15/2024,01:15:58
920,-136,2053,-8,15,NNW,25.714428,-80.284309,16.80,04/15/2024,01:15:58
912,-125,2102,-7,15,NNW,25.714428,-80.284309,16.80,04/15/2024,01:15:58
912,-132,2109,-8,15,NNW,25.714428,-80.284309,16.70,04/15/2024,01:15:58
920,-121,2112,-7,15,NNW,25.714428,-80.284317,16.70,04/15/2024,01:15:58
951,-98,2097,-5,15,NNW,25.714428,-80.284317,16.70,04/15/2024,01:15:58
963,-60,2120,-3,15,NNW,25.714428,-80.284317,16.70,04/15/2024,01:15:58
961,-55,2150,-3,15,NNW,25.714428,-80.284317,16.80,04/15/2024,01:15:58
938,-30,2221,-1,15,NNW,25.714428,-80.284317,16.80,04/15/2024,01:15:59
933,-22,2273,-1,15,NNW,25.714428,-80.284317,16.80,04/15/2024,01:15:59
935,-22,2296,-1,15,NNW,25.714428,-80.284317,16.80,04/15/2024,01:15:59
957,-39,2313,-2,15,NNW,25.714428,-80.284317,16.80,04/15/2024,01:15:59
957,-48,2291,-2,15,NNW,25.714428,-80.284325,16.80,04/15/2024,01:15:59
985,-33,2281,-1,15,NNW,25.714428,-80.284325,16.80,04/15/2024,01:15:59
997,-13,2291,0,0,N,25.714428,-80.284325,16.80,04/15/2024,01:15:59
1000,0,2291,0,0,N,25.714428,-80.284325,16.80,04/15/2024,01:15:59
1000,25,2343,1,0,N,25.714428,-80.284325,16.70,04/15/2024,01:15:59
1006,56,2328,3,0,N,25.714428,-80.284332,16.70,04/15/2024,01:16:00
1019,104,2276,5,0,N,25.714428,-80.284332,16.70,04/15/2024,01:16:00
1006,102,2291,5,0,N,25.714428,-80.284332,16.70,04/15/2024,01:16:00
1001,120,2291,6,0,N,25.714428,-80.284332,16.70,04/15/2024,01:16:00
993,113,2296,6,0,N,25.714428,-80.284332,16.70,04/15/2024,01:16:00
1001,102,2269,5,0,N,25.714428,-80.284332,16.70,04/15/2024,01:16:00
1032,73,2169,4,0,N,25.714428,-80.284332,16.60,04/15/2024,01:16:00
1050,67,2124,3,0,N,25.714428,-80.284340,16.60,04/15/2024,01:16:00
1032,36,2132,1,0,N,25.714428,-80.284340,16.60,04/15/2024,01:16:00
1026,21,2135,1,0,N,25.714428,-80.284340,16.60,04/15/2024,01:16:00
1032,10,2105,0,0,N,25.714428,-80.284340,16.70,04/15/2024,01:16:00
1026,38,2135,2,0,N,25.714430,-80.284340,16.70,04/15/2024,01:16:01
1024,0,2065,0,0,N,25.714430,-80.284340,16.60,04/15/2024,01:16:01
1006,36,2097,2,0,N,25.714430,-80.284348,16.60,04/15/2024,01:16:01
993,23,2120,1,0,N,25.714430,-80.284348,16.60,04/15/2024,01:16:01
995,27,2124,1,0,N,25.714430,-80.284348,16.60,04/15/2024,01:16:01
983,12,2150,0,0,N,25.714430,-80.284348,16.60,04/15/2024,01:16:01
997,0,2105,0,0,N,25.714430,-80.284348,16.60,04/15/2024,01:16:01
1011,-33,2083,-1,15,NNW,25.714430,-80.284355,16.60,04/15/2024,01:16:01
1000,-26,2112,-1,15,NNW,25.714430,-80.284355,16.60,04/15/2024,01:16:01
993,-71,2161,-4,15,NNW,25.714430,-80.284355,16.60,04/15/2024,01:16:01
975,-97,2139,-5,15,NNW,25.714430,-80.284355,16.60,04/15/2024,01:16:02
985,-116,2127,-6,15,NNW,25.714430,-80.284355,16.60,04/15/2024,01:16:02
1000,-115,2142,-6,15,NNW,25.714430,-80.284355,16.70,04/15/2024,01:16:02
1006,-121,2097,-6,15,NNW,25.714430,-80.284363,16.70,04/15/2024,01:16:02
975,-58,2202,-3,15,NNW,25.714430,-80.284363,16.80,04/15/2024,01:16:02
953,-24,2254,-1,15,NNW,25.714428,-80.284363,16.80,04/15/2024,01:16:02
965,18,2269,1,0,N,25.714428,-80.284363,16.80,04/15/2024,01:16:02
971,53,2266,3,0,N,25.714428,-80.284363,16.80,04/15/2024,01:16:02
1006,0,2172,0,0,N,25.714428,-80.284363,16.80,04/15/2024,01:16:02
1009,8,2142,0,0,N,25.714430,-80.284370,16.80,04/15/2024,01:16:03
988,-18,2172,-1,15,NNW,25.714430,-80.284370,16.80,04/15/2024,01:16:03
967,-42,2172,-2,15,NNW,25.714430,-80.284370,16.70,04/15/2024,01:16:03
971,-12,2176,0,0,N,25.714430,-80.284370,16.70,04/15/2024,01:16:03
976,-7,2139,0,0,N,25.714428,-80.284370,16.70,04/15/2024,01:16:03
979,-22,2080,-1,15,NNW,25.714428,-80.284370,16.70,04/15/2024,01:16:03
938,18,2157,1,0,N,25.714428,-80.284370,16.60,04/15/2024,01:16:03
920,44,2199,2,0,N,25.714428,-80.284370,16.60,04/15/2024,01:16:03
912,31,2164,1,0,N,25.714428,-80.284378,16.60,04/15/2024,01:16:03
912,34,2164,2,0,N,25.714428,-80.284378,16.60,04/15/2024,01:16:04
912,-26,2097,-1,15,NNW,25.714428,-80.284378,16.60,04/15/2024,01:16:04
936,-48,2027,-2,15,NNW,25.714428,-80.284378,16.60,04/15/2024,01:16:04
922,-67,2087,-4,15,NNW,25.714428,-80.284378,16.60,04/15/2024,01:16:04
924,-94,2105,-5,15,NNW,25.714428,-80.284386,16.60,04/15/2024,01:16:04
908,-136,2065,-8,15,NNW,25.714428,-80.284386,16.60,04/15/2024,01:16:04
903,-149,2068,-9,15,NNW,25.714428,-80.284386,16.60,04/15/2024,01:16:04
910,-151,2057,-9,15,NNW,25.714428,-80.284386,16.60,04/15/2024,01:16:04
894,-112,2124,-7,15,NNW,25.714428,-80.284386,16.60,04/15/2024,01:16:04
884,-75,2194,-4,15,NNW,25.714428,-80.284386,16.60,04/15/2024,01:16:04
873,-71,2217,-4,15,NNW,25.714428,-80.284393,16.60,04/15/2024,01:16:05
890,-60,2229,-3,15,NNW,25.714428,-80.284393,16.60,04/15/2024,01:16:05
903,-110,2172,-6,15,NNW,25.714428,-80.284393,16.50,04/15/2024,01:16:05
899,-103,2232,-6,15,NNW,25.714428,-80.284393,16.50,04/15/2024,01:16:05
927,-103,2217,-6,15,NNW,25.714428,-80.284393,16.50,04/15/2024,01:16:05
920,-112,2239,-6,15,NNW,25.714428,-80.284401,16.50,04/15/2024,01:16:05
912,-73,2243,-4,15,NNW,25.714426,-80.284401,16.50,04/15/2024,01:16:05
933,-50,2236,-3,15,NNW,25.714426,-80.284401,16.40,04/15/2024,01:16:05
916,-39,2239,-2,15,NNW,25.714426,-80.284401,16.40,04/15/2024,01:16:06
863,-7,2306,0,0,N,25.714426,-80.284401,16.40,04/15/2024,01:16:06
855,-3,2333,0,0,N,25.714426,-80.284409,16.40,04/15/2024,01:16:06
863,1,2328,0,0,N,25.714426,-80.284409,16.40,04/15/2024,01:16:06
876,1,2310,0,0,N,25.714426,-80.284409,16.40,04/15/2024,01:16:06
924,-43,2202,-2,15,NNW,25.714426,-80.284409,16.40,04/15/2024,01:16:06
898,-50,2254,-3,15,NNW,25.714426,-80.284409,16.40,04/15/2024,01:16:06
869,-68,2321,-4,15,NNW,25.714426,-80.284409,16.40,04/15/2024,01:16:06
853,-90,2328,-6,15,NNW,25.714426,-80.284409,16.40,04/15/2024,01:16:06
885,-116,2306,-7,15,NNW,25.714426,-80.284409,16.30,04/15/2024,01:16:06
888,-92,2296,-5,15,NNW,25.714426,-80.284416,16.30,04/15/2024,01:16:07
910,-84,2296,-5,15,NNW,25.714426,-80.284416,16.30,04/15/2024,01:16:07
888,-71,2306,-4,15,NNW,25.714426,-80.284416,16.30,04/15/2024,01:16:07
879,-26,2336,-1,15,NNW,25.714426,-80.284416,16.30,04/15/2024,01:16:07
863,4,2343,0,0,N,25.714426,-80.284416,16.20,04/15/2024,01:16:07
890,-24,2313,-1,15,NNW,25.714426,-80.284424,16.20,04/15/2024,01:16:07
916,-94,2246,-5,15,NNW,25.714426,-80.284424,16.20,04/15/2024,01:16:07
890,-115,2284,-7,15,NNW,25.714426,-80.284424,16.20,04/15/2024,01:16:07
869,-138,2321,-9,15,NNW,25.714426,-80.284424,16.20,04/15/2024,01:16:08
872,-174,2310,-11,15,NNW,25.714426,-80.284424,16.10,04/15/2024,01:16:08
878,-151,2328,-9,15,NNW,25.714426,-80.284431,16.10,04/15/2024,01:16:08
885,-147,2310,-9,15,NNW,25.714426,-80.284431,16.10,04/15/2024,01:16:08
858,-128,2392,-8,15,NNW,25.714426,-80.284431,16.10,04/15/2024,01:16:08
833,-110,2452,-7,15,NNW,25.714426,-80.284431,16.10,04/15/2024,01:16:08
842,-79,2470,-5,15,NNW,25.714426,-80.284431,16.10,04/15/2024,01:16:08
837,-50,2497,-3,15,NNW,25.714426,-80.284431,16.10,04/15/2024,01:16:08
851,-92,2459,-6,15,NNW,25.714426,-80.284431,16.10,04/15/2024,01:16:08
853,-159,2448,-10,15,NNW,25.714426,-80.284439,16.10,04/15/2024,01:16:09
849,-167,2482,-11,15,NNW,25.714426,-80.284439,16.10,04/15/2024,01:16:09
819,-161,2504,-11,15,NNW,25.714426,-80.284439,16.10,04/15/2024,01:16:09
817,-159,2530,-11,15,NNW,25.714426,-80.284439,16.10,04/15/2024,01:16:09
824,-138,2512,-9,15,NNW,25.714426,-80.284439,16.10,04/15/2024,01:16:09
853,-134,2500,-8,15,NNW,25.714426,-80.284447,16.10,04/15/2024,01:16:09
845,-129,2515,-8,15,NNW,25.714426,-80.284447,16.00,04/15/2024,01:16:09
853,-90,2556,-6,15,NNW,25.714426,-80.284447,16.00,04/15/2024,01:16:09
842,-54,2544,-3,15,NNW,25.714426,-80.284447,16.00,04/15/2024,01:16:09
858,-37,2544,-2,15,NNW,25.714426,-80.284447,16.00,04/15/2024,01:16:10
910,-68,2422,-4,15,NNW,25.714426,-80.284447,16.00,04/15/2024,01:16:10
906,-52,2455,-3,15,NNW,25.714426,-80.284454,16.00,04/15/2024,01:16:10
899,-86,2422,-5,15,NNW,25.714426,-80.284454,16.00,04/15/2024,01:16:10
899,-88,2430,-5,15,NNW,25.714426,-80.284454,16.00,04/15/2024,01:16:10
888,-73,2445,-4,15,NNW,25.714426,-80.284454,16.00,04/15/2024,01:16:10
881,-67,2448,-4,15,NNW,25.714426,-80.284454,16.00,04/15/2024,01:16:10
881,-46,2430,-2,15,NNW,25.714426,-80.284454,16.10,04/15/2024,01:16:10
873,-35,2452,-2,15,NNW,25.714426,-80.284462,16.10,04/15/2024,01:16:10
855,6,2462,0,0,N,25.714426,-80.284462,16.10,04/15/2024,01:16:10
853,43,2459,2,0,N,25.714426,-80.284462,16.10,04/15/2024,01:16:11
841,31,2467,2,0,N,25.714426,-80.284462,16.10,04/15/2024,01:16:11
881,-18,2400,-1,15,NNW,25.714426,-80.284462,16.10,04/15/2024,01:16:11
841,1,2445,0,0,N,25.714426,-80.284462,16.10,04/15/2024,01:16:11
860,-16,2452,-1,15,NNW,25.714428,-80.284470,16.10,04/15/2024,01:16:11
858,-60,2415,-4,15,NNW,25.714428,-80.284470,16.00,04/15/2024,01:16:11
876,-64,2403,-4,15,NNW,25.714428,-80.284470,16.00,04/15/2024,01:16:11
885,-9,2418,0,0,N,25.714428,-80.284470,15.90,04/15/2024,01:16:11
881,0,2407,0,0,N,25.714426,-80.284470,15.90,04/15/2024,01:16:11
867,14,2459,0,0,N,25.714426,-80.284470,15.90,04/15/2024,01:16:11
860,21,2482,1,0,N,25.714426,-80.284470,15.90,04/15/2024,01:16:12
858,43,2507,2,0,N,25.714426,-80.284470,15.80,04/15/2024,01:16:12
847,59,2544,3,0,N,25.714426,-80.284477,15.80,04/15/2024,01:16:12
865,30,2537,1,0,N,25.714426,-80.284477,15.80,04/15/2024,01:16:12
885,-5,2482,0,0,N,25.714426,-80.284477,15.80,04/15/2024,01:16:12
892,-5,2497,0,0,N,25.714426,-80.284477,15.80,04/15/2024,01:16:12
888,-46,2534,-2,15,NNW,25.714426,-80.284477,15.80,04/15/2024,01:16:12
898,-60,2552,-3,15,NNW,25.714426,-80.284477,15.70,04/15/2024,01:16:12
916,-50,2556,-3,15,NNW,25.714424,-80.284485,15.70,04/15/2024,01:16:12
942,-37,2544,-2,15,NNW,25.714424,-80.284485,15.70,04/15/2024,01:16:13
928,25,2597,1,0,N,25.714424,-80.284485,15.60,04/15/2024,01:16:13
915,56,2656,3,0,N,25.714424,-80.284485,15.60,04/15/2024,01:16:13
912,69,2664,4,0,N,25.714426,-80.284492,15.60,04/15/2024,01:16:13
951,82,2656,4,0,N,25.714426,-80.284492,15.60,04/15/2024,01:16:13
972,55,2638,3,0,N,25.714426,-80.284492,15.60,04/15/2024,01:16:13
971,85,2634,5,0,N,25.714426,-80.284492,15.60,04/15/2024,01:16:13
940,80,2671,4,0,N,25.714426,-80.284492,15.60,04/15/2024,01:16:13
931,69,2686,4,0,N,25.714426,-80.284492,15.60,04/15/2024,01:16:13
958,55,2649,3,0,N,25.714426,-80.284500,15.60,04/15/2024,01:16:14
971,91,2601,5,0,N,25.714426,-80.284500,15.60,04/15/2024,01:16:14
976,116,2567,6,0,N,25.714426,-80.284500,15.60,04/15/2024,01:16:14
924,147,2604,9,0,N,25.714426,-80.284500,15.70,04/15/2024,01:16:14
910,179,2631,11,0,N,25.714426,-80.284500,15.70,04/15/2024,01:16:14
906,179,2619,11,0,N,25.714426,-80.284508,15.70,04/15/2024,01:16:14
940,166,2604,10,0,N,25.714426,-80.284508,15.70,04/15/2024,01:16:14
985,91,2507,5,0,N,25.714426,-80.284508,15.70,04/15/2024,01:16:14
942,85,2556,5,0,N,25.714426,-80.284508,15.70,04/15/2024,01:16:15
903,44,2597,2,0,N,25.714426,-80.284508,15.60,04/15/2024,01:16:15
951,-9,2544,0,0,N,25.714426,-80.284515,15.60,04/15/2024,01:16:15
945,17,2556,1,0,N,25.714426,-80.284515,15.60,04/15/2024,01:16:15
965,4,2492,0,0,N,25.714426,-80.284515,15.60,04/15/2024,01:16:15
942,86,2519,5,0,N,25.714426,-80.284515,15.60,04/15/2024,01:16:15
915,82,2544,5,0,N,25.714426,-80.284515,15.60,04/15/2024,01:16:15
879,130,2564,8,0,N,25.714426,-80.284515,15.60,04/15/2024,01:16:15
903,129,2537,8,0,N,25.714426,-80.284523,15.60,04/15/2024,01:16:15
954,59,2425,3,0,N,25.714426,-80.284523,15.60,04/15/2024,01:16:15
1024,-22,2284,-1,15,NNW,25.714426,-80.284523,15.60,04/15/2024,01:16:16
965,10,2363,0,0,N,25.714426,-80.284523,15.60,04/15/2024,01:16:16
961,-42,2325,-2,15,NNW,25.714424,-80.284523,15.60,04/15/2024,01:16:16
912,-147,2385,-9,15,NNW,25.714424,-80.284523,15.50,04/15/2024,01:16:16
940,-183,2273,-11,15,NNW,25.714424,-80.284523,15.50,04/15/2024,01:16:16
888,-145,2343,-9,15,NNW,25.714424,-80.284523,15.50,04/15/2024,01:16:16
894,-172,2328,-10,15,NNW,25.714422,-80.284531,15.50,04/15/2024,01:16:16
906,-145,2306,-9,15,NNW,25.714422,-80.284531,15.40,04/15/2024,01:16:16
898,-193,2281,-12,15,NNW,25.714422,-80.284531,15.40,04/15/2024,01:16:16
865,-214,2336,-13,15,NNW,25.714422,-80.284531,15.20,04/15/2024,01:16:16
835,-252,2351,-16,15,NNW,25.714422,-80.284531,15.20,04/15/2024,01:16:17
796,-257,2392,-17,15,NNW,25.714422,-80.284531,15.20,04/15/2024,01:16:17
837,-265,2340,-17,15,NNW,25.714422,-80.284531,15.20,04/15/2024,01:16:17
737,-301,2448,-22,15,NNW,25.714422,-80.284531,15.10,04/15/2024,01:16:17
694,-296,2492,-23,14,NW,25.714420,-80.284538,15.10,04/15/2024,01:16:17
712,-279,2462,-21,15,NNW,25.714420,-80.284538,15.00,04/15/2024,01:16:17
785,-269,2373,-18,15,NNW,25.714420,-80.284538,15.00,04/15/2024,01:16:17
733,-279,2433,-20,15,NNW,25.714420,-80.284538,14.90,04/15/2024,01:16:17
780,-320,2340,-22,15,NNW,25.714420,-80.284538,14.90,04/15/2024,01:16:17
830,-325,2243,-21,15,NNW,25.714420,-80.284538,14.80,04/15/2024,01:16:17
881,-318,2172,-19,15,NNW,25.714420,-80.284538,14.80,04/15/2024,01:16:18
920,-269,2154,-16,15,NNW,25.714420,-80.284538,14.80,04/15/2024,01:16:18
906,-214,2221,-13,15,NNW,25.714420,-80.284546,14.80,04/15/2024,01:16:18
951,-88,2194,-5,15,NNW,25.714420,-80.284546,14.80,04/15/2024,01:16:18
961,-26,2169,-1,15,NNW,25.714420,-80.284546,14.70,04/15/2024,01:16:18
942,17,2232,1,0,N,25.714420,-80.284546,14.70,04/15/2024,01:16:18
885,-9,2313,0,0,N,25.714420,-80.284554,14.70,04/15/2024,01:16:18
894,69,2296,4,0,N,25.714420,-80.284554,14.60,04/15/2024,01:16:18
894,93,2296,5,0,N,25.714420,-80.284554,14.60,04/15/2024,01:16:19
896,108,2299,6,0,N,25.714420,-80.284554,14.60,04/15/2024,01:16:19
888,113,2306,7,0,N,25.714420,-80.284554,14.60,04/15/2024,01:16:19
879,86,2336,5,0,N,25.714420,-80.284554,14.60,04/15/2024,01:16:19
884,93,2306,6,0,N,25.714420,-80.284561,14.60,04/15/2024,01:16:19
885,108,2296,6,0,N,25.714420,-80.284561,14.60,04/15/2024,01:16:19
902,104,2258,6,0,N,25.714420,-80.284561,14.60,04/15/2024,01:16:19
903,102,2276,6,0,N,25.714420,-80.284561,14.50,04/15/2024,01:16:19
915,95,2269,5,0,N,25.714420,-80.284561,14.50,04/15/2024,01:16:19
906,116,2276,7,0,N,25.714420,-80.284561,14.50,04/15/2024,01:16:20
916,109,2281,6,0,N,25.714420,-80.284561,14.60,04/15/2024,01:16:20
918,113,2273,7,0,N,25.714420,-80.284561,14.60,04/15/2024,01:16:20
918,124,2258,7,0,N,25.714418,-80.284569,14.60,04/15/2024,01:16:20
918,117,2258,7,0,N,25.714418,-80.284569,14.60,04/15/2024,01:16:20
918,120,2273,7,0,N,25.714420,-80.284569,14.60,04/15/2024,01:16:20
915,130,2266,8,0,N,25.714420,-80.284569,14.60,04/15/2024,01:16:20
902,135,2281,8,0,N,25.714418,-80.284576,14.60,04/15/2024,01:16:20
898,122,2266,7,0,N,25.714418,-80.284576,14.50,04/15/2024,01:16:20
894,126,2269,8,0,N,25.714418,-80.284576,14.50,04/15/2024,01:16:21
903,124,2273,7,0,N,25.714418,-80.284576,14.50,04/15/2024,01:16:21
899,120,2281,7,0,N,25.714418,-80.284576,14.50,04/15/2024,01:16:21
896,109,2291,6,0,N,25.714418,-80.284576,14.50,04/15/2024,01:16:21
898,111,2299,7,0,N,25.714417,-80.284576,14.50,04/15/2024,01:16:21
910,104,2284,6,0,N,25.714417,-80.284576,14.50,04/15/2024,01:16:21
899,104,2288,6,0,N,25.714418,-80.284576,14.50,04/15/2024,01:16:21
903,111,2276,7,0,N,25.714418,-80.284576,14.60,04/15/2024,01:16:21
890,122,2303,7,0,N,25.714418,-80.284576,14.60,04/15/2024,01:16:21
888,124,2288,7,0,N,25.714417,-80.284584,14.60,04/15/2024,01:16:21
896,126,2299,8,0,N,25.714417,-80.284584,14.60,04/15/2024,01:16:21
896,117,2288,7,0,N,25.714417,-80.284584,14.60,04/15/2024,01:16:22
888,126,2284,8,0,N,25.714417,-80.284584,14.50,04/15/2024,01:16:22
899,137,2303,8,0,N,25.714417,-80.284584,14.50,04/15/2024,01:16:22
902,133,2288,8,0,N,25.714417,-80.284584,14.60,04/15/2024,01:16:22
888,109,2306,6,0,N,25.714417,-80.284584,14.60,04/15/2024,01:16:22
873,47,2303,3,0,N,25.714417,-80.284584,14.60,04/15/2024,01:16:22
867,23,2328,1,0,N,25.714417,-80.284584,14.60,04/15/2024,01:16:22
845,-46,2325,-3,15,NNW,25.714417,-80.284584,14.60,04/15/2024,01:16:22
845,-46,2328,-3,15,NNW,25.714415,-80.284584,14.60,04/15/2024,01:16:22
849,-62,2321,-4,15,NNW,25.714415,-80.284584,14.60,04/15/2024,01:16:22
879,-37,2246,-2,15,NNW,25.714415,-80.284584,14.60,04/15/2024,01:16:23
845,-48,2261,-3,15,NNW,25.714415,-80.284584,14.60,04/15/2024,01:16:23
849,-35,2254,-2,15,NNW,25.714415,-80.284584,14.60,04/15/2024,01:16:23
823,-18,2310,-1,15,NNW,25.714415,-80.284584,14.50,04/15/2024,01:16:23
785,-13,2336,0,0,N,25.714415,-80.284584,14.50,04/15/2024,01:16:23
778,-13,2306,0,0,N,25.714415,-80.284584,14.50,04/15/2024,01:16:23
792,-3,2254,0,0,N,25.714415,-80.284592,14.50,04/15/2024,01:16:23
787,-12,2273,0,0,N,25.714415,-80.284592,14.50,04/15/2024,01:16:23
768,-48,2273,-3,15,NNW,25.714415,-80.284592,14.50,04/15/2024,01:16:23
707,-103,2303,-8,15,NNW,25.714415,-80.284592,14.50,04/15/2024,01:16:23
700,-123,2303,-9,15,NNW,25.714413,-80.284592,14.50,04/15/2024,01:16:24
703,-125,2296,-10,15,NNW,25.714413,-80.284592,14.50,04/15/2024,01:16:24
688,-158,2318,-12,15,NNW,25.714413,-80.284592,14.50,04/15/2024,01:16:24
709,-167,2284,-13,15,NNW,25.714413,-80.284592,14.60,04/15/2024,01:16:24
669,-158,2381,-13,15,NNW,25.714413,-80.284592,14.60,04/15/2024,01:16:24
673,-145,2395,-12,15,NNW,25.714413,-80.284592,14.60,04/15/2024,01:16:24
678,-145,2395,-12,15,NNW,25.714413,-80.284592,14.60,04/15/2024,01:16:24
687,-167,2378,-13,15,NNW,25.714413,-80.284592,14.60,04/15/2024,01:16:24
652,-224,2388,-18,15,NNW,25.714413,-80.284592,14.60,04/15/2024,01:16:24
619,-241,2425,-21,15,NNW,25.714413,-80.284592,14.60,04/15/2024,01:16:25
591,-269,2425,-24,14,NW,25.714413,-80.284592,14.70,04/15/2024,01:16:25
597,-257,2430,-23,14,NW,25.714413,-80.284592,14.70,04/15/2024,01:16:25
563,-245,2482,-23,14,NW,25.714413,-80.284592,14.70,04/15/2024,01:16:25
568,-231,2482,-22,15,NNW,25.714413,-80.284592,14.70,04/15/2024,01:16:25
609,-210,2433,-19,15,NNW,25.714413,-80.284592,14.70,04/15/2024,01:16:25
591,-196,2492,-18,15,NNW,25.714413,-80.284592,14.70,04/15/2024,01:16:25
587,-170,2492,-16,15,NNW,25.714413,-80.284592,14.70,04/15/2024,01:16:25
605,-174,2507,-16,15,NNW,25.714413,-80.284592,14.70,04/15/2024,01:16:26
583,-184,2504,-17,15,NNW,25.714413,-80.284592,14.80,04/15/2024,01:16:26
587,-202,2537,-18,15,NNW,25.714413,-80.284592,14.80,04/15/2024,01:16:26
557,-202,2552,-19,15,NNW,25.714413,-80.284592,14.80,04/15/2024,01:16:26
559,-193,2597,-19,15,NNW,25.714413,-80.284592,14.80,04/15/2024,01:16:26
550,-204,2641,-20,15,NNW,25.714413,-80.284592,14.80,04/15/2024,01:16:26
552,-191,2656,-19,15,NNW,25.714413,-80.284592,14.80,04/15/2024,01:16:26
589,-184,2693,-17,15,NNW,25.714413,-80.284592,14.80,04/15/2024,01:16:26
587,-187,2683,-17,15,NNW,25.714413,-80.284592,14.90,04/15/2024,01:16:26
626,-159,2683,-14,15,NNW,25.714413,-80.284592,14.90,04/15/2024,01:16:27
644,-159,2671,-13,15,NNW,25.714413,-80.284592,14.90,04/15/2024,01:16:27
675,-141,2716,-11,15,NNW,25.714413,-80.284592,14.90,04/15/2024,01:16:27
680,-138,2705,-11,15,NNW,25.714413,-80.284592,14.90,04/15/2024,01:16:27
696,-158,2690,-12,15,NNW,25.714413,-80.284592,14.90,04/15/2024,01:16:27
723,-159,2656,-12,15,NNW,25.714413,-80.284592,14.90,04/15/2024,01:16:27
737,-147,2649,-11,15,NNW,25.714413,-80.284592,14.90,04/15/2024,01:16:27
739,-165,2634,-12,15,NNW,25.714413,-80.284592,14.90,04/15/2024,01:16:27
733,-172,2623,-13,15,NNW,25.714413,-80.284592,15.00,04/15/2024,01:16:27
796,-132,2611,-9,15,NNW,25.714413,-80.284592,15.00,04/15/2024,01:16:27
764,-142,2626,-10,15,NNW,25.714413,-80.284592,15.00,04/15/2024,01:16:27
796,-134,2571,-9,15,NNW,25.714413,-80.284592,15.00,04/15/2024,01:16:28
792,-98,2559,-7,15,NNW,25.714413,-80.284592,14.90,04/15/2024,01:16:28
803,-62,2549,-4,15,NNW,25.714411,-80.284592,14.90,04/15/2024,01:16:28
808,-64,2537,-4,15,NNW,25.714411,-80.284592,14.90,04/15/2024,01:16:28
829,-81,2485,-5,15,NNW,25.714411,-80.284592,14.90,04/15/2024,01:16:28
815,-119,2467,-8,15,NNW,25.714411,-80.284592,14.90,04/15/2024,01:16:28
824,-119,2452,-8,15,NNW,25.714409,-80.284592,14.90,04/15/2024,01:16:28
810,-165,2433,-11,15,NNW,25.714409,-80.284592,15.00,04/15/2024,01:16:28
803,-178,2415,-12,15,NNW,25.714407,-80.284592,15.00,04/15/2024,01:16:28
785,-204,2415,-14,15,NNW,25.714407,-80.284592,15.00,04/15/2024,01:16:28
794,-187,2363,-13,15,NNW,25.714405,-80.284592,15.00,04/15/2024,01:16:29
808,-128,2343,-9,15,NNW,25.714405,-80.284592,15.00,04/15/2024,01:16:29
782,-84,2333,-6,15,NNW,25.714403,-80.284584,15.00,04/15/2024,01:16:29
778,-43,2313,-3,15,NNW,25.714403,-80.284584,15.40,04/15/2024,01:16:29
798,-9,2276,0,0,N,25.714401,-80.284584,15.40,04/15/2024,01:16:29
782,-35,2217,-2,15,NNW,25.714397,-80.284584,15.40,04/15/2024,01:16:29
761,-90,2239,-6,15,NNW,25.714397,-80.284584,15.60,04/15/2024,01:16:29
723,-123,2281,-9,15,NNW,25.714396,-80.284584,15.60,04/15/2024,01:16:29
712,-123,2291,-9,15,NNW,25.714396,-80.284584,15.70,04/15/2024,01:16:29
693,-134,2328,-10,15,NNW,25.714394,-80.284584,15.70,04/15/2024,01:16:30
693,-128,2328,-10,15,NNW,25.714394,-80.284584,15.70,04/15/2024,01:16:30
699,-115,2306,-9,15,NNW,25.714392,-80.284584,15.70,04/15/2024,01:16:30
700,-81,2325,-6,15,NNW,25.714392,-80.284584,15.70,04/15/2024,01:16:30
725,-9,2343,0,0,N,25.714392,-80.284584,15.70,04/15/2024,01:16:30
737,6,2303,0,0,N,25.714390,-80.284584,15.70,04/15/2024,01:16:30
757,31,2288,2,0,N,25.714390,-80.284584,15.80,04/15/2024,01:16:30
751,18,2306,1,0,N,25.714388,-80.284584,15.80,04/15/2024,01:16:30
749,-18,2318,-1,15,NNW,25.714384,-80.284584,15.80,04/15/2024,01:16:30
743,-18,2306,-1,15,NNW,25.714384,-80.284584,15.80,04/15/2024,01:16:30
733,0,2299,0,0,N,25.714382,-80.284584,15.80,04/15/2024,01:16:31
718,-33,2306,-2,15,NNW,25.714382,-80.284584,15.90,04/15/2024,01:16:31
737,-13,2303,-1,15,NNW,25.714380,-80.284584,15.90,04/15/2024,01:16:31
725,-9,2313,0,0,N,25.714378,-80.284584,15.90,04/15/2024,01:16:31
735,40,2258,3,0,N,25.714378,-80.284584,16.00,04/15/2024,01:16:31
717,67,2299,5,0,N,25.714376,-80.284584,16.00,04/15/2024,01:16:31
691,86,2310,7,0,N,25.714376,-80.284584,15.90,04/15/2024,01:16:31
699,109,2313,8,0,N,25.714373,-80.284584,15.90,04/15/2024,01:16:31
675,72,2318,6,0,N,25.714373,-80.284584,15.80,04/15/2024,01:16:31
662,69,2340,5,0,N,25.714371,-80.284584,15.80,04/15/2024,01:16:32
648,47,2355,4,0,N,25.714371,-80.284584,16.00,04/15/2024,01:16:32
636,30,2381,2,0,N,25.714371,-80.284584,16.00,04/15/2024,01:16:32
641,27,2388,2,0,N,25.714371,-80.284584,16.10,04/15/2024,01:16:32
680,36,2378,3,0,N,25.714369,-80.284584,16.10,04/15/2024,01:16:32
680,43,2388,3,0,N,25.714369,-80.284584,16.20,04/15/2024,01:16:32
680,78,2395,6,0,N,25.714367,-80.284584,16.20,04/15/2024,01:16:32
657,109,2425,9,0,N,25.714367,-80.284584,16.20,04/15/2024,01:16:32
670,129,2403,10,0,N,25.714367,-80.284584,16.20,04/15/2024,01:16:32
693,117,2400,9,0,N,25.714365,-80.284584,16.20,04/15/2024,01:16:32
687,63,2395,5,0,N,25.714365,-80.284584,16.20,04/15/2024,01:16:32
699,61,2388,4,0,N,25.714361,-80.284584,16.20,04/15/2024,01:16:33
682,36,2395,3,0,N,25.714361,-80.284584,16.20,04/15/2024,01:16:33
675,-3,2415,0,0,N,25.714359,-80.284584,16.20,04/15/2024,01:16:33
657,-12,2430,-1,15,NNW,25.714359,-80.284584,16.30,04/15/2024,01:16:33
666,-5,2445,0,0,N,25.714357,-80.284584,16.30,04/15/2024,01:16:33
675,10,2422,0,0,N,25.714357,-80.284584,16.30,04/15/2024,01:16:33
675,44,2381,3,0,N,25.714355,-80.284584,16.30,04/15/2024,01:16:33
657,63,2410,5,0,N,25.714355,-80.284584,16.30,04/15/2024,01:16:33
650,85,2425,7,0,N,25.714354,-80.284584,16.30,04/15/2024,01:16:33
652,67,2407,5,0,N,25.714354,-80.284584,16.40,04/15/2024,01:16:33
638,30,2433,2,0,N,25.714352,-80.284584,16.40,04/15/2024,01:16:34
650,1,2418,0,0,N,25.714352,-80.284584,16.30,04/15/2024,01:16:34
673,34,2358,2,0,N,25.714350,-80.284584,16.30,04/15/2024,01:16:34
644,25,2422,2,0,N,25.714350,-80.284584,16.10,04/15/2024,01:16:34
626,12,2452,1,0,N,25.714348,-80.284584,16.10,04/15/2024,01:16:34
600,12,2470,1,0,N,25.714348,-80.284584,16.30,04/15/2024,01:16:34
607,4,2452,0,0,N,25.714346,-80.284584,16.30,04/15/2024,01:16:34
634,63,2459,5,0,N,25.714342,-80.284584,16.30,04/15/2024,01:16:34
639,91,2452,8,0,N,25.714340,-80.284584,16.30,04/15/2024,01:16:35
638,104,2452,9,0,N,25.714340,-80.284584,16.50,04/15/2024,01:16:35
657,93,2452,8,0,N,25.714338,-80.284584,16.50,04/15/2024,01:16:35
638,36,2489,3,0,N,25.714338,-80.284584,16.00,04/15/2024,01:16:35
621,40,2489,3,0,N,25.714334,-80.284584,16.00,04/15/2024,01:16:35
648,63,2459,5,0,N,25.714334,-80.284584,15.90,04/15/2024,01:16:35
641,43,2470,3,0,N,25.714333,-80.284584,15.90,04/15/2024,01:16:35
609,18,2519,1,0,N,25.714333,-80.284584,16.10,04/15/2024,01:16:35
638,18,2497,1,0,N,25.714333,-80.284584,16.10,04/15/2024,01:16:35
634,17,2507,1,0,N,25.714331,-80.284584,16.10,04/15/2024,01:16:35
650,82,2512,7,0,N,25.714331,-80.284584,16.10,04/15/2024,01:16:35
669,109,2467,9,0,N,25.714327,-80.284584,16.10,04/15/2024,01:16:36
638,116,2507,10,0,N,25.714327,-80.284584,16.10,04/15/2024,01:16:36
627,111,2530,10,0,N,25.714327,-80.284584,16.20,04/15/2024,01:16:36
609,85,2534,7,0,N,25.714323,-80.284584,16.20,04/15/2024,01:16:36
627,63,2527,5,0,N,25.714323,-80.284584,16.30,04/15/2024,01:16:36
627,82,2530,7,0,N,25.714323,-80.284584,16.30,04/15/2024,01:16:36
638,82,2537,7,0,N,25.714321,-80.284584,16.30,04/15/2024,01:16:36
623,69,2556,6,0,N,25.714319,-80.284584,16.30,04/15/2024,01:16:36
639,61,2579,5,0,N,25.714319,-80.284584,16.40,04/15/2024,01:16:36
641,76,2574,6,0,N,25.714317,-80.284584,16.40,04/15/2024,01:16:37
657,95,2544,8,0,N,25.714317,-80.284584,16.50,04/15/2024,01:16:37
638,143,2574,12,0,N,25.714315,-80.284584,16.50,04/15/2024,01:16:37
634,214,2567,18,0,N,25.714315,-80.284584,16.70,04/15/2024,01:16:37
641,219,2527,18,0,N,25.714314,-80.284584,16.70,04/15/2024,01:16:37
650,196,2512,16,0,N,25.714314,-80.284584,16.60,04/15/2024,01:16:37
648,166,2507,14,0,N,25.714310,-80.284584,16.60,04/15/2024,01:16:37
644,147,2519,12,0,N,25.714310,-80.284584,16.70,04/15/2024,01:16:37
627,111,2527,10,0,N,25.714308,-80.284584,16.70,04/15/2024,01:16:37
595,108,2564,10,0,N,25.714306,-80.284584,16.70,04/15/2024,01:16:38
607,104,2549,9,0,N,25.714306,-80.284584,16.80,04/15/2024,01:16:38
595,86,2567,8,0,N,25.714306,-80.284584,16.80,04/15/2024,01:16:38
600,95,2537,8,0,N,25.714304,-80.284584,16.80,04/15/2024,01:16:38
587,147,2549,14,0,N,25.714304,-80.284584,16.80,04/15/2024,01:16:38
600,185,2515,17,0,N,25.714304,-80.284584,16.80,04/15/2024,01:16:38
621,175,2512,15,0,N,25.714302,-80.284584,16.80,04/15/2024,01:16:38
568,117,2574,11,0,N,25.714302,-80.284584,16.80,04/15/2024,01:16:38
548,109,2594,11,0,N,25.714300,-80.284584,16.80,04/15/2024,01:16:38
614,106,2530,9,0,N,25.714300,-80.284584,16.80,04/15/2024,01:16:38
593,76,2604,7,0,N,25.714298,-80.284584,16.80,04/15/2024,01:16:38
561,43,2626,4,0,N,25.714298,-80.284584,16.60,04/15/2024,01:16:38
554,31,2626,3,0,N,25.714294,-80.284584,16.60,04/15/2024,01:16:39
559,55,2668,5,0,N,25.714294,-80.284584,16.70,04/15/2024,01:16:39
601,78,2646,7,0,N,25.714293,-80.284584,16.70,04/15/2024,01:16:39
614,106,2679,9,0,N,25.714293,-80.284584,16.60,04/15/2024,01:16:39
626,143,2656,12,0,N,25.714291,-80.284584,16.60,04/15/2024,01:16:39
638,147,2679,12,0,N,25.714291,-80.284584,16.60,04/15/2024,01:16:39
666,126,2664,10,0,N,25.714289,-80.284576,16.60,04/15/2024,01:16:39
648,80,2743,7,0,N,25.714289,-80.284576,16.70,04/15/2024,01:16:39
684,63,2698,5,0,N,25.714287,-80.284576,16.70,04/15/2024,01:16:39
693,40,2705,3,0,N,25.714285,-80.284584,16.70,04/15/2024,01:16:40
705,17,2676,1,0,N,25.714285,-80.284584,16.50,04/15/2024,01:16:40
714,14,2676,1,0,N,25.714283,-80.284584,16.50,04/15/2024,01:16:40
753,43,2626,3,0,N,25.714283,-80.284584,16.60,04/15/2024,01:16:40
780,31,2579,2,0,N,25.714281,-80.284576,16.60,04/15/2024,01:16:40
796,36,2567,2,0,N,25.714277,-80.284576,16.60,04/15/2024,01:16:40
778,85,2574,6,0,N,25.714277,-80.284576,16.60,04/15/2024,01:16:40
778,106,2556,7,0,N,25.714275,-80.284576,16.60,04/15/2024,01:16:40
774,156,2571,11,0,N,25.714275,-80.284576,16.60,04/15/2024,01:16:40
757,184,2579,13,0,N,25.714273,-80.284576,16.60,04/15/2024,01:16:41
860,300,2378,19,0,N,25.714273,-80.284576,16.60,04/15/2024,01:16:41
823,324,2440,21,0,N,25.714272,-80.284576,16.60,04/15/2024,01:16:41
790,324,2459,22,0,N,25.714272,-80.284576,16.60,04/15/2024,01:16:41
730,221,2567,16,0,N,25.714272,-80.284576,16.60,04/15/2024,01:16:41
721,168,2619,13,0,N,25.714270,-80.284576,16.60,04/15/2024,01:16:41
755,113,2589,8,0,N,25.714270,-80.284576,16.70,04/15/2024,01:16:41
727,95,2559,7,0,N,25.714266,-80.284576,16.70,04/15/2024,01:16:41
749,76,2567,5,0,N,25.714264,-80.284576,16.70,04/15/2024,01:16:41
664,65,2653,5,0,N,25.714264,-80.284576,16.60,04/15/2024,01:16:41
650,47,2653,4,0,N,25.714262,-80.284576,16.60,04/15/2024,01:16:42
675,-22,2604,-1,15,NNW,25.714262,-80.284576,16.70,04/15/2024,01:16:42
636,-132,2649,-11,15,NNW,25.714262,-80.284576,16.70,04/15/2024,01:16:42
662,-125,2623,-10,15,NNW,25.714260,-80.284576,16.70,04/15/2024,01:16:42
700,-115,2567,-9,15,NNW,25.714258,-80.284576,16.70,04/15/2024,01:16:42
687,47,2631,3,0,N,25.714258,-80.284576,16.60,04/15/2024,01:16:42
664,124,2646,10,0,N,25.714256,-80.284576,16.60,04/15/2024,01:16:42
688,133,2611,10,0,N,25.714256,-80.284576,16.60,04/15/2024,01:16:42
700,109,2619,8,0,N,25.714254,-80.284576,16.60,04/15/2024,01:16:42
743,93,2549,7,0,N,25.714254,-80.284576,16.50,04/15/2024,01:16:42
739,98,2567,7,0,N,25.714251,-80.284576,16.50,04/15/2024,01:16:43
730,102,2571,7,0,N,25.714251,-80.284576,16.40,04/15/2024,01:16:43
712,78,2601,6,0,N,25.714249,-80.284576,16.40,04/15/2024,01:16:43
699,12,2611,0,0,N,25.714249,-80.284576,16.40,04/15/2024,01:16:43
723,21,2579,1,0,N,25.714247,-80.284576,16.40,04/15/2024,01:16:43
714,43,2597,3,0,N,25.714247,-80.284576,16.30,04/15/2024,01:16:43
712,69,2579,5,0,N,25.714245,-80.284576,16.30,04/15/2024,01:16:43
725,85,2582,6,0,N,25.714243,-80.284576,16.30,04/15/2024,01:16:43
721,82,2559,6,0,N,25.714243,-80.284576,16.30,04/15/2024,01:16:43
707,86,2597,6,0,N,25.714243,-80.284576,16.30,04/15/2024,01:16:43
696,86,2604,7,0,N,25.714241,-80.284576,16.30,04/15/2024,01:16:44
700,89,2611,7,0,N,25.714241,-80.284576,16.30,04/15/2024,01:16:44
688,73,2619,6,0,N,25.714239,-80.284576,16.30,04/15/2024,01:16:44
673,69,2626,5,0,N,25.714239,-80.284576,16.30,04/15/2024,01:16:44
680,69,2631,5,0,N,25.714237,-80.284576,16.30,04/15/2024,01:16:44
648,82,2656,7,0,N,25.714237,-80.284576,16.30,04/15/2024,01:16:44
644,67,2690,5,0,N,25.714233,-80.284576,16.30,04/15/2024,01:16:44
619,23,2676,2,0,N,25.714233,-80.284576,16.30,04/15/2024,01:16:44
564,4,2716,0,0,N,25.714233,-80.284576,16.30,04/15/2024,01:16:44
605,0,2698,0,0,N,25.714233,-80.284576,16.20,04/15/2024,01:16:44
559,51,2750,5,0,N,25.714230,-80.284576,16.20,04/15/2024,01:16:45
595,40,2720,3,0,N,25.714230,-80.284576,16.20,04/15/2024,01:16:45
595,30,2716,2,0,N,25.714228,-80.284576,16.20,04/15/2024,01:16:45
597,43,2720,4,0,N,25.714228,-80.284576,16.20,04/15/2024,01:16:45
587,12,2731,1,0,N,25.714228,-80.284576,16.20,04/15/2024,01:16:45
654,27,2679,2,0,N,25.714228,-80.284576,16.20,04/15/2024,01:16:45
657,89,2671,7,0,N,25.714226,-80.284576,16.20,04/15/2024,01:16:45
645,126,2690,11,0,N,25.714226,-80.284576,16.20,04/15/2024,01:16:45
660,133,2668,11,0,N,25.714224,-80.284576,16.20,04/15/2024,01:16:45
673,117,2693,9,0,N,25.714222,-80.284576,16.20,04/15/2024,01:16:46
648,73,2690,6,0,N,25.714220,-80.284576,16.20,04/15/2024,01:16:46
654,86,2693,7,0,N,25.714220,-80.284576,16.20,04/15/2024,01:16:46
678,111,2708,9,0,N,25.714220,-80.284569,16.20,04/15/2024,01:16:46
657,156,2698,13,0,N,25.714220,-80.284569,16.20,04/15/2024,01:16:46
630,181,2693,16,0,N,25.714218,-80.284569,16.20,04/15/2024,01:16:46
639,172,2693,15,0,N,25.714218,-80.284569,16.40,04/15/2024,01:16:46
670,175,2676,14,0,N,25.714218,-80.284569,16.40,04/15/2024,01:16:46
714,168,2623,13,0,N,25.714218,-80.284569,16.30,04/15/2024,01:16:46
687,209,2631,16,0,N,25.714218,-80.284569,16.30,04/15/2024,01:16:46
673,256,2631,20,0,N,25.714216,-80.284569,16.30,04/15/2024,01:16:47
673,260,2649,21,0,N,25.714216,-80.284569,16.40,04/15/2024,01:16:47
650,240,2690,20,0,N,25.714216,-80.284569,16.40,04/15/2024,01:16:47
627,226,2705,19,0,N,25.714216,-80.284569,16.40,04/15/2024,01:16:47
652,179,2698,15,0,N,25.714216,-80.284569,16.40,04/15/2024,01:16:47
678,171,2693,14,0,N,25.714216,-80.284569,16.40,04/15/2024,01:16:47
673,185,2693,15,0,N,25.714216,-80.284569,16.30,04/15/2024,01:16:47
657,217,2723,18,0,N,25.714216,-80.284569,16.30,04/15/2024,01:16:47
657,202,2731,17,0,N,25.714216,-80.284569,16.30,04/15/2024,01:16:47
660,196,2731,16,0,N,25.714216,-80.284569,16.30,04/15/2024,01:16:48
666,160,2738,13,0,N,25.714216,-80.284569,16.50,04/15/2024,01:16:48
694,184,2701,14,0,N,25.714216,-80.284569,16.50,04/15/2024,01:16:48
680,227,2753,18,0,N,25.714216,-80.284569,16.60,04/15/2024,01:16:48
670,217,2768,17,0,N,25.714216,-80.284569,16.60,04/15/2024,01:16:48
688,217,2753,17,0,N,25.714216,-80.284569,16.70,04/15/2024,01:16:48
654,216,2810,18,0,N,25.714216,-80.284569,16.70,04/15/2024,01:16:48
615,166,2854,15,0,N,25.714216,-80.284569,16.70,04/15/2024,01:16:48
669,179,2805,14,0,N,25.714216,-80.284569,16.60,04/15/2024,01:16:48
666,168,2847,14,0,N,25.714216,-80.284569,16.60,04/15/2024,01:16:49
657,163,2877,13,0,N,25.714216,-80.284569,16.70,04/15/2024,01:16:49
652,135,2921,11,0,N,25.714216,-80.284569,16.70,04/15/2024,01:16:49
607,93,2962,8,0,N,25.714216,-80.284569,16.70,04/15/2024,01:16:49
696,82,2865,6,0,N,25.714216,-80.284569,16.70,04/15/2024,01:16:49
660,99,2869,8,0,N,25.714216,-80.284569,16.70,04/15/2024,01:16:49
666,137,2854,11,0,N,25.714216,-80.284569,16.70,04/15/2024,01:16:49
675,104,2869,8,0,N,25.714216,-80.284569,16.70,04/15/2024,01:16:49
641,65,2880,5,0,N,25.714214,-80.284569,16.70,04/15/2024,01:16:49
564,53,2895,5,0,N,25.714214,-80.284569,16.70,04/15/2024,01:16:49
607,55,2839,5,0,N,25.714214,-80.284569,16.70,04/15/2024,01:16:50
652,38,2802,3,0,N,25.714214,-80.284569,16.70,04/15/2024,01:16:50
630,27,2798,2,0,N,25.714216,-80.284569,16.70,04/15/2024,01:16:50
595,18,2787,1,0,N,25.714216,-80.284569,16.70,04/15/2024,01:16:50
600,4,2790,0,0,N,25.714214,-80.284569,16.70,04/15/2024,01:16:50
572,-9,2750,0,0,N,25.714214,-80.284569,16.70,04/15/2024,01:16:50
615,21,2728,1,0,N,25.714214,-80.284561,16.70,04/15/2024,01:16:50
605,72,2720,6,0,N,25.714214,-80.284561,16.60,04/15/2024,01:16:50
584,72,2735,7,0,N,25.714214,-80.284561,16.60,04/15/2024,01:16:50
607,53,2705,4,0,N,25.714214,-80.284561,16.60,04/15/2024,01:16:50
568,38,2690,3,0,N,25.714214,-80.284561,16.60,04/15/2024,01:16:51
538,12,2701,1,0,N,25.714214,-80.284561,16.50,04/15/2024,01:16:51
566,21,2683,2,0,N,25.714214,-80.284561,16.50,04/15/2024,01:16:51
552,18,2705,1,0,N,25.714214,-80.284561,16.50,04/15/2024,01:16:51
529,25,2708,2,0,N,25.714214,-80.284561,16.50,04/15/2024,01:16:51
524,17,2720,1,0,N,25.714214,-80.284561,16.50,04/15/2024,01:16:51
524,-7,2708,0,0,N,25.714214,-80.284554,16.50,04/15/2024,01:16:51
511,-22,2713,-2,15,NNW,25.714214,-80.284554,16.50,04/15/2024,01:16:51
540,4,2646,0,0,N,25.714214,-80.284554,16.60,04/15/2024,01:16:51
564,53,2646,5,0,N,25.714214,-80.284554,16.60,04/15/2024,01:16:52
571,76,2646,7,0,N,25.714214,-80.284554,16.50,04/15/2024,01:16:52
561,49,2623,4,0,N,25.714214,-80.284546,16.50,04/15/2024,01:16:52
542,23,2653,2,0,N,25.714214,-80.284546,16.50,04/15/2024,01:16:52
548,12,2649,1,0,N,25.714214,-80.284546,16.50,04/15/2024,01:16:52
557,61,2608,6,0,N,25.714214,-80.284546,16.50,04/15/2024,01:16:52
577,91,2574,8,0,N,25.714214,-80.284546,16.50,04/15/2024,01:16:52
552,95,2579,9,0,N,25.714214,-80.284546,16.50,04/15/2024,01:16:52
546,55,2564,5,0,N,25.714214,-80.284546,16.40,04/15/2024,01:16:52
561,12,2574,1,0,N,25.714214,-80.284546,16.40,04/15/2024,01:16:52
581,14,2530,1,0,N,25.714216,-80.284538,16.40,04/15/2024,01:16:53
583,76,2519,7,0,N,25.714216,-80.284538,16.90,04/15/2024,01:16:53
595,113,2527,10,0,N,25.714216,-80.284538,16.90,04/15/2024,01:16:53
609,91,2504,8,0,N,25.714216,-80.284538,17.00,04/15/2024,01:16:53
595,59,2522,5,0,N,25.714216,-80.284538,17.00,04/15/2024,01:16:53
550,40,2574,4,0,N,25.714216,-80.284538,17.00,04/15/2024,01:16:53
593,65,2567,6,0,N,25.714216,-80.284531,17.00,04/15/2024,01:16:53
589,65,2537,6,0,N,25.714216,-80.284531,17.20,04/15/2024,01:16:53
589,56,2574,5,0,N,25.714216,-80.284531,17.20,04/15/2024,01:16:53
591,43,2579,4,0,N,25.714216,-80.284531,17.20,04/15/2024,01:16:53
568,30,2608,3,0,N,25.714216,-80.284531,17.20,04/15/2024,01:16:54
601,23,2571,2,0,N,25.714216,-80.284531,17.20,04/15/2024,01:16:54
638,80,2522,7,0,N,25.714216,-80.284531,17.20,04/15/2024,01:16:54
654,102,2500,8,0,N,25.714216,-80.284531,17.30,04/15/2024,01:16:54
660,99,2492,8,0,N,25.714216,-80.284523,17.30,04/15/2024,01:16:54
605,80,2522,7,0,N,25.714216,-80.284523,17.20,04/15/2024,01:16:54
589,65,2515,6,0,N,25.714216,-80.284523,17.20,04/15/2024,01:16:54
621,63,2512,5,0,N,25.714216,-80.284523,17.30,04/15/2024,01:16:54
621,95,2485,8,0,N,25.714216,-80.284523,17.30,04/15/2024,01:16:54
636,85,2522,7,0,N,25.714216,-80.284523,17.30,04/15/2024,01:16:54
621,82,2504,7,0,N,25.714216,-80.284523,17.30,04/15/2024,01:16:54
593,73,2527,7,0,N,25.714214,-80.284515,17.30,04/15/2024,01:16:55
623,91,2470,8,0,N,25.714214,-80.284515,17.10,04/15/2024,01:16:55
657,120,2474,10,0,N,25.714216,-80.284515,17.10,04/15/2024,01:16:55
660,93,2452,8,0,N,25.714216,-80.284515,17.10,04/15/2024,01:16:55
660,63,2452,5,0,N,25.714214,-80.284515,17.10,04/15/2024,01:16:55
595,36,2489,3,0,N,25.714214,-80.284508,17.10,04/15/2024,01:16:55
644,23,2422,2,0,N,25.714214,-80.284508,17.00,04/15/2024,01:16:55
641,34,2415,3,0,N,25.714214,-80.284508,17.00,04/15/2024,01:16:55
636,10,2381,0,0,N,25.714214,-80.284508,16.90,04/15/2024,01:16:55
607,12,2395,1,0,N,25.714214,-80.284508,16.90,04/15/2024,01:16:56
611,0,2388,0,0,N,25.714214,-80.284508,17.00,04/15/2024,01:16:56
601,21,2363,2,0,N,25.714214,-80.284500,17.00,04/15/2024,01:16:56
632,85,2310,7,0,N,25.714214,-80.284500,16.90,04/15/2024,01:16:56
652,129,2266,11,0,N,25.714214,-80.284500,16.90,04/15/2024,01:16:56
638,159,2288,13,0,N,25.714214,-80.284500,16.90,04/15/2024,01:16:56
641,133,2258,11,0,N,25.714212,-80.284500,16.90,04/15/2024,01:16:56
601,133,2318,12,0,N,25.714212,-80.284500,16.90,04/15/2024,01:16:56
595,154,2321,14,0,N,25.714212,-80.284500,16.90,04/15/2024,01:16:56
614,137,2310,12,0,N,25.714212,-80.284500,16.90,04/15/2024,01:16:56
611,139,2318,12,0,N,25.714212,-80.284492,16.90,04/15/2024,01:16:57
597,137,2351,12,0,N,25.714212,-80.284492,16.90,04/15/2024,01:16:57
571,160,2373,15,0,N,25.714212,-80.284492,16.90,04/15/2024,01:16:57
559,152,2400,15,0,N,25.714212,-80.284492,16.90,04/15/2024,01:16:57
607,172,2358,15,0,N,25.714212,-80.284492,16.80,04/15/2024,01:16:57
601,216,2351,19,0,N,25.714212,-80.284485,16.80,04/15/2024,01:16:57
614,249,2318,22,0,N,25.714212,-80.284485,17.00,04/15/2024,01:16:57
630,245,2333,21,0,N,25.714212,-80.284485,17.00,04/15/2024,01:16:57
609,234,2373,21,0,N,25.714212,-80.284485,16.90,04/15/2024,01:16:57
575,243,2370,22,0,N,25.714212,-80.284485,16.90,04/15/2024,01:16:57
593,264,2348,23,1,NNE,25.714212,-80.284485,16.90,04/15/2024,01:16:58
584,270,2321,24,1,NNE,25.714212,-80.284485,16.90,04/15/2024,01:16:58
568,260,2388,24,1,NNE,25.714212,-80.284477,16.90,04/15/2024,01:16:58
557,239,2388,23,1,NNE,25.714212,-80.284477,16.90,04/15/2024,01:16:58
571,234,2403,22,0,N,25.714212,-80.284477,16.90,04/15/2024,01:16:58
550,243,2418,23,1,NNE,25.714212,-80.284477,16.90,04/15/2024,01:16:58
550,324,2381,30,1,NNE,25.714212,-80.284477,16.90,04/15/2024,01:16:58
577,369,2343,32,1,NNE,25.714212,-80.284477,16.90,04/15/2024,01:16:58
583,372,2355,32,1,NNE,25.714212,-80.284477,16.90,04/15/2024,01:16:58
568,342,2388,31,1,NNE,25.714212,-80.284470,16.90,04/15/2024,01:16:59
538,300,2467,29,1,NNE,25.714212,-80.284470,17.00,04/15/2024,01:16:59
561,313,2445,29,1,NNE,25.714212,-80.284470,17.00,04/15/2024,01:16:59
572,326,2452,29,1,NNE,25.714212,-80.284470,16.90,04/15/2024,01:16:59
577,324,2489,29,1,NNE,25.714212,-80.284470,16.90,04/15/2024,01:16:59
546,317,2541,30,1,NNE,25.714212,-80.284470,17.00,04/15/2024,01:16:59
522,295,2586,29,1,NNE,25.714212,-80.284462,17.00,04/15/2024,01:16:59
542,278,2594,27,1,NNE,25.714212,-80.284462,16.90,04/15/2024,01:16:59
587,285,2589,25,1,NNE,25.714212,-80.284462,16.90,04/15/2024,01:16:59
597,307,2582,27,1,NNE,25.714212,-80.284462,16.90,04/15/2024,01:16:59
589,298,2586,26,1,NNE,25.714212,-80.284462,16.90,04/15/2024,01:17:00
600,236,2619,21,0,N,25.714212,-80.284462,16.90,04/15/2024,01:17:00
583,207,2638,19,0,N,25.714212,-80.284454,16.90,04/15/2024,01:17:00
575,188,2631,18,0,N,25.714212,-80.284454,16.90,04/15/2024,01:17:00
593,192,2608,17,0,N,25.714212,-80.284454,16.90,04/15/2024,01:17:00
595,177,2594,16,0,N,25.714212,-80.284454,16.90,04/15/2024,01:17:00
600,152,2623,14,0,N,25.714212,-80.284454,16.90,04/15/2024,01:17:00
591,147,2597,13,0,N,25.714212,-80.284454,16.90,04/15/2024,01:17:00
540,130,2623,13,0,N,25.714212,-80.284454,17.00,04/15/2024,01:17:00
577,146,2552,14,0,N,25.714212,-80.284447,17.00,04/15/2024,01:17:00
584,171,2500,16,0,N,25.714212,-80.284447,16.90,04/15/2024,01:17:00
605,172,2482,15,0,N,25.714212,-80.284447,16.90,04/15/2024,01:17:01
589,139,2477,13,0,N,25.714212,-80.284447,16.90,04/15/2024,01:17:01
554,111,2492,11,0,N,25.714212,-80.284447,16.90,04/15/2024,01:17:01
575,117,2470,11,0,N,25.714212,-80.284447,16.90,04/15/2024,01:17:01
593,106,2433,10,0,N,25.714212,-80.284439,16.90,04/15/2024,01:17:01
583,108,2418,10,0,N,25.714212,-80.284439,16.80,04/15/2024,01:17:01
577,95,2410,9,0,N,25.714212,-80.284439,16.80,04/15/2024,01:17:01
542,95,2433,9,0,N,25.714212,-80.284439,16.80,04/15/2024,01:17:01
529,106,2445,11,0,N,25.714212,-80.284439,16.80,04/15/2024,01:17:01
572,130,2407,12,0,N,25.714212,-80.284439,16.90,04/15/2024,01:17:01
566,154,2400,15,0,N,25.714212,-80.284431,16.90,04/15/2024,01:17:02
566,207,2400,20,0,N,25.714212,-80.284431,16.90,04/15/2024,01:17:02
568,201,2430,19,0,N,25.714212,-80.284431,16.90,04/15/2024,01:17:02
542,166,2455,17,0,N,25.714212,-80.284431,16.90,04/15/2024,01:17:02
520,152,2500,16,0,N,25.714212,-80.284431,16.90,04/15/2024,01:17:02
538,198,2482,20,0,N,25.714212,-80.284431,16.90,04/15/2024,01:17:02
563,201,2462,19,0,N,25.714212,-80.284424,16.90,04/15/2024,01:17:02
575,217,2459,20,0,N,25.714212,-80.284424,16.90,04/15/2024,01:17:02
536,198,2489,20,0,N,25.714212,-80.284424,16.80,04/15/2024,01:17:02
545,184,2477,18,0,N,25.714212,-80.284424,16.80,04/15/2024,01:17:03
534,194,2489,19,0,N,25.714212,-80.284424,16.80,04/15/2024,01:17:03
557,227,2440,22,0,N,25.714212,-80.284416,16.80,04/15/2024,01:17:03
566,278,2422,26,1,NNE,25.714212,-80.284416,16.80,04/15/2024,01:17:03
577,269,2415,24,1,NNE,25.714212,-80.284416,16.80,04/15/2024,01:17:03
615,236,2388,20,0,N,25.714212,-80.284416,16.80,04/15/2024,01:17:03
561,234,2470,22,0,N,25.714212,-80.284416,16.80,04/15/2024,01:17:03
593,245,2455,22,0,N,25.714212,-80.284416,16.80,04/15/2024,01:17:03
559,234,2492,22,0,N,25.714212,-80.284409,16.80,04/15/2024,01:17:03
557,236,2522,22,0,N,25.714212,-80.284409,16.80,04/15/2024,01:17:04
520,223,2564,23,1,NNE,25.714212,-80.284409,16.70,04/15/2024,01:17:04
527,215,2579,22,0,N,25.714212,-80.284409,16.70,04/15/2024,01:17:04
611,232,2462,20,0,N,25.714212,-80.284409,16.70,04/15/2024,01:17:04
593,264,2459,23,1,NNE,25.714212,-80.284401,16.70,04/15/2024,01:17:04
583,294,2433,26,1,NNE,25.714212,-80.284401,16.70,04/15/2024,01:17:04
577,262,2470,24,1,NNE,25.714212,-80.284401,16.70,04/15/2024,01:17:04
563,245,2448,23,1,NNE,25.714212,-80.284401,16.70,04/15/2024,01:17:04
557,227,2477,22,0,N,25.714212,-80.284401,16.60,04/15/2024,01:17:04
579,260,2422,24,1,NNE,25.714211,-80.284393,16.60,04/15/2024,01:17:05
581,285,2440,26,1,NNE,25.714211,-80.284393,16.60,04/15/2024,01:17:05
579,281,2448,25,1,NNE,25.714211,-80.284393,16.60,04/15/2024,01:17:05
577,281,2467,25,1,NNE,25.714211,-80.284393,16.60,04/15/2024,01:17:05
561,260,2527,24,1,NNE,25.714212,-80.284393,16.60,04/15/2024,01:17:05
605,247,2504,22,0,N,25.714212,-80.284393,16.50,04/15/2024,01:17:05
615,285,2467,24,1,NNE,25.714212,-80.284386,16.50,04/15/2024,01:17:05
623,308,2448,26,1,NNE,25.714212,-80.284386,16.60,04/15/2024,01:17:05
645,289,2474,24,1,NNE,25.714212,-80.284386,16.60,04/15/2024,01:17:05
664,215,2445,17,0,N,25.714212,-80.284386,16.60,04/15/2024,01:17:05
615,185,2492,16,0,N,25.714212,-80.284386,16.60,04/15/2024,01:17:06
614,215,2497,19,0,N,25.714212,-80.284386,16.60,04/15/2024,01:17:06
630,207,2452,18,0,N,25.714212,-80.284386,16.60,04/15/2024,01:17:06
611,201,2459,18,0,N,25.714212,-80.284378,16.60,04/15/2024,01:17:06
589,198,2515,18,0,N,25.714212,-80.284378,16.60,04/15/2024,01:17:06
577,202,2522,19,0,N,25.714212,-80.284378,16.60,04/15/2024,01:17:06
579,260,2527,24,1,NNE,25.714212,-80.284378,16.60,04/15/2024,01:17:06
579,270,2515,25,1,NNE,25.714211,-80.284378,16.60,04/15/2024,01:17:06
566,294,2541,27,1,NNE,25.714211,-80.284378,16.40,04/15/2024,01:17:06
587,262,2522,24,1,NNE,25.714211,-80.284378,16.40,04/15/2024,01:17:06
528,190,2608,19,0,N,25.714211,-80.284378,16.40,04/15/2024,01:17:06
550,215,2586,21,0,N,25.714211,-80.284370,16.40,04/15/2024,01:17:07
546,198,2589,19,0,N,25.714211,-80.284370,16.30,04/15/2024,01:17:07
546,181,2567,18,0,N,25.714211,-80.284370,16.30,04/15/2024,01:17:07
550,143,2567,14,0,N,25.714211,-80.284370,16.30,04/15/2024,01:17:07
528,137,2579,14,0,N,25.714211,-80.284370,16.30,04/15/2024,01:17:07
511,150,2586,16,0,N,25.714211,-80.284370,16.20,04/15/2024,01:17:07
566,179,2519,17,0,N,25.714211,-80.284363,16.20,04/15/2024,01:17:07
564,207,2530,20,0,N,25.714211,-80.284363,16.20,04/15/2024,01:17:07
566,236,2522,22,0,N,25.714211,-80.284363,16.10,04/15/2024,01:17:07
527,192,2567,20,0,N,25.714211,-80.284363,16.10,04/15/2024,01:17:08
471,150,2626,17,0,N,25.714211,-80.284363,16.10,04/15/2024,01:17:08
475,154,2634,17,0,N,25.714211,-80.284363,16.10,04/15/2024,01:17:08
479,143,2608,16,0,N,25.714211,-80.284355,16.10,04/15/2024,01:17:08
485,116,2619,13,0,N,25.714211,-80.284355,16.00,04/15/2024,01:17:08
438,102,2653,13,0,N,25.714211,-80.284355,16.00,04/15/2024,01:17:08
449,91,2641,11,0,N,25.714211,-80.284355,16.10,04/15/2024,01:17:08
451,99,2631,12,0,N,25.714211,-80.284348,16.10,04/15/2024,01:17:08
502,59,2537,6,0,N,25.714211,-80.284348,16.10,04/15/2024,01:17:08
477,78,2544,9,0,N,25.714211,-80.284348,16.10,04/15/2024,01:17:09
520,113,2522,12,0,N,25.714211,-80.284348,16.00,04/15/2024,01:17:09
471,91,2527,10,0,N,25.714211,-80.284348,16.00,04/15/2024,01:17:09
420,89,2556,11,0,N,25.714211,-80.284348,16.00,04/15/2024,01:17:09
451,82,2534,10,0,N,25.714211,-80.284348,16.00,04/15/2024,01:17:09
488,104,2504,12,0,N,25.714211,-80.284348,16.00,04/15/2024,01:17:09
495,109,2489,12,0,N,25.714211,-80.284340,16.00,04/15/2024,01:17:09
471,104,2537,12,0,N,25.714211,-80.284340,16.00,04/15/2024,01:17:09
459,111,2556,13,0,N,25.714211,-80.284340,16.00,04/15/2024,01:17:09
434,113,2574,14,0,N,25.714211,-80.284340,16.00,04/15/2024,01:17:09
518,108,2497,11,0,N,25.714211,-80.284340,16.00,04/15/2024,01:17:09
503,109,2482,12,0,N,25.714211,-80.284340,16.00,04/15/2024,01:17:10
516,159,2455,17,0,N,25.714212,-80.284332,16.00,04/15/2024,01:17:10
522,146,2430,15,0,N,25.714212,-80.284332,15.90,04/15/2024,01:17:10
497,139,2437,15,0,N,25.714212,-80.284332,15.90,04/15/2024,01:17:10
426,135,2470,17,0,N,25.714212,-80.284332,15.80,04/15/2024,01:17:10
456,139,2440,16,0,N,25.714211,-80.284332,15.80,04/15/2024,01:17:10
489,166,2437,18,0,N,25.714211,-80.284332,15.60,04/15/2024,01:17:10
479,172,2455,19,0,N,25.714211,-80.284332,15.60,04/15/2024,01:17:10
460,177,2455,21,0,N,25.714211,-80.284332,15.80,04/15/2024,01:17:10
449,188,2477,22,0,N,25.714211,-80.284325,15.80,04/15/2024,01:17:11
415,202,2534,25,1,NNE,25.714211,-80.284325,15.80,04/15/2024,01:17:11
484,219,2497,24,1,NNE,25.714212,-80.284325,15.80,04/15/2024,01:17:11
514,245,2492,25,1,NNE,25.714212,-80.284325,15.80,04/15/2024,01:17:11
518,278,2492,28,1,NNE,25.714212,-80.284325,15.80,04/15/2024,01:17:11
518,272,2541,27,1,NNE,25.714212,-80.284325,15.90,04/15/2024,01:17:11
506,234,2564,24,1,NNE,25.714212,-80.284317,15.90,04/15/2024,01:17:11
497,188,2582,20,0,N,25.714212,-80.284317,15.90,04/15/2024,01:17:11
536,181,2534,18,0,N,25.714212,-80.284317,15.90,04/15/2024,01:17:11
561,168,2549,16,0,N,25.714212,-80.284317,15.90,04/15/2024,01:17:11
536,168,2541,17,0,N,25.714212,-80.284317,15.80,04/15/2024,01:17:11
509,152,2549,16,0,N,25.714212,-80.284317,15.80,04/15/2024,01:17:12
557,133,2527,13,0,N,25.714212,-80.284317,16.00,04/15/2024,01:17:12
554,137,2507,13,0,N,25.714212,-80.284309,16.00,04/15/2024,01:17:12
595,152,2437,14,0,N,25.714212,-80.284309,15.90,04/15/2024,01:17:12
607,192,2381,17,0,N,25.714212,-80.284309,15.90,04/15/2024,01:17:12
587,192,2400,18,0,N,25.714212,-80.284309,15.90,04/15/2024,01:17:12
571,184,2395,17,0,N,25.714212,-80.284309,15.90,04/15/2024,01:17:12
536,188,2415,19,0,N,25.714212,-80.284309,16.00,04/15/2024,01:17:12
536,196,2395,20,0,N,25.714212,-80.284302,16.00,04/15/2024,01:17:12
546,227,2381,22,0,N,25.714212,-80.284302,16.00,04/15/2024,01:17:12
545,232,2366,23,1,NNE,25.714214,-80.284302,16.00,04/15/2024,01:17:13
528,236,2385,24,1,NNE,25.714214,-80.284302,16.10,04/15/2024,01:17:13
538,253,2370,25,1,NNE,25.714214,-80.284302,16.10,04/15/2024,01:17:13
518,232,2395,24,1,NNE,25.714214,-80.284302,16.10,04/15/2024,01:17:13
524,247,2395,25,1,NNE,25.714212,-80.284294,16.10,04/15/2024,01:17:13
527,331,2400,32,1,NNE,25.714212,-80.284294,15.90,04/15/2024,01:17:13
516,356,2395,34,1,NNE,25.714214,-80.284294,15.90,04/15/2024,01:17:13
497,374,2455,36,1,NNE,25.714214,-80.284294,15.90,04/15/2024,01:17:13
484,361,2507,36,1,NNE,25.714212,-80.284286,15.90,04/15/2024,01:17:14
386,356,2623,42,1,NNE,25.714212,-80.284286,15.90,04/15/2024,01:17:14
477,361,2582,37,1,NNE,25.714212,-80.284286,15.90,04/15/2024,01:17:14
506,331,2623,33,1,NNE,25.714212,-80.284286,16.00,04/15/2024,01:17:14
495,319,2664,32,1,NNE,25.714214,-80.284286,16.00,04/15/2024,01:17:14
463,272,2750,30,1,NNE,25.714214,-80.284286,16.00,04/15/2024,01:17:14
420,256,2802,31,1,NNE,25.714214,-80.284279,16.00,04/15/2024,01:17:14
554,258,2728,24,1,NNE,25.714214,-80.284279,15.90,04/15/2024,01:17:14
605,258,2679,23,1,NNE,25.714214,-80.284279,15.90,04/15/2024,01:17:14
615,223,2676,19,0,N,25.714214,-80.284279,15.90,04/15/2024,01:17:14
581,196,2698,18,0,N,25.714212,-80.284279,15.90,04/15/2024,01:17:15
536,164,2713,17,0,N,25.714212,-80.284271,15.90,04/15/2024,01:17:15
597,147,2646,13,0,N,25.714212,-80.284271,16.00,04/15/2024,01:17:15
639,129,2564,11,0,N,25.714212,-80.284271,16.00,04/15/2024,01:17:15
632,124,2564,11,0,N,25.714212,-80.284271,16.10,04/15/2024,01:17:15
621,124,2559,11,0,N,25.714212,-80.284271,16.10,04/15/2024,01:17:15
581,126,2574,12,0,N,25.714214,-80.284264,16.10,04/15/2024,01:17:15
669,168,2474,14,0,N,25.714214,-80.284264,16.10,04/15/2024,01:17:15
657,196,2462,16,0,N,25.714212,-80.284264,16.10,04/15/2024,01:17:16
675,214,2388,17,0,N,25.714212,-80.284264,16.00,04/15/2024,01:17:16
680,196,2388,16,0,N,25.714212,-80.284264,16.00,04/15/2024,01:17:16
675,135,2355,11,0,N,25.714212,-80.284264,16.00,04/15/2024,01:17:16
636,150,2407,13,0,N,25.714212,-80.284256,16.00,04/15/2024,01:17:16
666,164,2348,13,0,N,25.714212,-80.284256,16.00,04/15/2024,01:17:16
680,159,2306,13,0,N,25.714212,-80.284256,16.00,04/15/2024,01:17:16
670,130,2306,10,0,N,25.714212,-80.284256,16.10,04/15/2024,01:17:16
664,147,2296,12,0,N,25.714212,-80.284256,16.10,04/15/2024,01:17:16
648,156,2296,13,0,N,25.714212,-80.284256,16.10,04/15/2024,01:17:16
712,185,2184,14,0,N,25.714214,-80.284248,16.10,04/15/2024,01:17:17
709,269,2150,20,0,N,25.714214,-80.284248,16.00,04/15/2024,01:17:17
693,278,2124,21,0,N,25.714214,-80.284248,16.00,04/15/2024,01:17:17
694,274,2139,21,0,N,25.714214,-80.284248,16.00,04/15/2024,01:17:17
670,253,2217,20,0,N,25.714214,-80.284248,16.00,04/15/2024,01:17:17
654,264,2209,21,0,N,25.714214,-80.284248,16.00,04/15/2024,01:17:17
696,256,2147,20,0,N,25.714214,-80.284248,16.00,04/15/2024,01:17:17
699,243,2150,19,0,N,25.714214,-80.284241,16.00,04/15/2024,01:17:17
673,230,2172,18,0,N,25.714214,-80.284241,16.00,04/15/2024,01:17:17
675,214,2157,17,0,N,25.714214,-80.284241,16.00,04/15/2024,01:17:17
654,201,2194,17,0,N,25.714214,-80.284241,16.10,04/15/2024,01:17:17
662,207,2154,17,0,N,25.714214,-80.284241,16.10,04/15/2024,01:17:18
670,269,2132,21,0,N,25.714214,-80.284241,16.10,04/15/2024,01:17:18
662,298,2075,24,1,NNE,25.714214,-80.284233,16.10,04/15/2024,01:17:18
657,315,2094,25,1,NNE,25.714214,-80.284233,16.10,04/15/2024,01:17:18
657,285,2065,23,1,NNE,25.714214,-80.284233,16.10,04/15/2024,01:17:18
611,282,2150,24,1,NNE,25.714214,-80.284233,16.00,04/15/2024,01:17:18
607,304,2120,26,1,NNE,25.714214,-80.284233,16.00,04/15/2024,01:17:18
621,282,2080,24,1,NNE,25.714214,-80.284233,16.10,04/15/2024,01:17:18
632,295,2105,25,1,NNE,25.714214,-80.284225,16.10,04/15/2024,01:17:18
601,315,2124,27,1,NNE,25.714214,-80.284225,16.10,04/15/2024,01:17:18
575,307,2154,28,1,NNE,25.714216,-80.284225,16.10,04/15/2024,01:17:19
548,319,2184,30,1,NNE,25.714216,-80.284225,16.10,04/15/2024,01:17:19
571,374,2157,33,1,NNE,25.714216,-80.284225,16.10,04/15/2024,01:17:19
557,397,2157,35,1,NNE,25.714216,-80.284218,16.10,04/15/2024,01:17:19
534,405,2172,37,1,NNE,25.714214,-80.284218,16.10,04/15/2024,01:17:19
508,429,2232,40,1,NNE,25.714214,-80.284218,16.10,04/15/2024,01:17:19
508,410,2261,38,1,NNE,25.714214,-80.284218,16.10,04/15/2024,01:17:19
509,399,2303,38,1,NNE,25.714214,-80.284218,16.10,04/15/2024,01:17:19
554,380,2303,34,1,NNE,25.714214,-80.284210,16.10,04/15/2024,01:17:20
561,376,2321,33,1,NNE,25.714214,-80.284210,16.10,04/15/2024,01:17:20
527,380,2366,35,1,NNE,25.714214,-80.284210,16.10,04/15/2024,01:17:20
471,393,2462,39,1,NNE,25.714214,-80.284210,16.20,04/15/2024,01:17:20
475,342,2515,35,1,NNE,25.714214,-80.284210,16.20,04/15/2024,01:17:20
568,311,2445,28,1,NNE,25.714214,-80.284210,16.20,04/15/2024,01:17:20
577,300,2448,27,1,NNE,25.714216,-80.284210,16.20,04/15/2024,01:17:20
577,329,2422,29,1,NNE,25.714216,-80.284203,16.20,04/15/2024,01:17:20
571,346,2470,31,1,NNE,25.714216,-80.284203,16.30,04/15/2024,01:17:20
554,326,2474,30,1,NNE,25.714216,-80.284203,16.30,04/15/2024,01:17:20
520,304,2515,30,1,NNE,25.714216,-80.284203,16.30,04/15/2024,01:17:20
563,287,2452,27,1,NNE,25.714216,-80.284203,16.30,04/15/2024,01:17:20
581,289,2430,26,1,NNE,25.714216,-80.284203,16.30,04/15/2024,01:17:21
583,295,2418,26,1,NNE,25.714216,-80.284195,16.30,04/15/2024,01:17:21
538,311,2455,30,1,NNE,25.714216,-80.284195,16.40,04/15/2024,01:17:21
520,295,2462,29,1,NNE,25.714216,-80.284195,16.40,04/15/2024,01:17:21
489,294,2497,31,1,NNE,25.714216,-80.284195,16.20,04/15/2024,01:17:21
548,278,2440,26,1,NNE,25.714216,-80.284195,16.20,04/15/2024,01:17:21
572,300,2400,27,1,NNE,25.714216,-80.284195,16.20,04/15/2024,01:17:21
575,352,2373,31,1,NNE,25.714216,-80.284187,16.20,04/15/2024,01:17:21
571,380,2373,33,1,NNE,25.714216,-80.284187,16.20,04/15/2024,01:17:21
568,376,2373,33,1,NNE,25.714218,-80.284187,16.20,04/15/2024,01:17:22
532,344,2433,32,1,NNE,25.714218,-80.284187,16.20,04/15/2024,01:17:22
561,321,2430,29,1,NNE,25.714218,-80.284187,16.20,04/15/2024,01:17:22
593,317,2385,28,1,NNE,25.714218,-80.284187,16.30,04/15/2024,01:17:22
566,317,2400,29,1,NNE,25.714218,-80.284180,16.30,04/15/2024,01:17:22
524,329,2477,32,1,NNE,25.714218,-80.284180,16.30,04/15/2024,01:17:22
493,302,2497,31,1,NNE,25.714218,-80.284180,16.30,04/15/2024,01:17:22
495,287,2522,30,1,NNE,25.714216,-80.284180,16.30,04/15/2024,01:17:22
577,285,2448,26,1,NNE,25.714216,-80.284180,16.20,04/15/2024,01:17:22
577,307,2455,28,1,NNE,25.714216,-80.284180,16.20,04/15/2024,01:17:22
579,304,2448,27,1,NNE,25.714216,-80.284180,16.20,04/15/2024,01:17:22
602,276,2445,24,1,NNE,25.714216,-80.284172,16.20,04/15/2024,01:17:23
529,272,2530,27,1,NNE,25.714216,-80.284172,16.10,04/15/2024,01:17:23
503,274,2541,28,1,NNE,25.714216,-80.284172,16.10,04/15/2024,01:17:23
546,270,2497,26,1,NNE,25.714216,-80.284172,16.10,04/15/2024,01:17:23
587,272,2477,24,1,NNE,25.714216,-80.284172,16.10,04/15/2024,01:17:23
587,270,2477,24,1,NNE,25.714216,-80.284172,16.20,04/15/2024,01:17:23
548,260,2530,25,1,NNE,25.714216,-80.284164,16.20,04/15/2024,01:17:23
571,227,2512,21,0,N,25.714216,-80.284164,16.20,04/15/2024,01:17:23
561,194,2537,19,0,N,25.714216,-80.284164,16.20,04/15/2024,01:17:23
601,243,2482,22,0,N,25.714216,-80.284164,16.10,04/15/2024,01:17:23
632,262,2425,22,0,N,25.714216,-80.284164,16.10,04/15/2024,01:17:24
605,278,2425,24,1,NNE,25.714216,-80.284164,16.20,04/15/2024,01:17:24
609,269,2459,23,1,NNE,25.714216,-80.284164,16.20,04/15/2024,01:17:24
516,264,2507,27,1,NNE,25.714216,-80.284164,16.10,04/15/2024,01:17:24
522,278,2507,28,1,NNE,25.714216,-80.284157,16.10,04/15/2024,01:17:24
581,269,2415,24,1,NNE,25.714216,-80.284157,16.20,04/15/2024,01:17:24
583,266,2410,24,1,NNE,25.714218,-80.284157,16.20,04/15/2024,01:17:24
583,266,2418,24,1,NNE,25.714218,-80.284149,16.20,04/15/2024,01:17:24
566,227,2433,21,0,N,25.714218,-80.284149,16.40,04/15/2024,01:17:24
554,216,2452,21,0,N,25.714218,-80.284149,16.40,04/15/2024,01:17:25
561,198,2407,19,0,N,25.714218,-80.284149,16.40,04/15/2024,01:17:25
607,205,2373,18,0,N,25.714218,-80.284149,16.40,04/15/2024,01:17:25
619,251,2358,22,0,N,25.714218,-80.284149,16.50,04/15/2024,01:17:25
611,258,2363,22,0,N,25.714218,-80.284142,16.50,04/15/2024,01:17:25
627,245,2348,21,0,N,25.714218,-80.284142,16.40,04/15/2024,01:17:25
602,227,2363,20,0,N,25.714218,-80.284142,16.40,04/15/2024,01:17:25
602,251,2378,22,0,N,25.714218,-80.284142,16.50,04/15/2024,01:17:25
601,240,2381,21,0,N,25.714218,-80.284142,16.50,04/15/2024,01:17:25
602,232,2373,21,0,N,25.714220,-80.284142,16.50,04/15/2024,01:17:25
601,249,2400,22,0,N,25.714220,-80.284134,16.50,04/15/2024,01:17:26
609,219,2392,19,0,N,25.714220,-80.284134,16.60,04/15/2024,01:17:26
602,211,2395,19,0,N,25.714220,-80.284134,16.60,04/15/2024,01:17:26
630,227,2425,19,0,N,25.714220,-80.284134,16.70,04/15/2024,01:17:26
621,278,2430,24,1,NNE,25.714220,-80.284134,16.70,04/15/2024,01:17:26
611,300,2407,26,1,NNE,25.714220,-80.284134,16.70,04/15/2024,01:17:26
615,307,2437,26,1,NNE,25.714220,-80.284126,16.70,04/15/2024,01:17:26
636,289,2455,24,1,NNE,25.714220,-80.284126,16.60,04/15/2024,01:17:26
595,272,2519,24,1,NNE,25.714222,-80.284126,16.60,04/15/2024,01:17:26
595,258,2527,23,1,NNE,25.714222,-80.284126,16.70,04/15/2024,01:17:26
638,260,2512,22,0,N,25.714222,-80.284126,16.70,04/15/2024,01:17:27
632,276,2530,23,1,NNE,25.714222,-80.284126,16.80,04/15/2024,01:17:27
614,274,2537,24,1,NNE,25.714222,-80.284119,16.80,04/15/2024,01:17:27
619,226,2541,20,0,N,25.714222,-80.284119,16.60,04/15/2024,01:17:27
623,188,2549,16,0,N,25.714222,-80.284119,16.60,04/15/2024,01:17:27
630,177,2564,15,0,N,25.714222,-80.284119,16.70,04/15/2024,01:17:27
634,202,2507,17,0,N,25.714222,-80.284119,16.70,04/15/2024,01:17:27
634,209,2522,18,0,N,25.714222,-80.284119,16.70,04/15/2024,01:17:27
630,202,2519,17,0,N,25.714222,-80.284119,16.70,04/15/2024,01:17:27
626,163,2485,14,0,N,25.714222,-80.284119,16.60,04/15/2024,01:17:27
575,147,2544,14,0,N,25.714222,-80.284119,16.60,04/15/2024,01:17:27
575,146,2519,14,0,N,25.714222,-80.284111,16.60,04/15/2024,01:17:28
602,146,2477,13,0,N,25.714222,-80.284111,16.70,04/15/2024,01:17:28
584,154,2459,14,0,N,25.714222,-80.284111,16.70,04/15/2024,01:17:28
579,146,2452,14,0,N,25.714222,-80.284111,16.70,04/15/2024,01:17:28
591,122,2437,11,0,N,25.714222,-80.284111,16.70,04/15/2024,01:17:28
583,109,2418,10,0,N,25.714222,-80.284111,16.50,04/15/2024,01:17:28
581,93,2433,9,0,N,25.714222,-80.284103,16.50,04/15/2024,01:17:28
595,147,2385,13,0,N,25.714222,-80.284103,16.70,04/15/2024,01:17:28
618,184,2336,16,0,N,25.714222,-80.284103,16.70,04/15/2024,01:17:28
601,185,2343,17,0,N,25.714222,-80.284103,16.70,04/15/2024,01:17:28
602,192,2336,17,0,N,25.714222,-80.284103,16.70,04/15/2024,01:17:29
571,177,2328,17,0,N,25.714222,-80.284103,16.60,04/15/2024,01:17:29
566,156,2336,15,0,N,25.714222,-80.284096,16.60,04/15/2024,01:17:29
595,177,2288,16,0,N,25.714222,-80.284096,16.70,04/15/2024,01:17:29
597,192,2310,17,0,N,25.714222,-80.284096,16.70,04/15/2024,01:17:29
566,216,2310,20,0,N,25.714222,-80.284096,16.70,04/15/2024,01:17:29
577,219,2325,20,0,N,25.714224,-80.284096,16.70,04/15/2024,01:17:29
563,188,2310,18,0,N,25.714224,-80.284096,16.70,04/15/2024,01:17:29
571,190,2303,18,0,N,25.714224,-80.284088,16.70,04/15/2024,01:17:29
607,198,2236,18,0,N,25.714224,-80.284088,16.90,04/15/2024,01:17:29
566,234,2313,22,0,N,25.714224,-80.284088,16.90,04/15/2024,01:17:30
579,269,2281,24,1,NNE,25.714224,-80.284088,16.90,04/15/2024,01:17:30
583,282,2281,25,1,NNE,25.714224,-80.284088,16.80,04/15/2024,01:17:30
584,266,2269,24,1,NNE,25.714224,-80.284081,16.80,04/15/2024,01:17:30
568,232,2303,22,0,N,25.714224,-80.284081,16.90,04/15/2024,01:17:30
568,216,2296,20,0,N,25.714226,-80.284081,16.90,04/15/2024,01:17:30
571,230,2281,21,0,N,25.714226,-80.284081,17.00,04/15/2024,01:17:30
589,239,2261,22,0,N,25.714226,-80.284081,17.00,04/15/2024,01:17:30
572,264,2251,24,1,NNE,25.714226,-80.284081,16.90,04/15/2024,01:17:30
557,291,2266,27,1,NNE,25.714226,-80.284073,16.90,04/15/2024,01:17:31
518,324,2284,32,1,NNE,25.714226,-80.284073,17.00,04/15/2024,01:17:31
532,339,2273,32,1,NNE,25.714226,-80.284073,17.00,04/15/2024,01:17:31
527,344,2310,33,1,NNE,25.714226,-80.284073,17.00,04/15/2024,01:17:31
534,365,2296,34,1,NNE,25.714226,-80.284073,17.00,04/15/2024,01:17:31
489,381,2303,37,1,NNE,25.714226,-80.284073,17.00,04/15/2024,01:17:31
485,397,2313,39,1,NNE,25.714228,-80.284073,17.00,04/15/2024,01:17:31
481,397,2291,39,1,NNE,25.714228,-80.284073,17.00,04/15/2024,01:17:31
484,394,2313,39,1,NNE,25.714228,-80.284073,17.00,04/15/2024,01:17:31
497,368,2306,36,1,NNE,25.714228,-80.284065,17.00,04/15/2024,01:17:31
497,365,2318,36,1,NNE,25.714228,-80.284065,17.00,04/15/2024,01:17:32
495,374,2313,37,1,NNE,25.714228,-80.284065,17.00,04/15/2024,01:17:32
503,365,2303,35,1,NNE,25.714228,-80.284065,17.00,04/15/2024,01:17:32
493,384,2321,37,1,NNE,25.714228,-80.284065,17.10,04/15/2024,01:17:32
488,405,2318,39,1,NNE,25.714230,-80.284058,17.10,04/15/2024,01:17:32
481,405,2336,40,1,NNE,25.714230,-80.284058,17.10,04/15/2024,01:17:32
469,381,2351,39,1,NNE,25.714230,-80.284058,17.10,04/15/2024,01:17:32
441,377,2385,40,1,NNE,25.714230,-80.284058,17.10,04/15/2024,01:17:32
452,380,2351,40,1,NNE,25.714230,-80.284058,17.10,04/15/2024,01:17:32
430,374,2370,41,1,NNE,25.714230,-80.284058,17.20,04/15/2024,01:17:32
442,369,2366,39,1,NNE,25.714230,-80.284050,17.20,04/15/2024,01:17:33
438,350,2403,38,1,NNE,25.714230,-80.284050,17.10,04/15/2024,01:17:33
436,331,2400,37,1,NNE,25.714230,-80.284050,17.10,04/15/2024,01:17:33