X,Y,Z,Azimuth,Bearing,Direction,Latitude,Longitude,Altitude,Date,Time
673,78,2489,6,0,N,25.713854,-80.283981,9.00,04/15/2024,00:49:15
687,76,2485,6,0,N,25.713854,-80.283981,9.00,04/15/2024,00:49:15
675,72,2477,6,0,N,25.713854,-80.283981,9.00,04/15/2024,00:49:16
682,73,2497,6,0,N,25.713854,-80.283981,9.00,04/15/2024,00:49:16
688,72,2507,5,0,N,25.713854,-80.283981,9.00,04/15/2024,00:49:16
687,65,2489,5,0,N,25.713854,-80.283981,9.00,04/15/2024,00:49:16
675,72,2492,6,0,N,25.713854,-80.283981,9.00,04/15/2024,00:49:16
688,78,2489,6,0,N,25.713854,-80.283981,9.00,04/15/2024,00:49:16
680,65,2485,5,0,N,25.713852,-80.283981,9.00,04/15/2024,00:49:16
682,63,2504,5,0,N,25.713852,-80.283981,9.00,04/15/2024,00:49:16
684,63,2504,5,0,N,25.713852,-80.283981,9.00,04/15/2024,00:49:16
687,65,2474,5,0,N,25.713852,-80.283981,9.00,04/15/2024,00:49:16
691,82,2492,6,0,N,25.713852,-80.283981,9.00,04/15/2024,00:49:16
691,67,2492,5,0,N,25.713852,-80.283981,9.00,04/15/2024,00:49:17
688,61,2485,5,0,N,25.713852,-80.283981,9.00,04/15/2024,00:49:17
684,63,2470,5,0,N,25.713852,-80.283981,9.00,04/15/2024,00:49:17
687,69,2515,5,0,N,25.713852,-80.283981,9.00,04/15/2024,00:49:17
682,56,2485,4,0,N,25.713852,-80.283989,9.00,04/15/2024,00:49:17
688,59,2477,4,0,N,25.713852,-80.283989,8.90,04/15/2024,00:49:17
673,56,2482,4,0,N,25.713852,-80.283989,8.90,04/15/2024,00:49:17
682,55,2489,4,0,N,25.713852,-80.283989,8.90,04/15/2024,00:49:17
678,61,2500,5,0,N,25.713852,-80.283989,8.70,04/15/2024,00:49:17
680,73,2485,6,0,N,25.713852,-80.283989,8.70,04/15/2024,00:49:18
675,59,2489,4,0,N,25.713852,-80.283989,8.50,04/15/2024,00:49:18
678,65,2489,5,0,N,25.713852,-80.283989,8.50,04/15/2024,00:49:18
680,49,2497,4,0,N,25.713852,-80.283989,8.50,04/15/2024,00:49:18
675,49,2477,4,0,N,25.713852,-80.283989,8.50,04/15/2024,00:49:18
684,61,2500,5,0,N,25.713852,-80.283989,8.50,04/15/2024,00:49:18
673,49,2507,4,0,N,25.713852,-80.283989,8.40,04/15/2024,00:49:18
684,53,2489,4,0,N,25.713852,-80.283989,8.40,04/15/2024,00:49:18
680,61,2504,5,0,N,25.713852,-80.283989,8.30,04/15/2024,00:49:18
682,67,2504,5,0,N,25.713852,-80.283989,8.30,04/15/2024,00:49:18
684,56,2485,4,0,N,25.713852,-80.283981,8.30,04/15/2024,00:49:18
670,55,2504,4,0,N,25.713852,-80.283981,8.00,04/15/2024,00:49:18
684,53,2492,4,0,N,25.713852,-80.283981,8.00,04/15/2024,00:49:19
688,56,2489,4,0,N,25.713852,-80.283981,7.90,04/15/2024,00:49:19
682,56,2492,4,0,N,25.713852,-80.283981,7.90,04/15/2024,00:49:19
673,59,2497,5,0,N,25.713852,-80.283981,7.90,04/15/2024,00:49:19
684,65,2489,5,0,N,25.713852,-80.283981,7.90,04/15/2024,00:49:19
678,63,2500,5,0,N,25.713852,-80.283981,7.90,04/15/2024,00:49:19
678,67,2500,5,0,N,25.713852,-80.283981,7.90,04/15/2024,00:49:19
675,61,2485,5,0,N,25.713852,-80.283981,7.90,04/15/2024,00:49:19
684,59,2504,4,0,N,25.713852,-80.283981,7.80,04/15/2024,00:49:19
680,69,2492,5,0,N,25.713850,-80.283981,7.80,04/15/2024,00:49:19
680,69,2485,5,0,N,25.713850,-80.283981,7.60,04/15/2024,00:49:19
682,67,2504,5,0,N,25.713850,-80.283981,7.60,04/15/2024,00:49:20
682,63,2482,5,0,N,25.713850,-80.283981,7.60,04/15/2024,00:49:20
675,69,2497,5,0,N,25.713850,-80.283981,7.60,04/15/2024,00:49:20
693,65,2504,5,0,N,25.713850,-80.283981,7.50,04/15/2024,00:49:20
684,69,2474,5,0,N,25.713850,-80.283981,7.50,04/15/2024,00:49:20
687,61,2485,5,0,N,25.713850,-80.283981,7.50,04/15/2024,00:49:20
703,69,2489,5,0,N,25.713850,-80.283981,7.50,04/15/2024,00:49:20
682,67,2485,5,0,N,25.713850,-80.283981,7.40,04/15/2024,00:49:20
688,65,2492,5,0,N,25.713850,-80.283981,7.40,04/15/2024,00:49:20
687,72,2482,5,0,N,25.713850,-80.283981,7.40,04/15/2024,00:49:20
687,61,2504,5,0,N,25.713850,-80.283989,7.40,04/15/2024,00:49:21
678,69,2477,5,0,N,25.713850,-80.283989,7.30,04/15/2024,00:49:21
691,72,2492,5,0,N,25.713850,-80.283989,7.30,04/15/2024,00:49:21
678,55,2497,4,0,N,25.713850,-80.283989,7.30,04/15/2024,00:49:21
687,73,2504,6,0,N,25.713850,-80.283989,7.30,04/15/2024,00:49:21
687,61,2485,5,0,N,25.713850,-80.283989,7.20,04/15/2024,00:49:21
682,59,2507,4,0,N,25.713848,-80.283989,7.20,04/15/2024,00:49:21
684,72,2507,6,0,N,25.713848,-80.283989,7.20,04/15/2024,00:49:21
675,76,2519,6,0,N,25.713848,-80.283989,7.20,04/15/2024,00:49:21
684,85,2489,7,0,N,25.713848,-80.283989,7.20,04/15/2024,00:49:21
678,69,2512,5,0,N,25.713848,-80.283989,7.20,04/15/2024,00:49:21
682,82,2507,6,0,N,25.713848,-80.283989,7.20,04/15/2024,00:49:22
673,69,2519,5,0,N,25.713848,-80.283989,7.10,04/15/2024,00:49:22
662,80,2507,6,0,N,25.713848,-80.283989,7.10,04/15/2024,00:49:22
664,98,2489,8,0,N,25.713848,-80.283989,7.10,04/15/2024,00:49:22
670,89,2512,7,0,N,25.713848,-80.283989,7.10,04/15/2024,00:49:22
662,109,2519,9,0,N,25.713848,-80.283989,7.10,04/15/2024,00:49:22
678,120,2512,10,0,N,25.713848,-80.283989,7.10,04/15/2024,00:49:22
678,116,2519,9,0,N,25.713848,-80.283989,7.10,04/15/2024,00:49:22
666,113,2492,9,0,N,25.713848,-80.283989,7.10,04/15/2024,00:49:22
673,120,2492,10,0,N,25.713848,-80.283989,7.10,04/15/2024,00:49:22
670,117,2500,9,0,N,25.713848,-80.283989,7.10,04/15/2024,00:49:22
675,109,2507,9,0,N,25.713848,-80.283989,7.10,04/15/2024,00:49:22
670,109,2512,9,0,N,25.713848,-80.283989,7.10,04/15/2024,00:49:23
669,109,2504,9,0,N,25.713848,-80.283989,7.00,04/15/2024,00:49:23
666,111,2497,9,0,N,25.713848,-80.283989,7.00,04/15/2024,00:49:23
673,116,2512,9,0,N,25.713848,-80.283989,7.00,04/15/2024,00:49:23
660,117,2512,10,0,N,25.713848,-80.283989,7.00,04/15/2024,00:49:23
669,113,2515,9,0,N,25.713848,-80.283989,7.00,04/15/2024,00:49:23
669,117,2504,9,0,N,25.713848,-80.283989,7.00,04/15/2024,00:49:23
654,109,2515,9,0,N,25.713846,-80.283989,7.00,04/15/2024,00:49:23
657,108,2515,9,0,N,25.713846,-80.283989,6.90,04/15/2024,00:49:23
657,120,2519,10,0,N,25.713846,-80.283989,6.90,04/15/2024,00:49:23
657,108,2504,9,0,N,25.713846,-80.283989,6.90,04/15/2024,00:49:24
657,113,2527,9,0,N,25.713846,-80.283989,6.90,04/15/2024,00:49:24
644,116,2537,10,0,N,25.713846,-80.283989,6.90,04/15/2024,00:49:24
644,116,2527,10,0,N,25.713846,-80.283989,6.90,04/15/2024,00:49:24
650,113,2515,9,0,N,25.713846,-80.283989,6.90,04/15/2024,00:49:24
639,106,2522,9,0,N,25.713846,-80.283989,6.90,04/15/2024,00:49:24
652,109,2504,9,0,N,25.713846,-80.283989,6.90,04/15/2024,00:49:24
652,108,2489,9,0,N,25.713846,-80.283989,6.90,04/15/2024,00:49:24
641,106,2515,9,0,N,25.713846,-80.283989,6.90,04/15/2024,00:49:24
664,111,2504,9,0,N,25.713846,-80.283989,6.90,04/15/2024,00:49:24
657,102,2489,8,0,N,25.713846,-80.283989,6.90,04/15/2024,00:49:25
664,111,2489,9,0,N,25.713846,-80.283989,6.90,04/15/2024,00:49:25
684,98,2470,8,0,N,25.713846,-80.283989,6.90,04/15/2024,00:49:25
678,117,2482,9,0,N,25.713846,-80.283989,6.90,04/15/2024,00:49:25
680,135,2467,11,0,N,25.713846,-80.283989,6.90,04/15/2024,00:49:25
688,113,2433,9,0,N,25.713846,-80.283989,6.90,04/15/2024,00:49:25
700,117,2455,9,0,N,25.713846,-80.283989,6.90,04/15/2024,00:49:25
707,102,2433,8,0,N,25.713846,-80.283989,6.90,04/15/2024,00:49:25
707,126,2437,10,0,N,25.713846,-80.283989,6.90,04/15/2024,00:49:26
718,122,2433,9,0,N,25.713846,-80.283989,7.00,04/15/2024,00:49:26
723,126,2440,9,0,N,25.713846,-80.283989,7.00,04/15/2024,00:49:26
721,117,2418,9,0,N,25.713846,-80.283989,7.00,04/15/2024,00:49:26
723,137,2437,10,0,N,25.713846,-80.283989,7.00,04/15/2024,00:49:26
753,159,2381,11,0,N,25.713846,-80.283989,7.00,04/15/2024,00:49:26
743,122,2395,9,0,N,25.713846,-80.283989,7.00,04/15/2024,00:49:26
731,122,2415,9,0,N,25.713846,-80.283989,7.00,04/15/2024,00:49:26
731,117,2410,9,0,N,25.713844,-80.283989,7.00,04/15/2024,00:49:26
733,129,2418,9,0,N,25.713844,-80.283989,7.00,04/15/2024,00:49:26
735,135,2440,10,0,N,25.713844,-80.283989,7.00,04/15/2024,00:49:27
730,137,2430,10,0,N,25.713844,-80.283989,7.00,04/15/2024,00:49:27
725,143,2448,11,0,N,25.713844,-80.283989,7.00,04/15/2024,00:49:27
718,137,2425,10,0,N,25.713844,-80.283989,7.00,04/15/2024,00:49:27
735,117,2425,9,0,N,25.713844,-80.283989,7.00,04/15/2024,00:49:27
746,113,2410,8,0,N,25.713844,-80.283989,7.00,04/15/2024,00:49:27
727,113,2392,8,0,N,25.713844,-80.283989,7.00,04/15/2024,00:49:27
748,109,2400,8,0,N,25.713844,-80.283989,7.00,04/15/2024,00:49:27
772,111,2381,8,0,N,25.713844,-80.283989,7.00,04/15/2024,00:49:27
774,116,2363,8,0,N,25.713844,-80.283989,7.00,04/15/2024,00:49:27
769,116,2358,8,0,N,25.713844,-80.283989,7.00,04/15/2024,00:49:27
769,130,2385,9,0,N,25.713844,-80.283989,7.00,04/15/2024,00:49:28
755,117,2378,8,0,N,25.713844,-80.283989,7.00,04/15/2024,00:49:28
761,113,2378,8,0,N,25.713844,-80.283989,7.00,04/15/2024,00:49:28
760,122,2373,9,0,N,25.713844,-80.283989,7.00,04/15/2024,00:49:28
748,146,2403,11,0,N,25.713844,-80.283989,7.00,04/15/2024,00:49:28
749,135,2407,10,0,N,25.713844,-80.283989,7.00,04/15/2024,00:49:28
742,130,2440,9,0,N,25.713844,-80.283989,7.00,04/15/2024,00:49:28
751,98,2415,7,0,N,25.713844,-80.283989,7.00,04/15/2024,00:49:28
753,56,2392,4,0,N,25.713844,-80.283989,7.00,04/15/2024,00:49:28
761,72,2400,5,0,N,25.713844,-80.283989,7.00,04/15/2024,00:49:28
761,56,2403,4,0,N,25.713844,-80.283989,7.00,04/15/2024,00:49:29
769,56,2395,4,0,N,25.713844,-80.283989,7.00,04/15/2024,00:49:29
774,56,2363,4,0,N,25.713844,-80.283989,7.00,04/15/2024,00:49:29
796,91,2355,6,0,N,25.713844,-80.283989,6.90,04/15/2024,00:49:29
790,89,2358,6,0,N,25.713844,-80.283989,6.90,04/15/2024,00:49:29
792,124,2340,8,0,N,25.713844,-80.283989,6.90,04/15/2024,00:49:29
792,117,2385,8,0,N,25.713844,-80.283989,6.90,04/15/2024,00:49:29
778,137,2407,9,0,N,25.713844,-80.283989,6.90,04/15/2024,00:49:29
757,133,2407,9,0,N,25.713844,-80.283989,6.90,04/15/2024,00:49:29
748,126,2415,9,0,N,25.713844,-80.283989,6.90,04/15/2024,00:49:29
742,111,2418,8,0,N,25.713844,-80.283989,6.90,04/15/2024,00:49:30
737,86,2407,6,0,N,25.713844,-80.283989,6.80,04/15/2024,00:49:30
772,61,2392,4,0,N,25.713844,-80.283989,6.80,04/15/2024,00:49:30
746,67,2418,5,0,N,25.713844,-80.283989,6.80,04/15/2024,00:49:30
746,65,2407,4,0,N,25.713844,-80.283989,6.80,04/15/2024,00:49:30
764,55,2388,4,0,N,25.713844,-80.283989,6.70,04/15/2024,00:49:30
751,55,2395,4,0,N,25.713844,-80.283989,6.70,04/15/2024,00:49:30
743,67,2407,5,0,N,25.713844,-80.283989,6.70,04/15/2024,00:49:30
776,124,2385,9,0,N,25.713844,-80.283989,6.70,04/15/2024,00:49:31
743,133,2418,10,0,N,25.713844,-80.283989,6.60,04/15/2024,00:49:31
733,141,2422,10,0,N,25.713844,-80.283989,6.60,04/15/2024,00:49:31
742,130,2422,9,0,N,25.713844,-80.283989,6.70,04/15/2024,00:49:31
743,137,2422,10,0,N,25.713844,-80.283989,6.70,04/15/2024,00:49:31
739,113,2418,8,0,N,25.713844,-80.283989,6.70,04/15/2024,00:49:31
778,129,2351,9,0,N,25.713844,-80.283989,6.70,04/15/2024,00:49:31
776,109,2363,7,0,N,25.713844,-80.283989,6.70,04/15/2024,00:49:31
764,99,2373,7,0,N,25.713844,-80.283989,6.70,04/15/2024,00:49:31
753,91,2366,6,0,N,25.713844,-80.283989,6.70,04/15/2024,00:49:31
787,102,2355,7,0,N,25.713844,-80.283989,6.70,04/15/2024,00:49:31
800,113,2348,8,0,N,25.713844,-80.283989,6.70,04/15/2024,00:49:31
787,129,2336,9,0,N,25.713844,-80.283989,6.70,04/15/2024,00:49:32
786,156,2333,11,0,N,25.713844,-80.283989,6.60,04/15/2024,00:49:32
774,164,2363,11,0,N,25.713844,-80.283989,6.60,04/15/2024,00:49:32
760,177,2373,13,0,N,25.713844,-80.283989,6.60,04/15/2024,00:49:32
746,172,2400,12,0,N,25.713844,-80.283989,6.60,04/15/2024,00:49:32
743,159,2400,12,0,N,25.713844,-80.283989,6.70,04/15/2024,00:49:32
721,135,2422,10,0,N,25.713844,-80.283989,6.70,04/15/2024,00:49:32
748,111,2395,8,0,N,25.713844,-80.283989,6.70,04/15/2024,00:49:32
749,93,2385,7,0,N,25.713844,-80.283989,6.70,04/15/2024,00:49:33
774,76,2366,5,0,N,25.713844,-80.283989,6.80,04/15/2024,00:49:33
776,98,2366,7,0,N,25.713844,-80.283989,6.80,04/15/2024,00:49:33
785,116,2348,8,0,N,25.713844,-80.283989,6.80,04/15/2024,00:49:33
761,111,2392,8,0,N,25.713844,-80.283989,6.80,04/15/2024,00:49:33
772,139,2381,10,0,N,25.713844,-80.283989,6.80,04/15/2024,00:49:33
761,175,2378,12,0,N,25.713844,-80.283989,6.70,04/15/2024,00:49:33
748,190,2400,14,0,N,25.713844,-80.283989,6.70,04/15/2024,00:49:33
769,175,2378,12,0,N,25.713844,-80.283989,6.70,04/15/2024,00:49:33
776,168,2363,12,0,N,25.713844,-80.283989,6.70,04/15/2024,00:49:33
748,108,2381,8,0,N,25.713844,-80.283989,6.70,04/15/2024,00:49:33
786,63,2366,4,0,N,25.713844,-80.283989,6.70,04/15/2024,00:49:33
774,47,2348,3,0,N,25.713842,-80.283989,6.70,04/15/2024,00:49:34
790,56,2348,4,0,N,25.713842,-80.283989,6.70,04/15/2024,00:49:34
792,86,2343,6,0,N,25.713842,-80.283989,6.80,04/15/2024,00:49:34
812,111,2306,7,0,N,25.713842,-80.283989,6.80,04/15/2024,00:49:34
794,117,2333,8,0,N,25.713842,-80.283989,6.80,04/15/2024,00:49:34
803,116,2325,8,0,N,25.713840,-80.283989,6.80,04/15/2024,00:49:34
774,133,2348,9,0,N,25.713840,-80.283989,6.70,04/15/2024,00:49:34
748,146,2400,11,0,N,25.713840,-80.283989,6.70,04/15/2024,00:49:34
737,166,2422,12,0,N,25.713840,-80.283989,6.70,04/15/2024,00:49:34
731,160,2448,12,0,N,25.713839,-80.283989,6.70,04/15/2024,00:49:35
699,137,2462,11,0,N,25.713839,-80.283989,6.80,04/15/2024,00:49:35
712,116,2445,9,0,N,25.713837,-80.283989,6.80,04/15/2024,00:49:35
731,89,2433,6,0,N,25.713837,-80.283989,6.70,04/15/2024,00:49:35
727,99,2430,7,0,N,25.713837,-80.283989,6.70,04/15/2024,00:49:35
709,117,2440,9,0,N,25.713837,-80.283989,6.70,04/15/2024,00:49:35
721,141,2455,11,0,N,25.713837,-80.283989,6.70,04/15/2024,00:49:35
743,150,2400,11,0,N,25.713835,-80.283989,6.70,04/15/2024,00:49:35
748,163,2415,12,0,N,25.713835,-80.283989,6.80,04/15/2024,00:49:35
733,181,2415,13,0,N,25.713835,-80.283989,6.80,04/15/2024,00:49:35
723,196,2437,15,0,N,25.713835,-80.283989,6.70,04/15/2024,00:49:35
712,196,2445,15,0,N,25.713831,-80.283989,6.70,04/15/2024,00:49:36
721,188,2448,14,0,N,25.713831,-80.283989,6.80,04/15/2024,00:49:36
682,164,2497,13,0,N,25.713831,-80.283989,6.80,04/15/2024,00:49:36
688,156,2482,12,0,N,25.713831,-80.283989,6.80,04/15/2024,00:49:36
699,126,2459,10,0,N,25.713829,-80.283989,6.80,04/15/2024,00:49:36
707,124,2462,9,0,N,25.713829,-80.283989,6.90,04/15/2024,00:49:36
712,122,2445,9,0,N,25.713827,-80.283989,6.90,04/15/2024,00:49:36
730,164,2410,12,0,N,25.713827,-80.283989,7.00,04/15/2024,00:49:36
721,172,2433,13,0,N,25.713827,-80.283989,7.00,04/15/2024,00:49:36
707,172,2462,13,0,N,25.713827,-80.283989,7.00,04/15/2024,00:49:36
691,202,2474,16,0,N,25.713827,-80.283989,7.00,04/15/2024,00:49:36
684,215,2482,17,0,N,25.713825,-80.283989,7.00,04/15/2024,00:49:36
703,217,2440,17,0,N,25.713825,-80.283989,7.00,04/15/2024,00:49:36
712,205,2433,16,0,N,25.713823,-80.283989,7.00,04/15/2024,00:49:37
670,171,2504,14,0,N,25.713823,-80.283989,7.00,04/15/2024,00:49:37
703,133,2474,10,0,N,25.713823,-80.283989,7.00,04/15/2024,00:49:37
717,104,2433,8,0,N,25.713823,-80.283989,7.00,04/15/2024,00:49:37
733,104,2430,8,0,N,25.713821,-80.283989,7.00,04/15/2024,00:49:37
737,129,2381,9,0,N,25.713821,-80.283989,6.80,04/15/2024,00:49:37
776,135,2385,9,0,N,25.713821,-80.283989,6.80,04/15/2024,00:49:37
731,147,2433,11,0,N,25.713821,-80.283989,6.70,04/15/2024,00:49:37
707,163,2445,12,0,N,25.713820,-80.283989,6.70,04/15/2024,00:49:38
693,184,2477,14,0,N,25.713820,-80.283989,6.80,04/15/2024,00:49:38
699,172,2474,13,0,N,25.713818,-80.283989,6.80,04/15/2024,00:49:38
727,159,2445,12,0,N,25.713818,-80.283989,6.70,04/15/2024,00:49:38
712,99,2437,7,0,N,25.713816,-80.283989,6.70,04/15/2024,00:49:38
731,85,2422,6,0,N,25.713816,-80.283989,6.80,04/15/2024,00:49:38
730,73,2430,5,0,N,25.713816,-80.283989,6.80,04/15/2024,00:49:38
725,78,2440,6,0,N,25.713816,-80.283989,6.80,04/15/2024,00:49:38
712,89,2422,7,0,N,25.713814,-80.283989,6.80,04/15/2024,00:49:38
714,111,2422,8,0,N,25.713814,-80.283989,6.90,04/15/2024,00:49:38
694,133,2455,10,0,N,25.713814,-80.283989,6.90,04/15/2024,00:49:38
688,154,2489,12,0,N,25.713814,-80.283989,6.90,04/15/2024,00:49:38
680,166,2489,13,0,N,25.713814,-80.283989,6.90,04/15/2024,00:49:38
680,172,2482,14,0,N,25.713810,-80.283989,6.90,04/15/2024,00:49:39
680,160,2470,13,0,N,25.713810,-80.283989,7.20,04/15/2024,00:49:39
712,159,2448,12,0,N,25.713810,-80.283989,7.20,04/15/2024,00:49:39
673,124,2497,10,0,N,25.713810,-80.283989,7.20,04/15/2024,00:49:39
712,137,2459,10,0,N,25.713808,-80.283989,7.20,04/15/2024,00:49:39
725,102,2445,8,0,N,25.713808,-80.283989,6.90,04/15/2024,00:49:39
737,108,2403,8,0,N,25.713808,-80.283989,6.90,04/15/2024,00:49:39
731,120,2425,9,0,N,25.713808,-80.283989,6.90,04/15/2024,00:49:39
739,143,2410,10,0,N,25.713806,-80.283989,6.90,04/15/2024,00:49:39
721,146,2418,11,0,N,25.713806,-80.283989,7.10,04/15/2024,00:49:39
717,154,2430,12,0,N,25.713804,-80.283989,7.10,04/15/2024,00:49:40
691,172,2470,13,0,N,25.713804,-80.283989,6.90,04/15/2024,00:49:40
687,185,2477,15,0,N,25.713800,-80.283989,6.90,04/15/2024,00:49:40
691,188,2433,15,0,N,25.713800,-80.283989,7.00,04/15/2024,00:49:40
703,196,2430,15,0,N,25.713799,-80.283989,7.00,04/15/2024,00:49:40
680,177,2452,14,0,N,25.713799,-80.283989,7.00,04/15/2024,00:49:40
694,146,2433,11,0,N,25.713799,-80.283989,7.00,04/15/2024,00:49:40
709,130,2425,10,0,N,25.713799,-80.283989,7.00,04/15/2024,00:49:40
717,120,2445,9,0,N,25.713797,-80.283989,7.00,04/15/2024,00:49:40
712,147,2418,11,0,N,25.713797,-80.283989,6.90,04/15/2024,00:49:40
727,171,2395,13,0,N,25.713795,-80.283989,6.90,04/15/2024,00:49:41
712,171,2422,13,0,N,25.713793,-80.283989,6.90,04/15/2024,00:49:41
703,190,2452,15,0,N,25.713793,-80.283989,6.40,04/15/2024,00:49:41
687,209,2467,16,0,N,25.713791,-80.283989,6.40,04/15/2024,00:49:41
687,205,2455,16,0,N,25.713789,-80.283989,6.40,04/15/2024,00:49:41
660,177,2485,15,0,N,25.713789,-80.283989,6.50,04/15/2024,00:49:41
657,163,2482,13,0,N,25.713787,-80.283989,6.50,04/15/2024,00:49:42
694,147,2455,11,0,N,25.713787,-80.283989,6.40,04/15/2024,00:49:42
700,109,2448,8,0,N,25.713787,-80.283989,6.40,04/15/2024,00:49:42
712,104,2437,8,0,N,25.713787,-80.283989,6.40,04/15/2024,00:49:42
699,106,2448,8,0,N,25.713787,-80.283989,6.40,04/15/2024,00:49:42
696,141,2433,11,0,N,25.713787,-80.283989,6.40,04/15/2024,00:49:42
700,147,2440,11,0,N,25.713785,-80.283989,6.40,04/15/2024,00:49:42
688,164,2452,13,0,N,25.713785,-80.283989,6.20,04/15/2024,00:49:42
691,171,2445,13,0,N,25.713779,-80.283989,6.20,04/15/2024,00:49:42
700,163,2425,13,0,N,25.713779,-80.283989,6.30,04/15/2024,00:49:42
696,139,2470,11,0,N,25.713779,-80.283989,6.30,04/15/2024,00:49:42
709,135,2415,10,0,N,25.713778,-80.283989,6.30,04/15/2024,00:49:43
709,95,2430,7,0,N,25.713778,-80.283989,6.10,04/15/2024,00:49:43
714,109,2437,8,0,N,25.713776,-80.283989,6.10,04/15/2024,00:49:43
718,98,2415,7,0,N,25.713776,-80.283989,6.10,04/15/2024,00:49:43
737,104,2385,8,0,N,25.713774,-80.283989,6.10,04/15/2024,00:49:43
712,116,2385,9,0,N,25.713774,-80.283989,6.00,04/15/2024,00:49:43
725,143,2415,11,0,N,25.713772,-80.283989,6.00,04/15/2024,00:49:43
705,154,2400,12,0,N,25.713772,-80.283989,6.10,04/15/2024,00:49:43
680,159,2440,13,0,N,25.713772,-80.283989,6.10,04/15/2024,00:49:44
693,150,2422,12,0,N,25.713772,-80.283989,6.00,04/15/2024,00:49:44
694,111,2425,9,0,N,25.713772,-80.283989,6.00,04/15/2024,00:49:44
717,117,2392,9,0,N,25.713772,-80.283989,6.00,04/15/2024,00:49:44
731,98,2395,7,0,N,25.713766,-80.283989,6.00,04/15/2024,00:49:44
709,73,2403,5,0,N,25.713766,-80.283989,6.20,04/15/2024,00:49:44
718,86,2403,6,0,N,25.713766,-80.283989,6.20,04/15/2024,00:49:44
725,102,2392,8,0,N,25.713766,-80.283989,6.20,04/15/2024,00:49:44
712,86,2400,6,0,N,25.713766,-80.283989,6.20,04/15/2024,00:49:44
700,104,2430,8,0,N,25.713766,-80.283989,6.10,04/15/2024,00:49:44
691,116,2418,9,0,N,25.713762,-80.283989,6.10,04/15/2024,00:49:45
684,130,2418,10,0,N,25.713762,-80.283989,6.10,04/15/2024,00:49:45
699,126,2418,10,0,N,25.713762,-80.283989,6.10,04/15/2024,00:49:45
666,106,2437,9,0,N,25.713762,-80.283989,6.10,04/15/2024,00:49:45
652,93,2467,8,0,N,25.713760,-80.283989,6.10,04/15/2024,00:49:45
650,61,2437,5,0,N,25.713760,-80.283989,6.10,04/15/2024,00:49:45
657,14,2440,1,0,N,25.713760,-80.283989,6.10,04/15/2024,00:49:45
664,10,2440,0,0,N,25.713760,-80.283989,6.10,04/15/2024,00:49:45
673,12,2437,1,0,N,25.713758,-80.283989,6.10,04/15/2024,00:49:45
691,17,2418,1,0,N,25.713758,-80.283989,6.20,04/15/2024,00:49:45
673,18,2425,1,0,N,25.713757,-80.283989,6.20,04/15/2024,00:49:45
691,43,2455,3,0,N,25.713757,-80.283989,6.10,04/15/2024,00:49:45
691,47,2445,3,0,N,25.713753,-80.283989,6.10,04/15/2024,00:49:46
699,43,2455,3,0,N,25.713753,-80.283989,6.00,04/15/2024,00:49:46
687,27,2455,2,0,N,25.713751,-80.283989,6.00,04/15/2024,00:49:46
660,-7,2507,0,0,N,25.713751,-80.283989,6.00,04/15/2024,00:49:46
687,-24,2504,-2,15,NNW,25.713751,-80.283989,6.00,04/15/2024,00:49:46
678,-50,2497,-4,15,NNW,25.713751,-80.283989,6.00,04/15/2024,00:49:46
691,-71,2482,-5,15,NNW,25.713749,-80.283989,6.00,04/15/2024,00:49:46
696,-55,2492,-4,15,NNW,25.713749,-80.283989,6.10,04/15/2024,00:49:46
718,-54,2482,-4,15,NNW,25.713747,-80.283989,6.10,04/15/2024,00:49:47
712,-42,2522,-3,15,NNW,25.713747,-80.283989,6.10,04/15/2024,00:49:47
717,-3,2515,0,0,N,25.713747,-80.283989,6.10,04/15/2024,00:49:47
717,10,2519,0,0,N,25.713747,-80.283989,6.10,04/15/2024,00:49:47
731,18,2519,1,0,N,25.713743,-80.283981,6.10,04/15/2024,00:49:47
749,25,2497,1,0,N,25.713743,-80.283981,6.10,04/15/2024,00:49:47
761,21,2485,1,0,N,25.713741,-80.283989,6.10,04/15/2024,00:49:47
746,12,2500,0,0,N,25.713737,-80.283981,6.10,04/15/2024,00:49:47
792,-9,2437,0,0,N,25.713737,-80.283981,6.30,04/15/2024,00:49:47
798,-30,2410,-2,15,NNW,25.713737,-80.283981,6.30,04/15/2024,00:49:48
808,-24,2407,-1,15,NNW,25.713737,-80.283981,6.40,04/15/2024,00:49:48
821,0,2378,0,0,N,25.713737,-80.283981,6.40,04/15/2024,00:49:48
821,0,2381,0,0,N,25.713737,-80.283981,6.40,04/15/2024,00:49:48
823,38,2381,2,0,N,25.713736,-80.283981,6.40,04/15/2024,00:49:48
808,72,2415,5,0,N,25.713736,-80.283981,6.40,04/15/2024,00:49:48
798,85,2433,6,0,N,25.713734,-80.283981,6.40,04/15/2024,00:49:48
796,69,2415,4,0,N,25.713734,-80.283981,6.40,04/15/2024,00:49:48
806,85,2385,6,0,N,25.713730,-80.283981,6.40,04/15/2024,00:49:48
806,51,2392,3,0,N,25.713730,-80.283981,6.40,04/15/2024,00:49:48
804,47,2388,3,0,N,25.713730,-80.283981,6.40,04/15/2024,00:49:49
808,14,2385,0,0,N,25.713730,-80.283981,6.50,04/15/2024,00:49:49
803,0,2351,0,0,N,25.713728,-80.283981,6.50,04/15/2024,00:49:49
803,0,2381,0,0,N,25.713728,-80.283981,6.60,04/15/2024,00:49:49
812,30,2363,2,0,N,25.713726,-80.283981,6.60,04/15/2024,00:49:49
803,76,2366,5,0,N,25.713726,-80.283981,6.50,04/15/2024,00:49:49
794,108,2378,7,0,N,25.713724,-80.283981,6.50,04/15/2024,00:49:49
776,133,2403,9,0,N,25.713724,-80.283981,6.50,04/15/2024,00:49:49
778,124,2415,9,0,N,25.713724,-80.283981,6.50,04/15/2024,00:49:49
798,104,2388,7,0,N,25.713724,-80.283981,6.50,04/15/2024,00:49:49
769,78,2407,5,0,N,25.713720,-80.283981,6.50,04/15/2024,00:49:50
790,56,2381,4,0,N,25.713720,-80.283981,6.50,04/15/2024,00:49:50
798,47,2351,3,0,N,25.713720,-80.283981,6.50,04/15/2024,00:49:50
780,49,2381,3,0,N,25.713720,-80.283981,6.50,04/15/2024,00:49:50
776,36,2395,2,0,N,25.713720,-80.283981,6.50,04/15/2024,00:49:50
772,49,2370,3,0,N,25.713720,-80.283981,6.50,04/15/2024,00:49:50
800,55,2358,3,0,N,25.713720,-80.283981,6.40,04/15/2024,00:49:50
792,47,2370,3,0,N,25.713717,-80.283981,6.40,04/15/2024,00:49:50
792,80,2370,5,0,N,25.713717,-80.283981,6.50,04/15/2024,00:49:50
785,78,2363,5,0,N,25.713717,-80.283981,6.50,04/15/2024,00:49:50
787,67,2370,4,0,N,25.713717,-80.283981,6.50,04/15/2024,00:49:50
782,65,2392,4,0,N,25.713717,-80.283981,6.50,04/15/2024,00:49:50
782,63,2388,4,0,N,25.713713,-80.283981,6.50,04/15/2024,00:49:51
774,47,2385,3,0,N,25.713711,-80.283981,6.50,04/15/2024,00:49:51
761,59,2392,4,0,N,25.713711,-80.283981,6.50,04/15/2024,00:49:51
751,73,2407,5,0,N,25.713711,-80.283981,6.50,04/15/2024,00:49:51
731,69,2440,5,0,N,25.713711,-80.283981,6.50,04/15/2024,00:49:51
717,67,2452,5,0,N,25.713711,-80.283981,6.50,04/15/2024,00:49:51
723,72,2467,5,0,N,25.713709,-80.283981,6.50,04/15/2024,00:49:51
735,80,2462,6,0,N,25.713709,-80.283981,6.50,04/15/2024,00:49:51
712,82,2462,6,0,N,25.713709,-80.283981,6.50,04/15/2024,00:49:51
730,122,2430,9,0,N,25.713707,-80.283981,6.50,04/15/2024,00:49:51
731,126,2433,9,0,N,25.713705,-80.283981,6.50,04/15/2024,00:49:52
712,166,2440,13,0,N,25.713705,-80.283981,6.50,04/15/2024,00:49:52
703,172,2470,13,0,N,25.713703,-80.283981,6.50,04/15/2024,00:49:52
707,163,2470,12,0,N,25.713703,-80.283981,6.50,04/15/2024,00:49:52
712,146,2459,11,0,N,25.713703,-80.283981,6.50,04/15/2024,00:49:52
684,129,2477,10,0,N,25.713703,-80.283981,6.50,04/15/2024,00:49:52
693,130,2474,10,0,N,25.713701,-80.283981,6.50,04/15/2024,00:49:52
709,111,2448,8,0,N,25.713701,-80.283981,6.40,04/15/2024,00:49:52
712,104,2459,8,0,N,25.713697,-80.283981,6.40,04/15/2024,00:49:52
705,117,2455,9,0,N,25.713697,-80.283981,6.50,04/15/2024,00:49:52
707,133,2445,10,0,N,25.713697,-80.283981,6.50,04/15/2024,00:49:52
700,124,2477,10,0,N,25.713697,-80.283981,6.50,04/15/2024,00:49:52
707,160,2467,12,0,N,25.713696,-80.283981,6.50,04/15/2024,00:49:53
691,179,2492,14,0,N,25.713696,-80.283981,6.50,04/15/2024,00:49:53
691,181,2497,14,0,N,25.713694,-80.283981,6.50,04/15/2024,00:49:53
691,166,2500,13,0,N,25.713694,-80.283981,6.50,04/15/2024,00:49:53
693,171,2485,13,0,N,25.713692,-80.283981,6.50,04/15/2024,00:49:53
675,133,2467,11,0,N,25.713692,-80.283981,6.50,04/15/2024,00:49:53
693,130,2467,10,0,N,25.713692,-80.283981,6.50,04/15/2024,00:49:53
688,126,2482,10,0,N,25.713692,-80.283981,6.50,04/15/2024,00:49:53
694,111,2477,9,0,N,25.713688,-80.283981,6.50,04/15/2024,00:49:54
694,104,2467,8,0,N,25.713688,-80.283981,6.60,04/15/2024,00:49:54
709,117,2445,9,0,N,25.713688,-80.283981,6.60,04/15/2024,00:49:54
718,156,2448,12,0,N,25.713686,-80.283981,6.60,04/15/2024,00:49:54
700,171,2459,13,0,N,25.713686,-80.283981,6.60,04/15/2024,00:49:54
688,184,2452,14,0,N,25.713682,-80.283981,6.60,04/15/2024,00:49:54
691,211,2470,16,0,N,25.713682,-80.283981,6.50,04/15/2024,00:49:54
696,194,2459,15,0,N,25.713680,-80.283981,6.50,04/15/2024,00:49:54
660,185,2530,15,0,N,25.713680,-80.283981,6.60,04/15/2024,00:49:54
669,192,2489,16,0,N,25.713678,-80.283981,6.60,04/15/2024,00:49:55
680,163,2489,13,0,N,25.713678,-80.283981,6.60,04/15/2024,00:49:55
694,154,2462,12,0,N,25.713676,-80.283981,6.60,04/15/2024,00:49:55
688,133,2482,10,0,N,25.713676,-80.283981,6.50,04/15/2024,00:49:55
703,147,2467,11,0,N,25.713675,-80.283981,6.50,04/15/2024,00:49:55
675,172,2497,14,0,N,25.713675,-80.283981,6.50,04/15/2024,00:49:55
669,198,2485,16,0,N,25.713675,-80.283981,6.50,04/15/2024,00:49:55
678,215,2477,17,0,N,25.713675,-80.283981,6.50,04/15/2024,00:49:55
678,223,2485,18,0,N,25.713673,-80.283981,6.50,04/15/2024,00:49:55
684,211,2477,17,0,N,25.713673,-80.283981,6.50,04/15/2024,00:49:55
682,179,2474,14,0,N,25.713673,-80.283981,6.50,04/15/2024,00:49:55
682,172,2485,14,0,N,25.713673,-80.283981,6.50,04/15/2024,00:49:55
699,172,2485,13,0,N,25.713671,-80.283981,6.50,04/15/2024,00:49:56
680,154,2492,12,0,N,25.713671,-80.283981,6.50,04/15/2024,00:49:56
696,129,2489,10,0,N,25.713669,-80.283981,6.50,04/15/2024,00:49:56
691,150,2482,12,0,N,25.713669,-80.283981,6.50,04/15/2024,00:49:56
699,156,2462,12,0,N,25.713669,-80.283981,6.50,04/15/2024,00:49:56
712,177,2452,13,0,N,25.713669,-80.283981,6.50,04/15/2024,00:49:56
688,188,2477,15,0,N,25.713665,-80.283981,6.50,04/15/2024,00:49:56
691,209,2467,16,0,N,25.713665,-80.283981,6.50,04/15/2024,00:49:56
696,201,2462,16,0,N,25.713665,-80.283981,6.50,04/15/2024,00:49:56
703,177,2467,14,0,N,25.713665,-80.283981,6.50,04/15/2024,00:49:56
699,154,2452,12,0,N,25.713663,-80.283981,6.50,04/15/2024,00:49:57
705,130,2470,10,0,N,25.713663,-80.283981,6.40,04/15/2024,00:49:57
696,130,2452,10,0,N,25.713663,-80.283981,6.40,04/15/2024,00:49:57
688,117,2492,9,0,N,25.713663,-80.283981,6.30,04/15/2024,00:49:57
680,124,2489,10,0,N,25.713659,-80.283981,6.30,04/15/2024,00:49:57
680,141,2497,11,0,N,25.713659,-80.283981,6.40,04/15/2024,00:49:57
675,159,2489,13,0,N,25.713657,-80.283981,6.40,04/15/2024,00:49:57
666,172,2512,14,0,N,25.713657,-80.283981,6.30,04/15/2024,00:49:57
664,190,2485,15,0,N,25.713657,-80.283981,6.30,04/15/2024,00:49:57
660,190,2534,16,0,N,25.713657,-80.283981,6.30,04/15/2024,00:49:57
645,196,2519,16,0,N,25.713655,-80.283981,6.30,04/15/2024,00:49:58
678,216,2482,17,0,N,25.713655,-80.283981,6.30,04/15/2024,00:49:58
670,192,2467,15,0,N,25.713654,-80.283981,6.30,04/15/2024,00:49:58
688,181,2492,14,0,N,25.713652,-80.283981,6.30,04/15/2024,00:49:58
694,168,2497,13,0,N,25.713652,-80.283981,6.30,04/15/2024,00:49:58
662,177,2497,14,0,N,25.713652,-80.283981,6.30,04/15/2024,00:49:58
662,177,2512,14,0,N,25.713652,-80.283981,6.30,04/15/2024,00:49:58
660,185,2519,15,0,N,25.713648,-80.283981,6.30,04/15/2024,00:49:59
687,190,2497,15,0,N,25.713648,-80.283981,6.30,04/15/2024,00:49:59
670,188,2500,15,0,N,25.713646,-80.283981,6.30,04/15/2024,00:49:59
657,188,2492,15,0,N,25.713646,-80.283981,6.30,04/15/2024,00:49:59
648,185,2515,15,0,N,25.713646,-80.283981,6.30,04/15/2024,00:49:59
645,181,2541,15,0,N,25.713646,-80.283981,6.30,04/15/2024,00:49:59
650,185,2519,15,0,N,25.713644,-80.283981,6.30,04/15/2024,00:49:59
638,156,2530,13,0,N,25.713644,-80.283981,6.30,04/15/2024,00:49:59
670,175,2482,14,0,N,25.713644,-80.283981,6.30,04/15/2024,00:49:59
666,147,2500,12,0,N,25.713644,-80.283981,6.10,04/15/2024,00:49:59
648,147,2537,12,0,N,25.713640,-80.283981,6.10,04/15/2024,00:50:00
639,126,2512,11,0,N,25.713640,-80.283981,6.20,04/15/2024,00:50:00
670,150,2504,12,0,N,25.713640,-80.283981,6.20,04/15/2024,00:50:00
638,141,2519,12,0,N,25.713640,-80.283981,6.20,04/15/2024,00:50:00
650,184,2519,15,0,N,25.713636,-80.283981,6.20,04/15/2024,00:50:00
644,194,2519,16,0,N,25.713636,-80.283981,6.20,04/15/2024,00:50:00
632,172,2530,15,0,N,25.713634,-80.283981,6.20,04/15/2024,00:50:00
654,177,2522,15,0,N,25.713633,-80.283981,6.20,04/15/2024,00:50:00
669,147,2500,12,0,N,25.713633,-80.283981,6.40,04/15/2024,00:50:00
652,117,2512,10,0,N,25.713631,-80.283981,6.40,04/15/2024,00:50:01
675,104,2492,8,0,N,25.713631,-80.283981,6.60,04/15/2024,00:50:01
673,99,2504,8,0,N,25.713629,-80.283981,6.60,04/15/2024,00:50:01
666,95,2512,8,0,N,25.713629,-80.283981,6.60,04/15/2024,00:50:01
669,109,2512,9,0,N,25.713629,-80.283981,6.60,04/15/2024,00:50:01
682,130,2504,10,0,N,25.713629,-80.283981,6.60,04/15/2024,00:50:01
687,108,2489,8,0,N,25.713629,-80.283981,6.60,04/15/2024,00:50:01
691,152,2482,12,0,N,25.713625,-80.283981,6.60,04/15/2024,00:50:01
687,184,2470,14,0,N,25.713625,-80.283981,6.80,04/15/2024,00:50:01
675,190,2492,15,0,N,25.713625,-80.283981,6.80,04/15/2024,00:50:01
678,196,2500,16,0,N,25.713625,-80.283981,6.80,04/15/2024,00:50:01
694,172,2477,13,0,N,25.713623,-80.283981,6.80,04/15/2024,00:50:01
657,160,2522,13,0,N,25.713623,-80.283981,6.80,04/15/2024,00:50:01
684,152,2485,12,0,N,25.713619,-80.283981,6.80,04/15/2024,00:50:02
682,89,2500,7,0,N,25.713619,-80.283981,6.80,04/15/2024,00:50:02
688,93,2492,7,0,N,25.713619,-80.283981,6.80,04/15/2024,00:50:02
682,85,2474,7,0,N,25.713619,-80.283981,6.80,04/15/2024,00:50:02
688,99,2482,8,0,N,25.713619,-80.283981,6.80,04/15/2024,00:50:02
693,129,2485,10,0,N,25.713617,-80.283981,6.80,04/15/2024,00:50:02
682,146,2477,12,0,N,25.713617,-80.283981,6.70,04/15/2024,00:50:02
688,163,2477,13,0,N,25.713615,-80.283981,6.70,04/15/2024,00:50:02
684,192,2470,15,0,N,25.713615,-80.283981,6.70,04/15/2024,00:50:02
699,207,2470,16,0,N,25.713614,-80.283981,6.70,04/15/2024,00:50:02
705,190,2462,15,0,N,25.713614,-80.283981,6.70,04/15/2024,00:50:02
712,177,2455,13,0,N,25.713614,-80.283981,6.70,04/15/2024,00:50:03
684,152,2462,12,0,N,25.713614,-80.283981,6.70,04/15/2024,00:50:03
717,139,2448,10,0,N,25.713610,-80.283981,6.70,04/15/2024,00:50:03
717,129,2448,10,0,N,25.713610,-80.283981,6.80,04/15/2024,00:50:03
725,120,2448,9,0,N,25.713610,-80.283981,6.80,04/15/2024,00:50:03
718,122,2440,9,0,N,25.713610,-80.283981,6.80,04/15/2024,00:50:03
730,117,2418,9,0,N,25.713608,-80.283981,6.80,04/15/2024,00:50:03
723,117,2430,9,0,N,25.713608,-80.283981,6.80,04/15/2024,00:50:03
714,146,2452,11,0,N,25.713606,-80.283981,6.80,04/15/2024,00:50:03
693,164,2470,13,0,N,25.713606,-80.283981,6.80,04/15/2024,00:50:03
691,156,2452,12,0,N,25.713604,-80.283981,6.80,04/15/2024,00:50:04
712,168,2448,13,0,N,25.713602,-80.283981,6.80,04/15/2024,00:50:04
705,113,2448,9,0,N,25.713602,-80.283981,7.00,04/15/2024,00:50:04
721,98,2437,7,0,N,25.713602,-80.283981,7.00,04/15/2024,00:50:04
714,102,2448,8,0,N,25.713602,-80.283981,7.00,04/15/2024,00:50:04
717,104,2437,8,0,N,25.713598,-80.283981,7.00,04/15/2024,00:50:04
718,133,2445,10,0,N,25.713598,-80.283981,7.10,04/15/2024,00:50:04
721,154,2437,12,0,N,25.713598,-80.283981,7.10,04/15/2024,00:50:05
700,168,2452,13,0,N,25.713598,-80.283981,7.10,04/15/2024,00:50:05
670,196,2477,16,0,N,25.713598,-80.283981,7.10,04/15/2024,00:50:05
657,209,2512,17,0,N,25.713598,-80.283981,7.10,04/15/2024,00:50:05
650,207,2515,17,0,N,25.713596,-80.283981,7.10,04/15/2024,00:50:05
678,196,2485,16,0,N,25.713596,-80.283981,7.10,04/15/2024,00:50:05
673,181,2489,15,0,N,25.713594,-80.283981,7.10,04/15/2024,00:50:05
670,175,2470,14,0,N,25.713594,-80.283981,7.10,04/15/2024,00:50:05
694,159,2489,12,0,N,25.713593,-80.283981,7.10,04/15/2024,00:50:05
688,166,2485,13,0,N,25.713593,-80.283981,7.10,04/15/2024,00:50:05
691,164,2470,13,0,N,25.713593,-80.283981,7.10,04/15/2024,00:50:05
712,181,2452,14,0,N,25.713593,-80.283981,7.10,04/15/2024,00:50:05
699,175,2489,14,0,N,25.713589,-80.283981,7.10,04/15/2024,00:50:06
694,219,2485,17,0,N,25.713589,-80.283981,7.00,04/15/2024,00:50:06
666,221,2485,18,0,N,25.713587,-80.283981,7.00,04/15/2024,00:50:06
652,227,2482,19,0,N,25.713587,-80.283981,7.00,04/15/2024,00:50:06
662,226,2492,18,0,N,25.713587,-80.283981,7.00,04/15/2024,00:50:06
680,179,2482,14,0,N,25.713587,-80.283981,7.00,04/15/2024,00:50:06
684,160,2500,13,0,N,25.713585,-80.283981,7.00,04/15/2024,00:50:06
712,154,2440,12,0,N,25.713583,-80.283981,7.00,04/15/2024,00:50:07
705,122,2445,9,0,N,25.713583,-80.283981,7.00,04/15/2024,00:50:07
688,133,2489,10,0,N,25.713583,-80.283981,7.00,04/15/2024,00:50:07
699,168,2459,13,0,N,25.713583,-80.283981,7.00,04/15/2024,00:50:07
699,143,2497,11,0,N,25.713579,-80.283981,7.00,04/15/2024,00:50:07
687,201,2477,16,0,N,25.713579,-80.283981,6.90,04/15/2024,00:50:07
666,211,2507,17,0,N,25.713579,-80.283981,6.90,04/15/2024,00:50:07
664,202,2489,16,0,N,25.713579,-80.283981,6.90,04/15/2024,00:50:07
670,214,2470,17,0,N,25.713577,-80.283981,6.90,04/15/2024,00:50:07
670,192,2485,15,0,N,25.713577,-80.283981,7.00,04/15/2024,00:50:07
662,179,2482,15,0,N,25.713575,-80.283981,7.00,04/15/2024,00:50:08
696,156,2448,12,0,N,25.713575,-80.283981,6.90,04/15/2024,00:50:08
700,133,2470,10,0,N,25.713575,-80.283981,6.90,04/15/2024,00:50:08
696,124,2492,10,0,N,25.713575,-80.283981,6.90,04/15/2024,00:50:08
696,146,2470,11,0,N,25.713573,-80.283981,6.90,04/15/2024,00:50:08
696,139,2470,11,0,N,25.713573,-80.283981,7.00,04/15/2024,00:50:08
696,175,2470,14,0,N,25.713572,-80.283981,7.00,04/15/2024,00:50:08
688,190,2482,15,0,N,25.713572,-80.283981,7.00,04/15/2024,00:50:08
684,215,2500,17,0,N,25.713570,-80.283981,7.00,04/15/2024,00:50:08
675,196,2500,16,0,N,25.713570,-80.283981,7.00,04/15/2024,00:50:08
687,205,2459,16,0,N,25.713568,-80.283981,7.00,04/15/2024,00:50:08
675,166,2522,13,0,N,25.713568,-80.283981,7.00,04/15/2024,00:50:08
687,168,2467,13,0,N,25.713566,-80.283981,7.00,04/15/2024,00:50:09
699,156,2474,12,0,N,25.713566,-80.283981,7.00,04/15/2024,00:50:09
703,147,2462,11,0,N,25.713566,-80.283981,7.00,04/15/2024,00:50:09
709,156,2462,12,0,N,25.713566,-80.283981,7.00,04/15/2024,00:50:09
714,160,2455,12,0,N,25.713564,-80.283981,7.00,04/15/2024,00:50:09
693,164,2489,13,0,N,25.713564,-80.283981,7.00,04/15/2024,00:50:09
703,207,2474,16,0,N,25.713562,-80.283974,7.00,04/15/2024,00:50:09
675,234,2482,19,0,N,25.713562,-80.283974,7.00,04/15/2024,00:50:09
680,249,2482,20,0,N,25.713558,-80.283974,7.00,04/15/2024,00:50:10
687,234,2492,18,0,N,25.713558,-80.283974,7.00,04/15/2024,00:50:10
673,198,2474,16,0,N,25.713558,-80.283974,7.00,04/15/2024,00:50:10
680,209,2485,17,0,N,25.713558,-80.283974,7.00,04/15/2024,00:50:10
694,201,2477,16,0,N,25.713556,-80.283974,7.00,04/15/2024,00:50:10
694,143,2489,11,0,N,25.713556,-80.283974,6.90,04/15/2024,00:50:10
687,141,2485,11,0,N,25.713554,-80.283981,6.90,04/15/2024,00:50:10
699,137,2489,11,0,N,25.713554,-80.283981,7.00,04/15/2024,00:50:10
696,143,2497,11,0,N,25.713554,-80.283981,7.00,04/15/2024,00:50:10
709,168,2445,13,0,N,25.713554,-80.283981,7.00,04/15/2024,00:50:10
691,185,2462,14,0,N,25.713551,-80.283981,7.00,04/15/2024,00:50:11
700,196,2477,15,0,N,25.713551,-80.283981,6.90,04/15/2024,00:50:11
699,196,2485,15,0,N,25.713551,-80.283981,6.90,04/15/2024,00:50:11
699,188,2452,15,0,N,25.713551,-80.283981,6.90,04/15/2024,00:50:11
694,164,2459,13,0,N,25.713547,-80.283974,6.90,04/15/2024,00:50:11
725,152,2445,11,0,N,25.713545,-80.283974,6.90,04/15/2024,00:50:11
714,116,2452,9,0,N,25.713545,-80.283974,6.90,04/15/2024,00:50:11
707,102,2445,8,0,N,25.713545,-80.283974,6.90,04/15/2024,00:50:11
717,106,2445,8,0,N,25.713545,-80.283974,6.90,04/15/2024,00:50:11
712,113,2433,9,0,N,25.713543,-80.283974,6.90,04/15/2024,00:50:12
727,143,2452,11,0,N,25.713543,-80.283974,6.80,04/15/2024,00:50:12
688,171,2459,13,0,N,25.713541,-80.283974,6.80,04/15/2024,00:50:12
680,202,2467,16,0,N,25.713541,-80.283974,6.90,04/15/2024,00:50:12
678,207,2462,16,0,N,25.713539,-80.283974,6.90,04/15/2024,00:50:12
705,196,2452,15,0,N,25.713539,-80.283974,6.80,04/15/2024,00:50:12
673,143,2474,11,0,N,25.713537,-80.283974,6.80,04/15/2024,00:50:12
694,137,2445,11,0,N,25.713537,-80.283974,6.90,04/15/2024,00:50:12
682,113,2452,9,0,N,25.713537,-80.283974,6.90,04/15/2024,00:50:12
682,109,2467,9,0,N,25.713537,-80.283974,6.90,04/15/2024,00:50:12
688,124,2467,10,0,N,25.713533,-80.283974,6.90,04/15/2024,00:50:13
694,135,2440,11,0,N,25.713533,-80.283974,6.80,04/15/2024,00:50:13
699,166,2455,13,0,N,25.713533,-80.283974,6.80,04/15/2024,00:50:13
675,188,2455,15,0,N,25.713533,-80.283974,6.80,04/15/2024,00:50:13
664,207,2467,17,0,N,25.713531,-80.283974,6.80,04/15/2024,00:50:13
666,198,2452,16,0,N,25.713531,-80.283974,6.80,04/15/2024,00:50:13
662,192,2474,16,0,N,25.713530,-80.283974,6.80,04/15/2024,00:50:13
644,147,2477,12,0,N,25.713528,-80.283974,6.80,04/15/2024,00:50:13
680,141,2440,11,0,N,25.713528,-80.283974,6.80,04/15/2024,00:50:13
670,99,2425,8,0,N,25.713528,-80.283974,6.80,04/15/2024,00:50:13
669,106,2433,9,0,N,25.713528,-80.283974,6.80,04/15/2024,00:50:13
662,95,2437,8,0,N,25.713526,-80.283974,6.80,04/15/2024,00:50:14
654,102,2433,8,0,N,25.713526,-80.283974,6.90,04/15/2024,00:50:14
654,98,2433,8,0,N,25.713524,-80.283974,6.90,04/15/2024,00:50:14
641,135,2440,11,0,N,25.713524,-80.283974,6.90,04/15/2024,00:50:14
641,135,2440,11,0,N,25.713522,-80.283974,6.90,04/15/2024,00:50:14
621,179,2470,16,0,N,25.713522,-80.283974,6.90,04/15/2024,00:50:14
621,139,2459,12,0,N,25.713520,-80.283974,6.90,04/15/2024,00:50:14
639,124,2433,10,0,N,25.713520,-80.283974,6.90,04/15/2024,00:50:14
614,99,2482,9,0,N,25.713516,-80.283974,6.90,04/15/2024,00:50:15
650,86,2437,7,0,N,25.713516,-80.283974,6.90,04/15/2024,00:50:15
654,47,2430,4,0,N,25.713516,-80.283974,6.90,04/15/2024,00:50:15
644,10,2459,0,0,N,25.713516,-80.283974,6.90,04/15/2024,00:50:15
639,8,2459,0,0,N,25.713516,-80.283974,6.90,04/15/2024,00:50:15
644,-12,2467,-1,15,NNW,25.713514,-80.283974,6.90,04/15/2024,00:50:15
669,-13,2462,-1,15,NNW,25.713514,-80.283974,6.90,04/15/2024,00:50:15
680,-12,2477,-1,15,NNW,25.713512,-80.283974,6.90,04/15/2024,00:50:15
678,30,2497,2,0,N,25.713512,-80.283974,6.80,04/15/2024,00:50:15
699,49,2462,4,0,N,25.713511,-80.283974,6.80,04/15/2024,00:50:15
703,44,2482,3,0,N,25.713511,-80.283974,6.80,04/15/2024,00:50:15
709,34,2474,2,0,N,25.713511,-80.283974,6.80,04/15/2024,00:50:15
735,23,2445,1,0,N,25.713511,-80.283974,6.80,04/15/2024,00:50:15
717,17,2462,1,0,N,25.713511,-80.283974,6.80,04/15/2024,00:50:15
733,14,2485,1,0,N,25.713507,-80.283974,6.80,04/15/2024,00:50:16
746,-3,2482,0,0,N,25.713507,-80.283974,6.80,04/15/2024,00:50:16
749,-18,2462,-1,15,NNW,25.713505,-80.283974,6.80,04/15/2024,00:50:16
742,-29,2459,-2,15,NNW,25.713505,-80.283974,6.80,04/15/2024,00:50:16
774,17,2430,1,0,N,25.713505,-80.283974,6.80,04/15/2024,00:50:16
769,21,2452,1,0,N,25.713505,-80.283974,6.80,04/15/2024,00:50:16
787,63,2440,4,0,N,25.713503,-80.283974,6.80,04/15/2024,00:50:16
769,104,2474,7,0,N,25.713503,-80.283974,6.90,04/15/2024,00:50:16
769,122,2459,9,0,N,25.713501,-80.283974,6.90,04/15/2024,00:50:16
768,133,2433,9,0,N,25.713501,-80.283974,6.80,04/15/2024,00:50:16
766,124,2448,9,0,N,25.713497,-80.283974,6.80,04/15/2024,00:50:17
751,89,2482,6,0,N,25.713497,-80.283974,6.90,04/15/2024,00:50:17
761,89,2462,6,0,N,25.713497,-80.283974,6.90,04/15/2024,00:50:17
769,59,2462,4,0,N,25.713497,-80.283974,6.90,04/15/2024,00:50:17
748,59,2448,4,0,N,25.713497,-80.283974,6.90,04/15/2024,00:50:17
749,44,2445,3,0,N,25.713493,-80.283974,6.90,04/15/2024,00:50:17
753,43,2459,3,0,N,25.713493,-80.283974,6.90,04/15/2024,00:50:17
761,44,2415,3,0,N,25.713493,-80.283974,6.90,04/15/2024,00:50:17
780,59,2430,4,0,N,25.713491,-80.283974,6.90,04/15/2024,00:50:18
760,117,2445,8,0,N,25.713491,-80.283974,6.80,04/15/2024,00:50:18
753,139,2445,10,0,N,25.713490,-80.283974,6.80,04/15/2024,00:50:18
753,133,2415,10,0,N,25.713490,-80.283974,6.90,04/15/2024,00:50:18
743,139,2425,10,0,N,25.713488,-80.283974,6.90,04/15/2024,00:50:18
739,109,2448,8,0,N,25.713488,-80.283974,6.80,04/15/2024,00:50:18
760,67,2425,5,0,N,25.713488,-80.283974,6.80,04/15/2024,00:50:18
748,65,2437,4,0,N,25.713488,-80.283974,6.80,04/15/2024,00:50:18
743,44,2448,3,0,N,25.713484,-80.283974,6.80,04/15/2024,00:50:18
739,47,2415,3,0,N,25.713484,-80.283974,6.90,04/15/2024,00:50:18
757,51,2415,3,0,N,25.713484,-80.283974,6.90,04/15/2024,00:50:18
733,44,2433,3,0,N,25.713484,-80.283974,6.90,04/15/2024,00:50:18
751,59,2425,4,0,N,25.713484,-80.283974,6.90,04/15/2024,00:50:18
737,82,2452,6,0,N,25.713482,-80.283974,6.90,04/15/2024,00:50:19
721,120,2459,9,0,N,25.713482,-80.283974,6.90,04/15/2024,00:50:19
712,135,2492,10,0,N,25.713478,-80.283974,6.90,04/15/2024,00:50:19
717,135,2462,10,0,N,25.713478,-80.283974,6.90,04/15/2024,00:50:19
714,122,2440,9,0,N,25.713478,-80.283974,6.90,04/15/2024,00:50:19
691,104,2477,8,0,N,25.713478,-80.283974,6.90,04/15/2024,00:50:19
700,73,2474,5,0,N,25.713474,-80.283974,6.90,04/15/2024,00:50:19
717,49,2462,3,0,N,25.713474,-80.283974,7.00,04/15/2024,00:50:19
703,43,2474,3,0,N,25.713474,-80.283974,7.00,04/15/2024,00:50:19
721,40,2448,3,0,N,25.713474,-80.283974,7.00,04/15/2024,00:50:19
717,65,2437,5,0,N,25.713470,-80.283974,7.00,04/15/2024,00:50:20
730,78,2440,6,0,N,25.713470,-80.283974,7.10,04/15/2024,00:50:20
714,130,2445,10,0,N,25.713470,-80.283974,7.10,04/15/2024,00:50:20
696,152,2470,12,0,N,25.713469,-80.283974,7.10,04/15/2024,00:50:20
687,163,2482,13,0,N,25.713469,-80.283974,7.10,04/15/2024,00:50:20
699,154,2485,12,0,N,25.713465,-80.283974,7.10,04/15/2024,00:50:20
694,135,2482,11,0,N,25.713465,-80.283974,7.10,04/15/2024,00:50:20
725,108,2452,8,0,N,25.713465,-80.283974,7.10,04/15/2024,00:50:20
712,99,2440,7,0,N,25.713465,-80.283974,7.10,04/15/2024,00:50:20
718,95,2445,7,0,N,25.713463,-80.283974,7.10,04/15/2024,00:50:21
712,85,2437,6,0,N,25.713463,-80.283974,7.20,04/15/2024,00:50:21
714,80,2448,6,0,N,25.713461,-80.283974,7.20,04/15/2024,00:50:21
707,82,2485,6,0,N,25.713461,-80.283974,7.20,04/15/2024,00:50:21
727,111,2437,8,0,N,25.713457,-80.283974,7.20,04/15/2024,00:50:21
705,137,2467,10,0,N,25.713457,-80.283974,7.30,04/15/2024,00:50:21
687,143,2474,11,0,N,25.713457,-80.283974,7.30,04/15/2024,00:50:21
712,135,2482,10,0,N,25.713457,-80.283974,7.30,04/15/2024,00:50:21
712,120,2477,9,0,N,25.713453,-80.283974,7.30,04/15/2024,00:50:22
707,113,2455,9,0,N,25.713453,-80.283974,7.20,04/15/2024,00:50:22
727,102,2445,7,0,N,25.713451,-80.283974,7.20,04/15/2024,00:50:22
723,31,2437,2,0,N,25.713451,-80.283974,7.10,04/15/2024,00:50:22
718,43,2452,3,0,N,25.713451,-80.283974,7.10,04/15/2024,00:50:22
717,49,2459,3,0,N,25.713451,-80.283974,7.10,04/15/2024,00:50:22
727,61,2448,4,0,N,25.713451,-80.283974,7.10,04/15/2024,00:50:22
735,67,2425,5,0,N,25.713449,-80.283974,7.10,04/15/2024,00:50:22
735,89,2433,6,0,N,25.713449,-80.283974,7.20,04/15/2024,00:50:22
718,126,2440,9,0,N,25.713448,-80.283974,7.20,04/15/2024,00:50:22
712,147,2455,11,0,N,25.713448,-80.283974,7.20,04/15/2024,00:50:22
705,154,2467,12,0,N,25.713444,-80.283974,7.20,04/15/2024,00:50:23
712,152,2459,12,0,N,25.713444,-80.283974,7.20,04/15/2024,00:50:23
688,120,2500,9,0,N,25.713444,-80.283974,7.20,04/15/2024,00:50:23
712,106,2440,8,0,N,25.713444,-80.283974,7.20,04/15/2024,00:50:23
718,91,2448,7,0,N,25.713440,-80.283974,7.20,04/15/2024,00:50:23
721,95,2467,7,0,N,25.713440,-80.283974,7.30,04/15/2024,00:50:23
721,99,2433,7,0,N,25.713438,-80.283974,7.30,04/15/2024,00:50:23
727,102,2437,7,0,N,25.713436,-80.283974,7.30,04/15/2024,00:50:23
735,106,2459,8,0,N,25.713436,-80.283974,7.30,04/15/2024,00:50:23
753,159,2418,11,0,N,25.713434,-80.283974,7.30,04/15/2024,00:50:24
723,185,2452,14,0,N,25.713434,-80.283974,7.30,04/15/2024,00:50:24
709,223,2440,17,0,N,25.713432,-80.283974,7.30,04/15/2024,00:50:24
712,205,2455,16,0,N,25.713432,-80.283974,7.30,04/15/2024,00:50:24
705,185,2474,14,0,N,25.713432,-80.283974,7.30,04/15/2024,00:50:24
735,185,2437,14,0,N,25.713432,-80.283974,7.30,04/15/2024,00:50:24
742,166,2418,12,0,N,25.713428,-80.283974,7.30,04/15/2024,00:50:24
751,139,2407,10,0,N,25.713428,-80.283974,7.20,04/15/2024,00:50:24
753,130,2425,9,0,N,25.713428,-80.283974,7.20,04/15/2024,00:50:24
746,129,2415,9,0,N,25.713428,-80.283974,7.20,04/15/2024,00:50:24
749,129,2415,9,0,N,25.713427,-80.283974,7.20,04/15/2024,00:50:24
769,160,2418,11,0,N,25.713427,-80.283974,7.20,04/15/2024,00:50:24
764,168,2403,12,0,N,25.713423,-80.283974,7.20,04/15/2024,00:50:25
753,185,2422,13,0,N,25.713423,-80.283974,7.30,04/15/2024,00:50:25
743,188,2392,14,0,N,25.713423,-80.283974,7.30,04/15/2024,00:50:25
746,181,2403,13,0,N,25.713423,-80.283974,7.30,04/15/2024,00:50:25
714,150,2452,11,0,N,25.713423,-80.283974,7.30,04/15/2024,00:50:25
735,120,2422,9,0,N,25.713423,-80.283974,7.20,04/15/2024,00:50:25
748,98,2395,7,0,N,25.713421,-80.283974,7.20,04/15/2024,00:50:25
749,86,2430,6,0,N,25.713421,-80.283974,7.20,04/15/2024,00:50:25
746,82,2410,6,0,N,25.713419,-80.283974,7.20,04/15/2024,00:50:25
757,117,2381,8,0,N,25.713419,-80.283974,7.20,04/15/2024,00:50:25
774,117,2363,8,0,N,25.713417,-80.283974,7.20,04/15/2024,00:50:26
785,147,2381,10,0,N,25.713417,-80.283974,7.10,04/15/2024,00:50:26
769,146,2378,10,0,N,25.713413,-80.283974,7.10,04/15/2024,00:50:26
760,150,2358,11,0,N,25.713413,-80.283974,7.00,04/15/2024,00:50:26
751,152,2388,11,0,N,25.713413,-80.283974,7.00,04/15/2024,00:50:26
757,150,2370,11,0,N,25.713413,-80.283974,7.00,04/15/2024,00:50:26
768,133,2373,9,0,N,25.713411,-80.283974,7.00,04/15/2024,00:50:26
764,93,2385,6,0,N,25.713411,-80.283974,7.00,04/15/2024,00:50:26
764,98,2363,7,0,N,25.713409,-80.283974,7.00,04/15/2024,00:50:26
739,117,2388,8,0,N,25.713409,-80.283974,6.90,04/15/2024,00:50:26
742,126,2418,9,0,N,25.713406,-80.283974,6.90,04/15/2024,00:50:27
748,135,2410,10,0,N,25.713406,-80.283974,7.00,04/15/2024,00:50:27
764,120,2351,8,0,N,25.713406,-80.283974,7.00,04/15/2024,00:50:27
766,129,2403,9,0,N,25.713406,-80.283974,7.00,04/15/2024,00:50:27
757,126,2392,9,0,N,25.713402,-80.283974,7.00,04/15/2024,00:50:27
723,154,2455,12,0,N,25.713402,-80.283974,7.00,04/15/2024,00:50:27
723,156,2467,12,0,N,25.713400,-80.283974,7.00,04/15/2024,00:50:27
696,139,2455,11,0,N,25.713400,-80.283974,7.00,04/15/2024,00:50:27
696,164,2470,13,0,N,25.713400,-80.283974,7.00,04/15/2024,00:50:27
699,172,2459,13,0,N,25.713400,-80.283974,7.00,04/15/2024,00:50:27
696,175,2462,14,0,N,25.713396,-80.283974,7.00,04/15/2024,00:50:28
682,168,2482,13,0,N,25.713396,-80.283974,7.00,04/15/2024,00:50:28
688,159,2482,13,0,N,25.713396,-80.283974,7.00,04/15/2024,00:50:28
684,150,2492,12,0,N,25.713394,-80.283974,7.00,04/15/2024,00:50:28
675,126,2492,10,0,N,25.713394,-80.283974,6.90,04/15/2024,00:50:28
664,133,2492,11,0,N,25.713390,-80.283974,6.90,04/15/2024,00:50:28
675,146,2527,12,0,N,25.713390,-80.283974,7.00,04/15/2024,00:50:28
678,130,2485,10,0,N,25.713390,-80.283974,7.00,04/15/2024,00:50:28
684,130,2485,10,0,N,25.713390,-80.283974,7.00,04/15/2024,00:50:28
700,104,2462,8,0,N,25.713387,-80.283974,7.00,04/15/2024,00:50:29
700,17,2482,1,0,N,25.713387,-80.283974,6.90,04/15/2024,00:50:29
660,-46,2522,-3,15,NNW,25.713385,-80.283974,6.90,04/15/2024,00:50:29
664,-52,2507,-4,15,NNW,25.713385,-80.283974,7.00,04/15/2024,00:50:29
657,-39,2504,-3,15,NNW,25.713383,-80.283974,7.00,04/15/2024,00:50:29
645,-5,2534,0,0,N,25.713383,-80.283974,6.90,04/15/2024,00:50:29
669,17,2507,1,0,N,25.713381,-80.283974,6.90,04/15/2024,00:50:29
680,30,2497,2,0,N,25.713381,-80.283974,6.90,04/15/2024,00:50:29
696,31,2492,2,0,N,25.713381,-80.283974,6.90,04/15/2024,00:50:29
712,61,2477,4,0,N,25.713381,-80.283974,6.90,04/15/2024,00:50:29
712,59,2452,4,0,N,25.713381,-80.283974,6.90,04/15/2024,00:50:29
705,59,2459,4,0,N,25.713377,-80.283974,6.90,04/15/2024,00:50:30
709,63,2477,5,0,N,25.713377,-80.283974,6.90,04/15/2024,00:50:30
687,76,2470,6,0,N,25.713377,-80.283974,6.90,04/15/2024,00:50:30
694,69,2477,5,0,N,25.713377,-80.283974,6.90,04/15/2024,00:50:30
699,82,2477,6,0,N,25.713377,-80.283974,6.90,04/15/2024,00:50:30
675,85,2482,7,0,N,25.713377,-80.283974,6.90,04/15/2024,00:50:30
675,82,2500,6,0,N,25.713377,-80.283974,6.90,04/15/2024,00:50:30
678,69,2492,5,0,N,25.713373,-80.283974,6.90,04/15/2024,00:50:30
675,43,2485,3,0,N,25.713371,-80.283974,6.90,04/15/2024,00:50:31
688,31,2477,2,0,N,25.713371,-80.283974,6.70,04/15/2024,00:50:31
696,47,2448,3,0,N,25.713371,-80.283974,6.70,04/15/2024,00:50:31
721,44,2462,3,0,N,25.713371,-80.283974,6.70,04/15/2024,00:50:31
739,47,2425,3,0,N,25.713371,-80.283974,6.70,04/15/2024,00:50:31
727,21,2433,1,0,N,25.713369,-80.283974,6.70,04/15/2024,00:50:31
699,-30,2459,-2,15,NNW,25.713369,-80.283974,6.60,04/15/2024,00:50:31
705,-13,2477,-1,15,NNW,25.713367,-80.283974,6.60,04/15/2024,00:50:31
712,10,2467,0,0,N,25.713367,-80.283974,6.60,04/15/2024,00:50:31
705,21,2455,1,0,N,25.713366,-80.283974,6.60,04/15/2024,00:50:31
717,34,2459,2,0,N,25.713366,-80.283974,6.60,04/15/2024,00:50:31
709,12,2445,0,0,N,25.713364,-80.283974,6.60,04/15/2024,00:50:31
737,27,2430,2,0,N,25.713364,-80.283974,6.70,04/15/2024,00:50:31
721,34,2433,2,0,N,25.713362,-80.283974,6.70,04/15/2024,00:50:32
705,36,2455,2,0,N,25.713362,-80.283974,6.60,04/15/2024,00:50:32
694,27,2459,2,0,N,25.713362,-80.283974,6.60,04/15/2024,00:50:32
709,40,2459,3,0,N,25.713362,-80.283974,6.60,04/15/2024,00:50:32
694,30,2445,2,0,N,25.713362,-80.283974,6.60,04/15/2024,00:50:32
678,61,2462,5,0,N,25.713362,-80.283974,6.60,04/15/2024,00:50:32
675,61,2497,5,0,N,25.713360,-80.283974,6.60,04/15/2024,00:50:32
662,85,2519,7,0,N,25.713360,-80.283974,6.60,04/15/2024,00:50:32
645,108,2497,9,0,N,25.713360,-80.283974,6.60,04/15/2024,00:50:33
626,141,2574,12,0,N,25.713360,-80.283974,6.60,04/15/2024,00:50:33
615,201,2527,18,0,N,25.713360,-80.283974,6.60,04/15/2024,00:50:33
615,216,2530,19,0,N,25.713360,-80.283974,6.60,04/15/2024,00:50:33
630,216,2492,18,0,N,25.713358,-80.283974,6.60,04/15/2024,00:50:33
626,194,2519,17,0,N,25.713358,-80.283974,6.60,04/15/2024,00:50:33
621,185,2522,16,0,N,25.713358,-80.283974,6.60,04/15/2024,00:50:33
605,163,2527,15,0,N,25.713358,-80.283974,6.60,04/15/2024,00:50:33
614,150,2522,13,0,N,25.713358,-80.283974,6.60,04/15/2024,00:50:33
626,152,2522,13,0,N,25.713358,-80.283974,6.60,04/15/2024,00:50:33
654,164,2500,14,0,N,25.713358,-80.283974,6.60,04/15/2024,00:50:33
670,160,2482,13,0,N,25.713358,-80.283974,6.60,04/15/2024,00:50:33
641,139,2522,12,0,N,25.713358,-80.283974,6.60,04/15/2024,00:50:34
591,122,2559,11,0,N,25.713358,-80.283974,6.60,04/15/2024,00:50:34
593,129,2556,12,0,N,25.713358,-80.283974,6.60,04/15/2024,00:50:34
581,117,2579,11,0,N,25.713358,-80.283974,6.70,04/15/2024,00:50:34
557,82,2604,8,0,N,25.713358,-80.283974,6.70,04/15/2024,00:50:34
561,61,2594,6,0,N,25.713358,-80.283974,6.70,04/15/2024,00:50:34
563,65,2567,6,0,N,25.713358,-80.283966,6.70,04/15/2024,00:50:34
572,56,2594,5,0,N,25.713358,-80.283966,6.70,04/15/2024,00:50:34
564,44,2608,4,0,N,25.713358,-80.283966,6.70,04/15/2024,00:50:35
587,55,2567,5,0,N,25.713358,-80.283966,6.80,04/15/2024,00:50:35
589,73,2579,7,0,N,25.713358,-80.283966,6.80,04/15/2024,00:50:35
502,172,2638,18,0,N,25.713358,-80.283966,6.80,04/15/2024,00:50:35
412,223,2693,28,1,NNE,25.713358,-80.283966,6.80,04/15/2024,00:50:35
369,295,2716,38,1,NNE,25.713358,-80.283966,6.80,04/15/2024,00:50:35
479,260,2661,28,1,NNE,25.713358,-80.283966,6.80,04/15/2024,00:50:35
527,211,2619,21,0,N,25.713358,-80.283966,6.80,04/15/2024,00:50:35
554,192,2597,19,0,N,25.713358,-80.283966,6.80,04/15/2024,00:50:35
614,185,2571,16,0,N,25.713358,-80.283966,6.80,04/15/2024,00:50:36
644,166,2519,14,0,N,25.713358,-80.283966,6.80,04/15/2024,00:50:36
641,150,2534,13,0,N,25.713358,-80.283966,6.80,04/15/2024,00:50:36
657,163,2512,13,0,N,25.713358,-80.283966,6.80,04/15/2024,00:50:36
675,175,2497,14,0,N,25.713358,-80.283966,6.80,04/15/2024,00:50:36
682,164,2492,13,0,N,25.713358,-80.283966,6.80,04/15/2024,00:50:36
684,152,2470,12,0,N,25.713358,-80.283966,6.80,04/15/2024,00:50:36
700,120,2467,9,0,N,25.713358,-80.283966,6.90,04/15/2024,00:50:36
709,117,2452,9,0,N,25.713358,-80.283966,6.90,04/15/2024,00:50:36
696,99,2477,8,0,N,25.713358,-80.283966,6.90,04/15/2024,00:50:36
696,95,2467,7,0,N,25.713358,-80.283966,6.90,04/15/2024,00:50:36
712,91,2455,7,0,N,25.713358,-80.283966,6.90,04/15/2024,00:50:36
700,80,2448,6,0,N,25.713358,-80.283966,6.90,04/15/2024,00:50:37
712,98,2462,7,0,N,25.713358,-80.283966,7.10,04/15/2024,00:50:37
712,93,2437,7,0,N,25.713358,-80.283966,7.10,04/15/2024,00:50:37
725,73,2440,5,0,N,25.713358,-80.283966,7.10,04/15/2024,00:50:37
699,102,2440,8,0,N,25.713358,-80.283966,7.10,04/15/2024,00:50:37
699,108,2462,8,0,N,25.713358,-80.283966,7.00,04/15/2024,00:50:37
687,113,2455,9,0,N,25.713360,-80.283966,7.00,04/15/2024,00:50:37
696,130,2455,10,0,N,25.713360,-80.283966,6.90,04/15/2024,00:50:37
709,147,2452,11,0,N,25.713360,-80.283966,6.90,04/15/2024,00:50:37
717,143,2440,11,0,N,25.713360,-80.283966,6.90,04/15/2024,00:50:37
718,164,2440,12,0,N,25.713360,-80.283966,6.90,04/15/2024,00:50:38
735,185,2407,14,0,N,25.713360,-80.283966,6.80,04/15/2024,00:50:38
731,215,2418,16,0,N,25.713358,-80.283966,6.80,04/15/2024,00:50:38
743,240,2388,17,0,N,25.713358,-80.283966,6.90,04/15/2024,00:50:38
749,274,2378,20,0,N,25.713360,-80.283966,6.90,04/15/2024,00:50:38
743,274,2358,20,0,N,25.713360,-80.283966,6.90,04/15/2024,00:50:38
746,294,2358,21,0,N,25.713360,-80.283966,6.90,04/15/2024,00:50:38
742,285,2366,21,0,N,25.713360,-80.283966,6.90,04/15/2024,00:50:38
753,289,2351,20,0,N,25.713358,-80.283966,6.90,04/15/2024,00:50:39
749,289,2370,21,0,N,25.713358,-80.283966,6.90,04/15/2024,00:50:39
757,291,2351,21,0,N,25.713358,-80.283966,6.90,04/15/2024,00:50:39
743,281,2388,20,0,N,25.713358,-80.283966,6.90,04/15/2024,00:50:39
749,278,2366,20,0,N,25.713358,-80.283966,6.90,04/15/2024,00:50:39
735,276,2373,20,0,N,25.713358,-80.283966,6.90,04/15/2024,00:50:39
739,272,2370,20,0,N,25.713358,-80.283966,6.90,04/15/2024,00:50:39
735,258,2378,19,0,N,25.713358,-80.283966,6.90,04/15/2024,00:50:39
751,253,2363,18,0,N,25.713358,-80.283966,6.90,04/15/2024,00:50:39
768,272,2373,19,0,N,25.713358,-80.283966,7.00,04/15/2024,00:50:39
780,276,2328,19,0,N,25.713358,-80.283966,7.00,04/15/2024,00:50:40
798,236,2296,16,0,N,25.713358,-80.283966,7.00,04/15/2024,00:50:40
794,202,2291,14,0,N,25.713358,-80.283966,7.00,04/15/2024,00:50:40
782,201,2313,14,0,N,25.713358,-80.283966,7.00,04/15/2024,00:50:40
780,196,2348,14,0,N,25.713358,-80.283966,7.00,04/15/2024,00:50:40
778,190,2355,13,0,N,25.713358,-80.283966,7.00,04/15/2024,00:50:40
769,192,2348,14,0,N,25.713358,-80.283966,7.00,04/15/2024,00:50:40
769,207,2366,15,0,N,25.713358,-80.283966,7.10,04/15/2024,00:50:40
787,205,2333,14,0,N,25.713358,-80.283966,7.10,04/15/2024,00:50:40
792,215,2313,15,0,N,25.713358,-80.283966,7.10,04/15/2024,00:50:40
803,194,2306,13,0,N,25.713358,-80.283966,7.10,04/15/2024,00:50:41
785,171,2340,12,0,N,25.713358,-80.283966,7.20,04/15/2024,00:50:41
761,116,2392,8,0,N,25.713358,-80.283966,7.20,04/15/2024,00:50:41
760,109,2373,8,0,N,25.713360,-80.283966,7.20,04/15/2024,00:50:41
753,106,2378,8,0,N,25.713360,-80.283966,7.20,04/15/2024,00:50:41
780,126,2351,9,0,N,25.713360,-80.283966,7.10,04/15/2024,00:50:41
796,139,2343,9,0,N,25.713360,-80.283966,7.10,04/15/2024,00:50:41
787,150,2351,10,0,N,25.713360,-80.283966,7.00,04/15/2024,00:50:41
780,172,2343,12,0,N,25.713360,-80.283966,7.00,04/15/2024,00:50:41
785,202,2351,14,0,N,25.713360,-80.283966,7.00,04/15/2024,00:50:41
768,215,2366,15,0,N,25.713360,-80.283966,7.00,04/15/2024,00:50:41
772,226,2363,16,0,N,25.713360,-80.283966,6.90,04/15/2024,00:50:41
764,232,2363,16,0,N,25.713360,-80.283966,6.90,04/15/2024,00:50:42
772,207,2355,15,0,N,25.713360,-80.283966,6.90,04/15/2024,00:50:42
790,211,2343,14,0,N,25.713360,-80.283966,6.90,04/15/2024,00:50:42
803,179,2336,12,0,N,25.713360,-80.283966,6.90,04/15/2024,00:50:42
796,171,2340,12,0,N,25.713360,-80.283966,6.90,04/15/2024,00:50:42
792,141,2348,10,0,N,25.713360,-80.283966,6.90,04/15/2024,00:50:42
778,126,2366,9,0,N,25.713362,-80.283966,6.90,04/15/2024,00:50:42
798,113,2351,8,0,N,25.713362,-80.283966,6.90,04/15/2024,00:50:42
774,111,2373,8,0,N,25.713360,-80.283966,6.90,04/15/2024,00:50:42
808,122,2325,8,0,N,25.713360,-80.283966,6.80,04/15/2024,00:50:42
806,116,2333,8,0,N,25.713360,-80.283966,6.80,04/15/2024,00:50:43
798,129,2318,9,0,N,25.713360,-80.283966,6.90,04/15/2024,00:50:43
790,137,2336,9,0,N,25.713360,-80.283966,6.90,04/15/2024,00:50:43
760,172,2400,12,0,N,25.713360,-80.283966,6.90,04/15/2024,00:50:43
730,192,2433,14,0,N,25.713360,-80.283966,6.90,04/15/2024,00:50:43
749,184,2395,13,0,N,25.713360,-80.283966,6.90,04/15/2024,00:50:43
751,194,2385,14,0,N,25.713360,-80.283966,6.90,04/15/2024,00:50:43
761,172,2363,12,0,N,25.713360,-80.283966,6.90,04/15/2024,00:50:43
760,164,2415,12,0,N,25.713360,-80.283966,6.90,04/15/2024,00:50:43
727,143,2422,11,0,N,25.713360,-80.283966,6.90,04/15/2024,00:50:43
749,143,2448,10,0,N,25.713360,-80.283966,6.90,04/15/2024,00:50:44
727,163,2425,12,0,N,25.713360,-80.283966,6.90,04/15/2024,00:50:44
746,171,2415,12,0,N,25.713360,-80.283966,6.90,04/15/2024,00:50:44
748,184,2381,13,0,N,25.713360,-80.283966,6.90,04/15/2024,00:50:44
749,185,2385,13,0,N,25.713362,-80.283966,6.90,04/15/2024,00:50:44
735,196,2418,14,0,N,25.713362,-80.283966,7.00,04/15/2024,00:50:44
714,194,2459,15,0,N,25.713360,-80.283966,7.00,04/15/2024,00:50:44
721,207,2440,16,0,N,25.713360,-80.283966,7.00,04/15/2024,00:50:44
699,205,2467,16,0,N,25.713360,-80.283966,7.00,04/15/2024,00:50:44
714,215,2440,16,0,N,25.713360,-80.283966,7.00,04/15/2024,00:50:44
733,217,2422,16,0,N,25.713360,-80.283966,7.00,04/15/2024,00:50:45
735,209,2433,15,0,N,25.713360,-80.283966,7.00,04/15/2024,00:50:45
737,181,2437,13,0,N,25.713360,-80.283966,7.00,04/15/2024,00:50:45
742,156,2440,11,0,N,25.713360,-80.283966,7.00,04/15/2024,00:50:45
714,152,2433,12,0,N,25.713360,-80.283966,7.00,04/15/2024,00:50:45
757,181,2415,13,0,N,25.713360,-80.283966,7.00,04/15/2024,00:50:45
737,166,2425,12,0,N,25.713360,-80.283966,7.00,04/15/2024,00:50:45
730,217,2418,16,0,N,25.713360,-80.283966,7.00,04/15/2024,00:50:45
707,221,2470,17,0,N,25.713362,-80.283966,7.00,04/15/2024,00:50:46
693,219,2448,17,0,N,25.713362,-80.283966,7.00,04/15/2024,00:50:46
725,217,2433,16,0,N,25.713362,-80.283966,7.00,04/15/2024,00:50:46
707,239,2452,18,0,N,25.713362,-80.283966,7.00,04/15/2024,00:50:46
705,236,2467,18,0,N,25.713362,-80.283966,7.00,04/15/2024,00:50:46
705,215,2467,16,0,N,25.713362,-80.283966,7.00,04/15/2024,00:50:46
725,201,2445,15,0,N,25.713362,-80.283966,7.00,04/15/2024,00:50:46
730,185,2452,14,0,N,25.713362,-80.283966,7.00,04/15/2024,00:50:46
737,166,2422,12,0,N,25.713364,-80.283974,7.00,04/15/2024,00:50:46
709,177,2462,14,0,N,25.713364,-80.283974,7.10,04/15/2024,00:50:46
755,201,2418,14,0,N,25.713366,-80.283974,7.10,04/15/2024,00:50:47
753,202,2407,15,0,N,25.713366,-80.283974,7.10,04/15/2024,00:50:47
755,232,2403,17,0,N,25.713366,-80.283974,7.10,04/15/2024,00:50:47
723,219,2425,16,0,N,25.713366,-80.283974,7.10,04/15/2024,00:50:47
751,209,2403,15,0,N,25.713366,-80.283974,7.10,04/15/2024,00:50:47
746,217,2403,16,0,N,25.713366,-80.283974,7.10,04/15/2024,00:50:47
764,215,2392,15,0,N,25.713369,-80.283974,7.10,04/15/2024,00:50:47
761,219,2378,16,0,N,25.713371,-80.283974,7.10,04/15/2024,00:50:47
774,202,2381,14,0,N,25.713371,-80.283974,7.20,04/15/2024,00:50:47
798,185,2325,13,0,N,25.713371,-80.283974,7.20,04/15/2024,00:50:47
787,205,2355,14,0,N,25.713371,-80.283974,7.20,04/15/2024,00:50:47
774,194,2355,14,0,N,25.713371,-80.283974,7.20,04/15/2024,00:50:48
808,209,2325,14,0,N,25.713371,-80.283974,7.10,04/15/2024,00:50:48
790,223,2333,15,0,N,25.713373,-80.283974,7.10,04/15/2024,00:50:48
768,262,2348,18,0,N,25.713373,-80.283974,7.10,04/15/2024,00:50:48
790,251,2351,17,0,N,25.713373,-80.283974,7.10,04/15/2024,00:50:48
753,227,2392,16,0,N,25.713373,-80.283974,7.00,04/15/2024,00:50:48
782,227,2348,16,0,N,25.713377,-80.283974,7.00,04/15/2024,00:50:48
786,226,2336,16,0,N,25.713377,-80.283974,7.20,04/15/2024,00:50:48
776,216,2363,15,0,N,25.713377,-80.283974,7.20,04/15/2024,00:50:48
760,211,2385,15,0,N,25.713377,-80.283974,7.20,04/15/2024,00:50:48
790,188,2355,13,0,N,25.713379,-80.283974,7.20,04/15/2024,00:50:49
743,168,2415,12,0,N,25.713379,-80.283974,7.20,04/15/2024,00:50:49
769,160,2378,11,0,N,25.713379,-80.283974,7.20,04/15/2024,00:50:49
798,192,2328,13,0,N,25.713379,-80.283974,7.00,04/15/2024,00:50:49
798,205,2340,14,0,N,25.713381,-80.283974,7.00,04/15/2024,00:50:49
780,215,2370,15,0,N,25.713383,-80.283974,7.00,04/15/2024,00:50:49
748,223,2403,16,0,N,25.713383,-80.283974,6.80,04/15/2024,00:50:49
748,219,2448,16,0,N,25.713383,-80.283974,6.80,04/15/2024,00:50:49
766,209,2400,15,0,N,25.713383,-80.283974,6.80,04/15/2024,00:50:49
769,205,2366,14,0,N,25.713385,-80.283974,6.80,04/15/2024,00:50:50
757,194,2395,14,0,N,25.713385,-80.283974,6.80,04/15/2024,00:50:50
768,184,2392,13,0,N,25.713387,-80.283974,6.80,04/15/2024,00:50:50
785,171,2348,12,0,N,25.713387,-80.283974,6.90,04/15/2024,00:50:50
760,172,2388,12,0,N,25.713387,-80.283974,6.90,04/15/2024,00:50:50
786,181,2358,12,0,N,25.713387,-80.283974,6.90,04/15/2024,00:50:50
787,194,2333,13,0,N,25.713388,-80.283974,6.90,04/15/2024,00:50:50
796,196,2351,13,0,N,25.713388,-80.283974,6.80,04/15/2024,00:50:50
786,216,2355,15,0,N,25.713390,-80.283974,6.80,04/15/2024,00:50:50
768,207,2381,15,0,N,25.713390,-80.283974,6.80,04/15/2024,00:50:50
764,205,2392,15,0,N,25.713390,-80.283974,6.60,04/15/2024,00:50:50
800,190,2343,13,0,N,25.713390,-80.283974,6.60,04/15/2024,00:50:50
812,179,2310,12,0,N,25.713394,-80.283974,6.60,04/15/2024,00:50:51
804,156,2321,10,0,N,25.713396,-80.283974,6.60,04/15/2024,00:50:51
790,179,2348,12,0,N,25.713396,-80.283974,6.80,04/15/2024,00:50:51
787,172,2355,12,0,N,25.713398,-80.283974,6.80,04/15/2024,00:50:51
785,172,2363,12,0,N,25.713398,-80.283974,6.90,04/15/2024,00:50:51
785,164,2381,11,0,N,25.713398,-80.283974,6.90,04/15/2024,00:50:51
798,177,2348,12,0,N,25.713398,-80.283974,6.90,04/15/2024,00:50:51
794,171,2351,12,0,N,25.713400,-80.283974,6.90,04/15/2024,00:50:51
768,179,2381,13,0,N,25.713400,-80.283974,7.10,04/15/2024,00:50:51
776,185,2370,13,0,N,25.713400,-80.283974,7.10,04/15/2024,00:50:51
748,184,2418,13,0,N,25.713400,-80.283974,7.10,04/15/2024,00:50:51
774,192,2395,13,0,N,25.713404,-80.283974,7.10,04/15/2024,00:50:52
772,147,2373,10,0,N,25.713404,-80.283974,7.30,04/15/2024,00:50:52
751,95,2407,7,0,N,25.713406,-80.283974,7.30,04/15/2024,00:50:52
731,69,2445,5,0,N,25.713406,-80.283974,7.30,04/15/2024,00:50:52
774,51,2395,3,0,N,25.713406,-80.283974,7.30,04/15/2024,00:50:52
746,53,2425,4,0,N,25.713406,-80.283974,7.30,04/15/2024,00:50:52
739,61,2425,4,0,N,25.713408,-80.283974,7.30,04/15/2024,00:50:52
743,93,2415,7,0,N,25.713408,-80.283974,7.40,04/15/2024,00:50:52
742,102,2418,7,0,N,25.713409,-80.283974,7.40,04/15/2024,00:50:52
733,120,2418,9,0,N,25.713409,-80.283974,7.40,04/15/2024,00:50:53
727,146,2437,11,0,N,25.713409,-80.283974,7.30,04/15/2024,00:50:53
743,133,2410,10,0,N,25.713411,-80.283974,7.30,04/15/2024,00:50:53
723,126,2430,9,0,N,25.713411,-80.283974,7.30,04/15/2024,00:50:53
721,130,2430,10,0,N,25.713411,-80.283974,7.30,04/15/2024,00:50:53
721,124,2433,9,0,N,25.713411,-80.283974,7.30,04/15/2024,00:50:53
693,111,2459,9,0,N,25.713413,-80.283974,7.30,04/15/2024,00:50:53
730,80,2410,6,0,N,25.713415,-80.283974,7.30,04/15/2024,00:50:53
700,55,2448,4,0,N,25.713415,-80.283974,7.40,04/15/2024,00:50:53
721,38,2415,3,0,N,25.713415,-80.283974,7.40,04/15/2024,00:50:53
743,55,2378,4,0,N,25.713415,-80.283974,7.30,04/15/2024,00:50:53
735,51,2370,3,0,N,25.713417,-80.283974,7.30,04/15/2024,00:50:54
721,98,2425,7,0,N,25.713419,-80.283974,7.30,04/15/2024,00:50:54
757,102,2378,7,0,N,25.713419,-80.283974,7.00,04/15/2024,00:50:54
730,139,2385,10,0,N,25.713419,-80.283974,7.00,04/15/2024,00:50:54
746,154,2363,11,0,N,25.713419,-80.283974,7.00,04/15/2024,00:50:54
769,194,2351,14,0,N,25.713419,-80.283974,6.90,04/15/2024,00:50:54
761,184,2336,13,0,N,25.713421,-80.283974,6.90,04/15/2024,00:50:54
769,188,2340,13,0,N,25.713421,-80.283974,6.90,04/15/2024,00:50:54
792,179,2296,12,0,N,25.713423,-80.283974,6.90,04/15/2024,00:50:54
739,163,2381,12,0,N,25.713423,-80.283974,6.90,04/15/2024,00:50:55
787,192,2310,13,0,N,25.713427,-80.283974,6.90,04/15/2024,00:50:55
776,198,2310,14,0,N,25.713427,-80.283974,7.00,04/15/2024,00:50:55
742,221,2351,16,0,N,25.713427,-80.283974,7.00,04/15/2024,00:50:55
735,215,2407,16,0,N,25.713427,-80.283974,7.00,04/15/2024,00:50:55
735,217,2363,16,0,N,25.713427,-80.283974,7.00,04/15/2024,00:50:55
717,230,2388,17,0,N,25.713428,-80.283974,7.00,04/15/2024,00:50:55
749,234,2363,17,0,N,25.713428,-80.283974,7.20,04/15/2024,00:50:55
748,205,2355,15,0,N,25.713428,-80.283974,7.20,04/15/2024,00:50:55
761,194,2373,14,0,N,25.713428,-80.283974,7.20,04/15/2024,00:50:55
742,164,2395,12,0,N,25.713430,-80.283974,7.20,04/15/2024,00:50:55
753,150,2381,11,0,N,25.713430,-80.283974,7.20,04/15/2024,00:50:55
717,129,2400,10,0,N,25.713434,-80.283974,7.20,04/15/2024,00:50:56
760,117,2381,8,0,N,25.713434,-80.283974,7.20,04/15/2024,00:50:56
749,126,2378,9,0,N,25.713434,-80.283974,6.90,04/15/2024,00:50:56
742,135,2366,10,0,N,25.713434,-80.283974,6.90,04/15/2024,00:50:56
755,133,2348,9,0,N,25.713434,-80.283974,6.90,04/15/2024,00:50:56
735,141,2392,10,0,N,25.713436,-80.283974,6.90,04/15/2024,00:50:56
735,156,2392,11,0,N,25.713436,-80.283974,6.90,04/15/2024,00:50:56
755,179,2381,13,0,N,25.713436,-80.283974,6.90,04/15/2024,00:50:56
769,168,2351,12,0,N,25.713438,-80.283974,6.90,04/15/2024,00:50:57
766,168,2355,12,0,N,25.713438,-80.283974,6.90,04/15/2024,00:50:57
753,146,2373,10,0,N,25.713440,-80.283974,6.90,04/15/2024,00:50:57
782,137,2363,9,0,N,25.713440,-80.283974,7.00,04/15/2024,00:50:57
746,124,2373,9,0,N,25.713442,-80.283974,7.00,04/15/2024,00:50:57
768,126,2336,9,0,N,25.713442,-80.283974,7.00,04/15/2024,00:50:57
757,166,2343,12,0,N,25.713442,-80.283974,7.00,04/15/2024,00:50:57
751,192,2370,14,0,N,25.713442,-80.283974,7.00,04/15/2024,00:50:57
737,207,2407,15,0,N,25.713446,-80.283974,7.00,04/15/2024,00:50:57
751,202,2392,15,0,N,25.713446,-80.283974,7.10,04/15/2024,00:50:57
739,202,2385,15,0,N,25.713448,-80.283974,7.10,04/15/2024,00:50:58
782,198,2355,14,0,N,25.713448,-80.283974,7.00,04/15/2024,00:50:58
766,188,2343,13,0,N,25.713448,-80.283974,7.00,04/15/2024,00:50:58
774,188,2348,13,0,N,25.713448,-80.283974,7.00,04/15/2024,00:50:58
776,163,2348,11,0,N,25.713449,-80.283974,7.00,04/15/2024,00:50:58
787,159,2336,11,0,N,25.713453,-80.283974,7.00,04/15/2024,00:50:58
782,160,2343,11,0,N,25.713453,-80.283974,6.70,04/15/2024,00:50:58
772,171,2363,12,0,N,25.713455,-80.283974,6.70,04/15/2024,00:50:58
782,205,2340,14,0,N,25.713455,-80.283974,6.70,04/15/2024,00:50:58
804,211,2291,14,0,N,25.713455,-80.283974,6.70,04/15/2024,00:50:58
753,230,2395,16,0,N,25.713457,-80.283974,6.70,04/15/2024,00:50:59
761,214,2348,15,0,N,25.713457,-80.283974,6.60,04/15/2024,00:50:59
780,192,2340,13,0,N,25.713459,-80.283974,6.60,04/15/2024,00:50:59
787,184,2355,13,0,N,25.713459,-80.283974,6.70,04/15/2024,00:50:59
761,166,2378,12,0,N,25.713461,-80.283974,6.70,04/15/2024,00:50:59
787,179,2336,12,0,N,25.713465,-80.283974,6.70,04/15/2024,00:50:59
785,168,2351,12,0,N,25.713465,-80.283974,6.50,04/15/2024,00:50:59
772,205,2333,14,0,N,25.713465,-80.283974,6.50,04/15/2024,00:50:59
785,202,2363,14,0,N,25.713465,-80.283974,6.50,04/15/2024,00:50:59
766,205,2378,14,0,N,25.713467,-80.283974,6.50,04/15/2024,00:51:00
774,201,2333,14,0,N,25.713467,-80.283974,6.30,04/15/2024,00:51:00
739,221,2407,16,0,N,25.713467,-80.283974,6.30,04/15/2024,00:51:00
772,217,2336,15,0,N,25.713467,-80.283974,6.20,04/15/2024,00:51:00
769,205,2355,14,0,N,25.713469,-80.283974,6.20,04/15/2024,00:51:00
787,198,2366,14,0,N,25.713470,-80.283974,6.20,04/15/2024,00:51:00
760,196,2370,14,0,N,25.713470,-80.283974,6.20,04/15/2024,00:51:00
769,181,2363,13,0,N,25.713470,-80.283974,5.70,04/15/2024,00:51:00
776,181,2355,13,0,N,25.713470,-80.283974,5.70,04/15/2024,00:51:00
787,207,2333,14,0,N,25.713470,-80.283974,5.70,04/15/2024,00:51:00
778,215,2351,15,0,N,25.713474,-80.283974,5.70,04/15/2024,00:51:01
776,245,2343,17,0,N,25.713474,-80.283974,5.60,04/15/2024,00:51:01
778,247,2343,17,0,N,25.713474,-80.283974,5.60,04/15/2024,00:51:01
760,260,2392,18,0,N,25.713474,-80.283974,5.60,04/15/2024,00:51:01
742,260,2400,19,0,N,25.713476,-80.283974,5.60,04/15/2024,00:51:01
778,264,2336,18,0,N,25.713476,-80.283974,5.50,04/15/2024,00:51:01
772,249,2343,17,0,N,25.713478,-80.283974,5.50,04/15/2024,00:51:01
764,232,2351,16,0,N,25.713478,-80.283974,5.40,04/15/2024,00:51:01
768,217,2351,15,0,N,25.713480,-80.283974,5.40,04/15/2024,00:51:02
761,196,2373,14,0,N,25.713480,-80.283974,5.40,04/15/2024,00:51:02
760,201,2388,14,0,N,25.713480,-80.283974,5.40,04/15/2024,00:51:02
761,190,2370,14,0,N,25.713480,-80.283974,5.40,04/15/2024,00:51:02
753,196,2381,14,0,N,25.713484,-80.283974,5.40,04/15/2024,00:51:02
749,211,2388,15,0,N,25.713484,-80.283974,5.20,04/15/2024,00:51:02
748,227,2378,16,0,N,25.713486,-80.283974,5.20,04/15/2024,00:51:02
723,245,2437,18,0,N,25.713486,-80.283974,5.20,04/15/2024,00:51:02
746,253,2395,18,0,N,25.713488,-80.283974,5.20,04/15/2024,00:51:02
757,236,2363,17,0,N,25.713488,-80.283974,5.20,04/15/2024,00:51:02
769,234,2381,16,0,N,25.713490,-80.283974,5.20,04/15/2024,00:51:03
753,216,2378,16,0,N,25.713490,-80.283974,5.30,04/15/2024,00:51:03
780,196,2351,14,0,N,25.713490,-80.283974,5.30,04/15/2024,00:51:03
749,188,2373,14,0,N,25.713490,-80.283974,5.30,04/15/2024,00:51:03
776,202,2333,14,0,N,25.713495,-80.283974,5.30,04/15/2024,00:51:03
785,201,2321,14,0,N,25.713495,-80.283974,5.60,04/15/2024,00:51:03
787,217,2310,15,0,N,25.713497,-80.283974,5.60,04/15/2024,00:51:03
757,227,2363,16,0,N,25.713497,-80.283974,5.50,04/15/2024,00:51:03
743,219,2381,16,0,N,25.713497,-80.283974,5.50,04/15/2024,00:51:03
749,216,2381,16,0,N,25.713497,-80.283974,5.50,04/15/2024,00:51:03
774,221,2348,15,0,N,25.713499,-80.283974,5.50,04/15/2024,00:51:03
769,223,2358,16,0,N,25.713499,-80.283974,5.50,04/15/2024,00:51:03
755,217,2381,16,0,N,25.713501,-80.283974,5.50,04/15/2024,00:51:04
794,184,2313,13,0,N,25.713503,-80.283974,5.50,04/15/2024,00:51:04
766,141,2381,10,0,N,25.713503,-80.283974,5.50,04/15/2024,00:51:04
790,164,2348,11,0,N,25.713503,-80.283974,5.50,04/15/2024,00:51:04
774,185,2340,13,0,N,25.713503,-80.283974,5.50,04/15/2024,00:51:04
766,230,2358,16,0,N,25.713505,-80.283974,5.50,04/15/2024,00:51:04
774,239,2328,17,0,N,25.713507,-80.283974,5.50,04/15/2024,00:51:04
730,251,2392,18,0,N,25.713507,-80.283974,5.60,04/15/2024,00:51:04
751,258,2373,18,0,N,25.713509,-80.283974,5.60,04/15/2024,00:51:05
785,247,2313,17,0,N,25.713509,-80.283974,5.50,04/15/2024,00:51:05
753,240,2355,17,0,N,25.713512,-80.283974,5.50,04/15/2024,00:51:05
800,223,2299,15,0,N,25.713512,-80.283974,5.50,04/15/2024,00:51:05
760,179,2378,13,0,N,25.713512,-80.283974,5.50,04/15/2024,00:51:05
757,184,2381,13,0,N,25.713512,-80.283974,5.50,04/15/2024,00:51:05
769,192,2366,14,0,N,25.713514,-80.283974,5.50,04/15/2024,00:51:05
768,221,2370,16,0,N,25.713516,-80.283974,5.50,04/15/2024,00:51:05
757,232,2366,17,0,N,25.713516,-80.283974,5.40,04/15/2024,00:51:05
764,232,2363,16,0,N,25.713518,-80.283974,5.40,04/15/2024,00:51:06
768,217,2355,15,0,N,25.713518,-80.283974,5.20,04/15/2024,00:51:06
778,230,2333,16,0,N,25.713522,-80.283974,5.20,04/15/2024,00:51:06
769,211,2358,15,0,N,25.713522,-80.283974,5.30,04/15/2024,00:51:06
757,202,2370,14,0,N,25.713522,-80.283974,5.30,04/15/2024,00:51:06
778,205,2348,14,0,N,25.713522,-80.283974,5.30,04/15/2024,00:51:06
749,196,2385,14,0,N,25.713526,-80.283974,5.30,04/15/2024,00:51:06
748,192,2388,14,0,N,25.713526,-80.283974,5.40,04/15/2024,00:51:06
749,196,2400,14,0,N,25.713526,-80.283974,5.40,04/15/2024,00:51:06
742,209,2400,15,0,N,25.713526,-80.283974,5.40,04/15/2024,00:51:06
723,214,2410,16,0,N,25.713528,-80.283974,5.40,04/15/2024,00:51:07
743,209,2388,15,0,N,25.713528,-80.283974,5.40,04/15/2024,00:51:07
761,214,2363,15,0,N,25.713531,-80.283974,5.40,04/15/2024,00:51:07
755,215,2378,15,0,N,25.713533,-80.283974,5.40,04/15/2024,00:51:07
733,226,2381,17,0,N,25.713533,-80.283974,5.40,04/15/2024,00:51:07
766,216,2351,15,0,N,25.713533,-80.283974,5.40,04/15/2024,00:51:07
733,190,2418,14,0,N,25.713533,-80.283974,5.40,04/15/2024,00:51:07
737,171,2403,13,0,N,25.713533,-80.283974,5.40,04/15/2024,00:51:07
774,219,2351,15,0,N,25.713539,-80.283974,5.40,04/15/2024,00:51:08
776,253,2351,18,0,N,25.713539,-80.283974,5.50,04/15/2024,00:51:08
760,260,2363,18,0,N,25.713539,-80.283974,5.50,04/15/2024,00:51:08
760,262,2363,19,0,N,25.713539,-80.283974,5.50,04/15/2024,00:51:08
769,282,2343,20,0,N,25.713543,-80.283974,5.50,04/15/2024,00:51:08
782,276,2321,19,0,N,25.713543,-80.283974,5.40,04/15/2024,00:51:08
774,287,2328,20,0,N,25.713543,-80.283974,5.40,04/15/2024,00:51:08
766,274,2340,19,0,N,25.713543,-80.283974,5.40,04/15/2024,00:51:08
769,247,2351,17,0,N,25.713543,-80.283974,5.40,04/15/2024,00:51:08
776,209,2348,15,0,N,25.713543,-80.283974,5.40,04/15/2024,00:51:08
786,196,2355,14,0,N,25.713547,-80.283974,5.40,04/15/2024,00:51:09
786,190,2310,13,0,N,25.713547,-80.283974,5.30,04/15/2024,00:51:09
774,188,2333,13,0,N,25.713551,-80.283974,5.30,04/15/2024,00:51:09
778,190,2366,13,0,N,25.713551,-80.283974,5.40,04/15/2024,00:51:09
737,219,2385,16,0,N,25.713551,-80.283974,5.40,04/15/2024,00:51:09
746,243,2378,18,0,N,25.713551,-80.283974,5.40,04/15/2024,00:51:09
725,240,2410,18,0,N,25.713552,-80.283974,5.40,04/15/2024,00:51:09
743,269,2381,19,0,N,25.713554,-80.283974,5.40,04/15/2024,00:51:09
739,262,2381,19,0,N,25.713556,-80.283974,5.40,04/15/2024,00:51:09
748,226,2381,16,0,N,25.713556,-80.283974,5.30,04/15/2024,00:51:09
751,209,2388,15,0,N,25.713558,-80.283974,5.30,04/15/2024,00:51:10
753,177,2381,13,0,N,25.713558,-80.283974,5.40,04/15/2024,00:51:10
748,164,2388,12,0,N,25.713558,-80.283974,5.40,04/15/2024,00:51:10
743,164,2422,12,0,N,25.713558,-80.283974,5.40,04/15/2024,00:51:10
766,177,2415,13,0,N,25.713560,-80.283974,5.40,04/15/2024,00:51:10
739,211,2395,15,0,N,25.713560,-80.283974,5.40,04/15/2024,00:51:10
739,221,2395,16,0,N,25.713560,-80.283974,5.40,04/15/2024,00:51:10
769,230,2351,16,0,N,25.713560,-80.283974,5.50,04/15/2024,00:51:10
792,232,2333,16,0,N,25.713564,-80.283974,5.50,04/15/2024,00:51:10
760,256,2392,18,0,N,25.713564,-80.283974,5.30,04/15/2024,00:51:10
749,234,2385,17,0,N,25.713566,-80.283974,5.30,04/15/2024,00:51:11
742,230,2388,17,0,N,25.713566,-80.283974,5.20,04/15/2024,00:51:11
748,184,2363,13,0,N,25.713566,-80.283974,5.20,04/15/2024,00:51:11
768,168,2358,12,0,N,25.713566,-80.283974,5.20,04/15/2024,00:51:11
780,179,2355,12,0,N,25.713568,-80.283974,5.20,04/15/2024,00:51:11
780,194,2355,13,0,N,25.713568,-80.283974,5.10,04/15/2024,00:51:11
761,214,2373,15,0,N,25.713570,-80.283974,5.10,04/15/2024,00:51:11
727,209,2392,16,0,N,25.713570,-80.283974,5.10,04/15/2024,00:51:11
731,215,2418,16,0,N,25.713573,-80.283974,5.10,04/15/2024,00:51:11
733,196,2418,14,0,N,25.713573,-80.283974,5.10,04/15/2024,00:51:11
727,194,2422,14,0,N,25.713575,-80.283974,5.10,04/15/2024,00:51:12
725,166,2433,12,0,N,25.713575,-80.283974,5.10,04/15/2024,00:51:12
712,179,2448,14,0,N,25.713575,-80.283974,5.10,04/15/2024,00:51:12
764,147,2385,10,0,N,25.713575,-80.283974,5.10,04/15/2024,00:51:12
727,152,2433,11,0,N,25.713579,-80.283974,5.10,04/15/2024,00:51:12
737,150,2395,11,0,N,25.713579,-80.283974,4.90,04/15/2024,00:51:12
755,184,2378,13,0,N,25.713579,-80.283974,4.90,04/15/2024,00:51:12
743,207,2381,15,0,N,25.713579,-80.283974,4.90,04/15/2024,00:51:12
737,217,2410,16,0,N,25.713583,-80.283974,4.90,04/15/2024,00:51:12
751,223,2395,16,0,N,25.713583,-80.283974,4.90,04/15/2024,00:51:12
753,214,2363,15,0,N,25.713585,-80.283974,4.90,04/15/2024,00:51:13
753,219,2385,16,0,N,25.713585,-80.283974,4.80,04/15/2024,00:51:13
746,227,2381,16,0,N,25.713589,-80.283974,4.80,04/15/2024,00:51:13
746,230,2358,17,0,N,25.713589,-80.283974,4.80,04/15/2024,00:51:13
787,188,2333,13,0,N,25.713589,-80.283974,4.80,04/15/2024,00:51:13
761,156,2378,11,0,N,25.713589,-80.283974,4.80,04/15/2024,00:51:13
774,139,2348,10,0,N,25.713593,-80.283974,4.80,04/15/2024,00:51:13
755,150,2366,11,0,N,25.713593,-80.283974,4.70,04/15/2024,00:51:13
757,160,2366,11,0,N,25.713594,-80.283974,4.70,04/15/2024,00:51:13
696,164,2462,13,0,N,25.713594,-80.283974,4.70,04/15/2024,00:51:13
717,154,2430,12,0,N,25.713598,-80.283974,4.70,04/15/2024,00:51:14
733,156,2433,12,0,N,25.713598,-80.283974,4.70,04/15/2024,00:51:14
725,159,2448,12,0,N,25.713598,-80.283974,4.70,04/15/2024,00:51:14
723,188,2448,14,0,N,25.713598,-80.283974,4.70,04/15/2024,00:51:14
707,168,2433,13,0,N,25.713598,-80.283974,4.70,04/15/2024,00:51:14
712,164,2437,12,0,N,25.713598,-80.283974,4.70,04/15/2024,00:51:14
718,150,2433,11,0,N,25.713602,-80.283974,4.70,04/15/2024,00:51:14
718,135,2440,10,0,N,25.713602,-80.283974,4.60,04/15/2024,00:51:14
712,130,2455,10,0,N,25.713604,-80.283974,4.60,04/15/2024,00:51:14
723,156,2445,12,0,N,25.713604,-80.283974,4.60,04/15/2024,00:51:14
717,202,2425,15,0,N,25.713604,-80.283974,4.60,04/15/2024,00:51:14
748,217,2407,16,0,N,25.713604,-80.283974,4.60,04/15/2024,00:51:14
725,221,2388,16,0,N,25.713608,-80.283974,4.60,04/15/2024,00:51:15
753,234,2392,17,0,N,25.713608,-80.283974,4.60,04/15/2024,00:51:15
721,232,2437,17,0,N,25.713610,-80.283974,4.60,04/15/2024,00:51:15
723,219,2430,16,0,N,25.713612,-80.283974,4.60,04/15/2024,00:51:15
703,209,2418,16,0,N,25.713614,-80.283974,4.60,04/15/2024,00:51:15
749,172,2378,12,0,N,25.713614,-80.283974,4.60,04/15/2024,00:51:15
737,135,2433,10,0,N,25.713614,-80.283974,4.60,04/15/2024,00:51:15
742,122,2395,9,0,N,25.713614,-80.283974,4.60,04/15/2024,00:51:15
727,135,2433,10,0,N,25.713615,-80.283974,4.60,04/15/2024,00:51:15
712,156,2433,12,0,N,25.713615,-80.283974,4.60,04/15/2024,00:51:15
696,163,2470,13,0,N,25.713617,-80.283974,4.60,04/15/2024,00:51:16
703,146,2455,11,0,N,25.713617,-80.283974,4.60,04/15/2024,00:51:16
725,147,2445,11,0,N,25.713619,-80.283974,4.60,04/15/2024,00:51:16
731,141,2448,10,0,N,25.713619,-80.283974,4.50,04/15/2024,00:51:16
727,141,2445,10,0,N,25.713623,-80.283974,4.50,04/15/2024,00:51:16
712,141,2452,11,0,N,25.713623,-80.283974,4.50,04/15/2024,00:51:16
709,126,2485,10,0,N,25.713623,-80.283974,4.50,04/15/2024,00:51:16
707,130,2452,10,0,N,25.713623,-80.283974,4.50,04/15/2024,00:51:16
742,133,2418,10,0,N,25.713625,-80.283974,4.50,04/15/2024,00:51:16
743,154,2415,11,0,N,25.713625,-80.283974,4.50,04/15/2024,00:51:16
731,160,2422,12,0,N,25.713627,-80.283974,4.50,04/15/2024,00:51:17
725,156,2437,12,0,N,25.713627,-80.283974,4.50,04/15/2024,00:51:17
731,164,2415,12,0,N,25.713631,-80.283974,4.50,04/15/2024,00:51:17
751,163,2392,12,0,N,25.713631,-80.283974,4.50,04/15/2024,00:51:17
733,147,2403,11,0,N,25.713633,-80.283974,4.50,04/15/2024,00:51:17
743,156,2433,11,0,N,25.713633,-80.283974,4.50,04/15/2024,00:51:17
731,98,2418,7,0,N,25.713633,-80.283974,4.50,04/15/2024,00:51:17
757,98,2381,7,0,N,25.713636,-80.283974,4.50,04/15/2024,00:51:18
737,89,2410,6,0,N,25.713636,-80.283974,4.50,04/15/2024,00:51:18
760,113,2388,8,0,N,25.713636,-80.283974,4.50,04/15/2024,00:51:18
749,139,2410,10,0,N,25.713636,-80.283974,4.50,04/15/2024,00:51:18
727,160,2452,12,0,N,25.713638,-80.283974,4.50,04/15/2024,00:51:18
694,154,2485,12,0,N,25.713638,-80.283974,4.50,04/15/2024,00:51:18
712,135,2462,10,0,N,25.713642,-80.283974,4.50,04/15/2024,00:51:18
714,159,2467,12,0,N,25.713642,-80.283974,4.60,04/15/2024,00:51:18
723,160,2467,12,0,N,25.713644,-80.283974,4.60,04/15/2024,00:51:18
712,164,2462,12,0,N,25.713644,-80.283974,4.60,04/15/2024,00:51:18
688,150,2459,12,0,N,25.713644,-80.283974,4.60,04/15/2024,00:51:18
730,124,2470,9,0,N,25.713644,-80.283974,4.60,04/15/2024,00:51:18
699,111,2485,9,0,N,25.713648,-80.283974,4.60,04/15/2024,00:51:19
707,111,2455,8,0,N,25.713648,-80.283974,4.50,04/15/2024,00:51:19
721,122,2448,9,0,N,25.713650,-80.283974,4.50,04/15/2024,00:51:19
717,159,2440,12,0,N,25.713650,-80.283974,4.60,04/15/2024,00:51:19
700,163,2462,13,0,N,25.713652,-80.283974,4.60,04/15/2024,00:51:19
691,168,2462,13,0,N,25.713652,-80.283974,4.60,04/15/2024,00:51:19
693,177,2485,14,0,N,25.713654,-80.283974,4.60,04/15/2024,00:51:19
712,175,2430,13,0,N,25.713654,-80.283974,4.60,04/15/2024,00:51:19
707,194,2445,15,0,N,25.713654,-80.283974,4.60,04/15/2024,00:51:19
703,190,2459,15,0,N,25.713654,-80.283974,4.60,04/15/2024,00:51:19
699,188,2474,15,0,N,25.713657,-80.283974,4.60,04/15/2024,00:51:20
712,201,2425,15,0,N,25.713657,-80.283974,4.50,04/15/2024,00:51:20
717,190,2445,14,0,N,25.713654,-80.283974,4.50,04/15/2024,00:51:20
735,181,2415,13,0,N,25.713654,-80.283974,4.30,04/15/2024,00:51:20
727,171,2422,13,0,N,25.713654,-80.283974,4.30,04/15/2024,00:51:20
714,179,2445,14,0,N,25.713654,-80.283974,4.30,04/15/2024,00:51:20
678,219,2440,17,0,N,25.713654,-80.283974,4.30,04/15/2024,00:51:20
699,234,2448,18,0,N,25.713654,-80.283974,4.30,04/15/2024,00:51:20
700,230,2425,18,0,N,25.713659,-80.283974,4.30,04/15/2024,00:51:21
730,223,2403,16,0,N,25.713659,-80.283974,4.10,04/15/2024,00:51:21
727,216,2422,16,0,N,25.713659,-80.283974,4.10,04/15/2024,00:51:21
718,185,2422,14,0,N,25.713659,-80.283974,4.10,04/15/2024,00:51:21
735,185,2392,14,0,N,25.713659,-80.283974,4.10,04/15/2024,00:51:21
709,181,2422,14,0,N,25.713659,-80.283974,4.10,04/15/2024,00:51:21
696,156,2425,12,0,N,25.713661,-80.283974,4.10,04/15/2024,00:51:21
718,159,2422,12,0,N,25.713661,-80.283974,4.00,04/15/2024,00:51:21
721,160,2403,12,0,N,25.713663,-80.283974,4.00,04/15/2024,00:51:21
733,179,2400,13,0,N,25.713663,-80.283974,3.90,04/15/2024,00:51:21
727,190,2388,14,0,N,25.713665,-80.283974,3.90,04/15/2024,00:51:21
717,190,2407,14,0,N,25.713665,-80.283974,3.90,04/15/2024,00:51:21
717,211,2422,16,0,N,25.713669,-80.283974,3.90,04/15/2024,00:51:22
721,216,2400,16,0,N,25.713669,-80.283974,4.00,04/15/2024,00:51:22
721,190,2422,14,0,N,25.713669,-80.283974,4.00,04/15/2024,00:51:22
712,192,2415,15,0,N,25.713669,-80.283974,4.00,04/15/2024,00:51:22
725,181,2415,14,0,N,25.713671,-80.283974,4.00,04/15/2024,00:51:22
725,164,2433,12,0,N,25.713671,-80.283974,4.00,04/15/2024,00:51:22
742,171,2400,12,0,N,25.713675,-80.283974,4.00,04/15/2024,00:51:22
749,188,2370,14,0,N,25.713675,-80.283974,4.00,04/15/2024,00:51:22
737,217,2366,16,0,N,25.713676,-80.283974,4.00,04/15/2024,00:51:23
712,232,2445,18,0,N,25.713676,-80.283974,3.80,04/15/2024,00:51:23
718,223,2425,17,0,N,25.713678,-80.283974,3.80,04/15/2024,00:51:23
735,219,2403,16,0,N,25.713678,-80.283974,3.80,04/15/2024,00:51:23
730,214,2378,16,0,N,25.713678,-80.283974,3.80,04/15/2024,00:51:23
742,214,2403,16,0,N,25.713678,-80.283974,3.80,04/15/2024,00:51:23
721,215,2418,16,0,N,25.713678,-80.283974,3.80,04/15/2024,00:51:23
727,185,2433,14,0,N,25.713678,-80.283974,3.80,04/15/2024,00:51:23
742,184,2400,13,0,N,25.713678,-80.283974,3.80,04/15/2024,00:51:23
712,171,2430,13,0,N,25.713682,-80.283974,3.80,04/15/2024,00:51:23
739,172,2400,13,0,N,25.713684,-80.283974,3.80,04/15/2024,00:51:23
727,205,2407,15,0,N,25.713684,-80.283974,4.00,04/15/2024,00:51:23
714,219,2422,17,0,N,25.713688,-80.283974,4.00,04/15/2024,00:51:24
703,249,2425,19,0,N,25.713688,-80.283974,3.90,04/15/2024,00:51:24
687,262,2448,20,0,N,25.713690,-80.283974,3.90,04/15/2024,00:51:24
707,272,2422,21,0,N,25.713690,-80.283974,3.90,04/15/2024,00:51:24
714,262,2415,20,0,N,25.713690,-80.283974,3.90,04/15/2024,00:51:24
707,243,2430,18,0,N,25.713690,-80.283974,3.90,04/15/2024,00:51:24
691,217,2437,17,0,N,25.713694,-80.283974,3.90,04/15/2024,00:51:24
727,188,2415,14,0,N,25.713694,-80.283974,4.00,04/15/2024,00:51:24
727,163,2437,12,0,N,25.713696,-80.283974,4.00,04/15/2024,00:51:25
723,188,2418,14,0,N,25.713696,-80.283974,4.00,04/15/2024,00:51:25
721,198,2410,15,0,N,25.713697,-80.283974,4.00,04/15/2024,00:51:25
680,227,2452,18,0,N,25.713697,-80.283974,4.00,04/15/2024,00:51:25
678,234,2467,19,0,N,25.713701,-80.283974,4.00,04/15/2024,00:51:25
687,276,2445,21,0,N,25.713701,-80.283974,3.90,04/15/2024,00:51:25
709,304,2422,23,1,NNE,25.713701,-80.283974,3.90,04/15/2024,00:51:25
714,298,2395,22,0,N,25.713701,-80.283974,3.90,04/15/2024,00:51:25
709,278,2433,21,0,N,25.713705,-80.283974,3.90,04/15/2024,00:51:25
688,258,2440,20,0,N,25.713705,-80.283974,3.90,04/15/2024,00:51:25
714,243,2425,18,0,N,25.713707,-80.283974,3.90,04/15/2024,00:51:26
712,239,2440,18,0,N,25.713707,-80.283974,3.90,04/15/2024,00:51:26
707,245,2425,19,0,N,25.713707,-80.283974,3.90,04/15/2024,00:51:26
709,251,2433,19,0,N,25.713707,-80.283974,3.90,04/15/2024,00:51:26
693,253,2448,20,0,N,25.713709,-80.283974,3.90,04/15/2024,00:51:26
664,264,2477,21,0,N,25.713709,-80.283974,3.90,04/15/2024,00:51:26
700,270,2407,21,0,N,25.713713,-80.283974,3.90,04/15/2024,00:51:26
696,285,2437,22,0,N,25.713715,-80.283974,3.90,04/15/2024,00:51:26
707,269,2425,20,0,N,25.713718,-80.283974,3.90,04/15/2024,00:51:26
705,266,2433,20,0,N,25.713718,-80.283974,4.20,04/15/2024,00:51:26
688,245,2455,19,0,N,25.713718,-80.283974,4.20,04/15/2024,00:51:26
699,236,2445,18,0,N,25.713718,-80.283974,4.20,04/15/2024,00:51:26
700,226,2452,17,0,N,25.713718,-80.283974,4.20,04/15/2024,00:51:26
696,202,2467,16,0,N,25.713718,-80.283974,4.20,04/15/2024,00:51:27
703,190,2452,15,0,N,25.713718,-80.283974,4.10,04/15/2024,00:51:27
707,185,2459,14,0,N,25.713722,-80.283974,4.10,04/15/2024,00:51:27
700,190,2440,15,0,N,25.713722,-80.283974,4.40,04/15/2024,00:51:27
694,201,2455,16,0,N,25.713724,-80.283974,4.40,04/15/2024,00:51:27
709,216,2452,16,0,N,25.713724,-80.283974,4.50,04/15/2024,00:51:27
735,214,2422,16,0,N,25.713728,-80.283974,4.50,04/15/2024,00:51:27
746,223,2403,16,0,N,25.713728,-80.283974,4.40,04/15/2024,00:51:27
731,209,2400,15,0,N,25.713728,-80.283974,4.40,04/15/2024,00:51:27
727,214,2430,16,0,N,25.713728,-80.283974,4.40,04/15/2024,00:51:27
733,201,2418,15,0,N,25.713730,-80.283974,4.40,04/15/2024,00:51:28
730,160,2410,12,0,N,25.713730,-80.283974,4.50,04/15/2024,00:51:28
737,160,2422,12,0,N,25.713732,-80.283974,4.50,04/15/2024,00:51:28
730,163,2418,12,0,N,25.713732,-80.283974,4.50,04/15/2024,00:51:28
723,184,2422,14,0,N,25.713737,-80.283974,4.50,04/15/2024,00:51:28
714,205,2448,16,0,N,25.713737,-80.283974,4.40,04/15/2024,00:51:28
699,223,2455,17,0,N,25.713739,-80.283974,4.40,04/15/2024,00:51:28
705,219,2452,17,0,N,25.713739,-80.283974,4.40,04/15/2024,00:51:28
714,216,2430,16,0,N,25.713739,-80.283974,4.40,04/15/2024,00:51:28
730,223,2433,16,0,N,25.713739,-80.283974,4.40,04/15/2024,00:51:28
705,219,2455,17,0,N,25.713741,-80.283974,4.40,04/15/2024,00:51:29
717,190,2452,14,0,N,25.713743,-80.283974,4.40,04/15/2024,00:51:29
721,152,2437,11,0,N,25.713743,-80.283974,4.40,04/15/2024,00:51:29
718,160,2452,12,0,N,25.713745,-80.283974,4.40,04/15/2024,00:51:29
718,163,2440,12,0,N,25.713749,-80.283974,4.40,04/15/2024,00:51:29
733,164,2440,12,0,N,25.713749,-80.283974,4.30,04/15/2024,00:51:29
699,172,2459,13,0,N,25.713751,-80.283974,4.30,04/15/2024,00:51:30
723,198,2430,15,0,N,25.713751,-80.283974,4.30,04/15/2024,00:51:30
718,215,2437,16,0,N,25.713751,-80.283974,4.30,04/15/2024,00:51:30
717,190,2445,14,0,N,25.713751,-80.283974,4.30,04/15/2024,00:51:30
709,194,2445,15,0,N,25.713757,-80.283974,4.30,04/15/2024,00:51:30
705,192,2452,15,0,N,25.713757,-80.283974,4.40,04/15/2024,00:51:30
723,190,2437,14,0,N,25.713758,-80.283974,4.40,04/15/2024,00:51:30
703,166,2474,13,0,N,25.713758,-80.283974,4.40,04/15/2024,00:51:30
714,159,2474,12,0,N,25.713760,-80.283974,4.40,04/15/2024,00:51:30
707,171,2452,13,0,N,25.713762,-80.283974,4.40,04/15/2024,00:51:31
691,177,2477,14,0,N,25.713762,-80.283974,4.50,04/15/2024,00:51:31
675,188,2492,15,0,N,25.713762,-80.283974,4.50,04/15/2024,00:51:31
673,190,2482,15,0,N,25.713762,-80.283974,4.50,04/15/2024,00:51:31
680,179,2482,14,0,N,25.713762,-80.283974,4.50,04/15/2024,00:51:31
712,175,2452,13,0,N,25.713764,-80.283974,4.50,04/15/2024,00:51:31
718,171,2415,13,0,N,25.713768,-80.283974,4.50,04/15/2024,00:51:31
727,171,2430,13,0,N,25.713768,-80.283974,4.50,04/15/2024,00:51:31
739,164,2440,12,0,N,25.713768,-80.283974,4.50,04/15/2024,00:51:31
712,156,2452,12,0,N,25.713768,-80.283974,4.50,04/15/2024,00:51:31
717,154,2455,12,0,N,25.713768,-80.283974,4.50,04/15/2024,00:51:31
730,163,2440,12,0,N,25.713770,-80.283974,4.50,04/15/2024,00:51:31
737,179,2452,13,0,N,25.713772,-80.283974,4.50,04/15/2024,00:51:32
723,196,2418,15,0,N,25.713774,-80.283974,4.50,04/15/2024,00:51:32
707,214,2448,16,0,N,25.713776,-80.283974,4.50,04/15/2024,00:51:32
707,230,2422,18,0,N,25.713776,-80.283974,4.40,04/15/2024,00:51:32
725,230,2440,17,0,N,25.713776,-80.283974,4.40,04/15/2024,00:51:32
727,243,2418,18,0,N,25.713776,-80.283974,4.40,04/15/2024,00:51:32
746,239,2388,17,0,N,25.713776,-80.283974,4.40,04/15/2024,00:51:32
730,226,2400,17,0,N,25.713776,-80.283974,4.30,04/15/2024,00:51:32
733,219,2400,16,0,N,25.713779,-80.283974,4.30,04/15/2024,00:51:32
748,223,2400,16,0,N,25.713779,-80.283974,4.30,04/15/2024,00:51:32
723,214,2437,16,0,N,25.713781,-80.283974,4.30,04/15/2024,00:51:33
723,211,2400,16,0,N,25.713781,-80.283974,4.30,04/15/2024,00:51:33
718,223,2455,17,0,N,25.713785,-80.283974,4.30,04/15/2024,00:51:33
709,243,2440,18,0,N,25.713785,-80.283974,4.40,04/15/2024,00:51:33
717,262,2425,20,0,N,25.713785,-80.283974,4.40,04/15/2024,00:51:33
696,247,2433,19,0,N,25.713785,-80.283974,4.40,04/15/2024,00:51:33
714,262,2422,20,0,N,25.713787,-80.283974,4.40,04/15/2024,00:51:33
735,258,2418,19,0,N,25.713787,-80.283974,4.30,04/15/2024,00:51:33
742,258,2400,19,0,N,25.713789,-80.283974,4.30,04/15/2024,00:51:33
731,230,2422,17,0,N,25.713789,-80.283974,4.30,04/15/2024,00:51:33
774,219,2355,15,0,N,25.713793,-80.283974,4.30,04/15/2024,00:51:34
730,201,2410,15,0,N,25.713793,-80.283974,4.70,04/15/2024,00:51:34
742,205,2407,15,0,N,25.713795,-80.283974,4.70,04/15/2024,00:51:34
742,207,2400,15,0,N,25.713795,-80.283974,4.70,04/15/2024,00:51:34
731,219,2407,16,0,N,25.713795,-80.283974,4.70,04/15/2024,00:51:34
712,236,2440,18,0,N,25.713795,-80.283974,4.70,04/15/2024,00:51:34
707,243,2433,18,0,N,25.713797,-80.283974,4.70,04/15/2024,00:51:34
693,260,2437,20,0,N,25.713797,-80.283974,4.50,04/15/2024,00:51:34
703,247,2448,19,0,N,25.713799,-80.283974,4.50,04/15/2024,00:51:34
707,251,2433,19,0,N,25.713799,-80.283974,4.60,04/15/2024,00:51:34
694,258,2445,20,0,N,25.713800,-80.283974,4.60,04/15/2024,00:51:35
696,236,2462,18,0,N,25.713800,-80.283974,4.80,04/15/2024,00:51:35
714,198,2448,15,0,N,25.713802,-80.283974,4.80,04/15/2024,00:51:35
717,196,2433,15,0,N,25.713804,-80.283974,4.80,04/15/2024,00:51:35
737,196,2422,14,0,N,25.713806,-80.283974,4.80,04/15/2024,00:51:35
709,214,2437,16,0,N,25.713806,-80.283974,4.70,04/15/2024,00:51:35
709,240,2455,18,0,N,25.713806,-80.283974,4.70,04/15/2024,00:51:35
712,236,2455,18,0,N,25.713806,-80.283974,4.70,04/15/2024,00:51:35
688,262,2467,20,0,N,25.713810,-80.283974,4.70,04/15/2024,00:51:36
680,274,2455,21,0,N,25.713810,-80.283974,4.50,04/15/2024,00:51:36
660,291,2462,23,1,NNE,25.713810,-80.283974,4.50,04/15/2024,00:51:36
670,321,2459,25,1,NNE,25.713810,-80.283974,4.50,04/15/2024,00:51:36
709,294,2403,22,0,N,25.713812,-80.283974,4.50,04/15/2024,00:51:36
718,278,2403,21,0,N,25.713812,-80.283974,4.60,04/15/2024,00:51:36
709,266,2418,20,0,N,25.713814,-80.283974,4.60,04/15/2024,00:51:36
712,251,2440,19,0,N,25.713814,-80.283974,4.70,04/15/2024,00:51:36
707,243,2422,18,0,N,25.713814,-80.283974,4.70,04/15/2024,00:51:36
725,243,2410,18,0,N,25.713814,-80.283974,4.70,04/15/2024,00:51:36
725,247,2392,18,0,N,25.713816,-80.283974,4.70,04/15/2024,00:51:36
693,262,2452,20,0,N,25.713820,-80.283974,4.70,04/15/2024,00:51:37
669,272,2462,22,0,N,25.713821,-80.283974,4.70,04/15/2024,00:51:37
662,298,2448,24,1,NNE,25.713821,-80.283974,4.70,04/15/2024,00:51:37
682,313,2452,24,1,NNE,25.713821,-80.283974,4.70,04/15/2024,00:51:37
693,313,2418,24,1,NNE,25.713821,-80.283974,4.70,04/15/2024,00:51:37
699,313,2407,24,1,NNE,25.713825,-80.283974,4.70,04/15/2024,00:51:37
700,324,2410,24,1,NNE,25.713825,-80.283974,4.80,04/15/2024,00:51:37
707,315,2407,24,1,NNE,25.713827,-80.283974,4.80,04/15/2024,00:51:37
696,352,2407,26,1,NNE,25.713827,-80.283974,4.90,04/15/2024,00:51:37
693,380,2378,28,1,NNE,25.713827,-80.283974,4.90,04/15/2024,00:51:37
694,411,2388,30,1,NNE,25.713827,-80.283974,4.90,04/15/2024,00:51:37
682,411,2388,31,1,NNE,25.713829,-80.283974,4.90,04/15/2024,00:51:38
675,410,2403,31,1,NNE,25.713829,-80.283974,5.00,04/15/2024,00:51:38
666,420,2403,32,1,NNE,25.713831,-80.283974,5.00,04/15/2024,00:51:38
666,403,2433,31,1,NNE,25.713831,-80.283974,5.00,04/15/2024,00:51:38
662,384,2433,30,1,NNE,25.713835,-80.283974,5.00,04/15/2024,00:51:38
664,390,2440,30,1,NNE,25.713835,-80.283974,4.80,04/15/2024,00:51:38
657,388,2418,30,1,NNE,25.713835,-80.283974,4.80,04/15/2024,00:51:38
662,394,2433,30,1,NNE,25.713835,-80.283974,4.80,04/15/2024,00:51:38
670,397,2410,30,1,NNE,25.713839,-80.283974,4.80,04/15/2024,00:51:39
680,403,2395,30,1,NNE,25.713839,-80.283974,4.70,04/15/2024,00:51:39
670,423,2392,32,1,NNE,25.713839,-80.283974,4.70,04/15/2024,00:51:39
660,401,2425,31,1,NNE,25.713839,-80.283974,4.70,04/15/2024,00:51:39
657,380,2440,30,1,NNE,25.713840,-80.283974,4.70,04/15/2024,00:51:39
652,363,2445,29,1,NNE,25.713840,-80.283974,4.70,04/15/2024,00:51:39
675,374,2459,28,1,NNE,25.713840,-80.283974,4.70,04/15/2024,00:51:39
680,365,2388,28,1,NNE,25.713840,-80.283974,4.60,04/15/2024,00:51:39
680,363,2410,28,1,NNE,25.713844,-80.283974,4.60,04/15/2024,00:51:39
664,380,2440,29,1,NNE,25.713844,-80.283974,4.60,04/15/2024,00:51:39
630,405,2445,32,1,NNE,25.713846,-80.283974,4.60,04/15/2024,00:51:40
627,431,2422,34,1,NNE,25.713846,-80.283974,4.70,04/15/2024,00:51:40
648,427,2400,33,1,NNE,25.713846,-80.283974,4.70,04/15/2024,00:51:40
654,438,2385,33,1,NNE,25.713846,-80.283974,4.70,04/15/2024,00:51:40
662,431,2378,33,1,NNE,25.713848,-80.283974,4.70,04/15/2024,00:51:40
664,416,2418,32,1,NNE,25.713848,-80.283974,4.50,04/15/2024,00:51:40
650,381,2455,30,1,NNE,25.713848,-80.283974,4.50,04/15/2024,00:51:40
645,352,2474,28,1,NNE,25.713848,-80.283974,4.40,04/15/2024,00:51:40
638,333,2492,27,1,NNE,25.713850,-80.283974,4.40,04/15/2024,00:51:40
636,321,2462,26,1,NNE,25.713850,-80.283974,4.50,04/15/2024,00:51:40
639,313,2482,26,1,NNE,25.713854,-80.283974,4.50,04/15/2024,00:51:41
652,289,2489,23,1,NNE,25.713854,-80.283974,4.60,04/15/2024,00:51:41
666,247,2470,20,0,N,25.713858,-80.283981,4.60,04/15/2024,00:51:41
682,207,2474,16,0,N,25.713858,-80.283981,4.60,04/15/2024,00:51:41
682,184,2459,15,0,N,25.713858,-80.283981,4.60,04/15/2024,00:51:41
682,181,2455,14,0,N,25.713858,-80.283981,4.60,04/15/2024,00:51:41
680,172,2477,14,0,N,25.713860,-80.283981,4.60,04/15/2024,00:51:41
680,172,2470,14,0,N,25.713860,-80.283981,4.70,04/15/2024,00:51:41
684,164,2482,13,0,N,25.713861,-80.283981,4.70,04/15/2024,00:51:41
688,171,2492,13,0,N,25.713861,-80.283981,4.70,04/15/2024,00:51:41
687,168,2452,13,0,N,25.713861,-80.283981,4.70,04/15/2024,00:51:42
691,175,2474,14,0,N,25.713861,-80.283981,4.80,04/15/2024,00:51:42
694,184,2477,14,0,N,25.713863,-80.283981,4.80,04/15/2024,00:51:42
693,192,2474,15,0,N,25.713863,-80.283981,5.00,04/15/2024,00:51:42
696,175,2482,14,0,N,25.713863,-80.283981,5.00,04/15/2024,00:51:42
687,172,2477,14,0,N,25.713863,-80.283981,5.00,04/15/2024,00:51:42
678,160,2474,13,0,N,25.713867,-80.283981,5.00,04/15/2024,00:51:42
675,150,2459,12,0,N,25.713867,-80.283981,5.60,04/15/2024,00:51:42
688,146,2470,11,0,N,25.713867,-80.283981,5.60,04/15/2024,00:51:42
678,147,2474,12,0,N,25.713867,-80.283981,5.50,04/15/2024,00:51:42
694,143,2477,11,0,N,25.713867,-80.283981,5.50,04/15/2024,00:51:42
703,152,2455,12,0,N,25.713867,-80.283981,5.50,04/15/2024,00:51:42
705,150,2474,12,0,N,25.713869,-80.283981,5.50,04/15/2024,00:51:43
694,146,2489,11,0,N,25.713869,-80.283981,5.50,04/15/2024,00:51:43
693,152,2470,12,0,N,25.713869,-80.283981,5.50,04/15/2024,00:51:43
687,147,2485,12,0,N,25.713869,-80.283981,5.50,04/15/2024,00:51:43
670,163,2474,13,0,N,25.713869,-80.283981,5.50,04/15/2024,00:51:43
660,177,2497,15,0,N,25.713869,-80.283981,5.50,04/15/2024,00:51:43
657,177,2519,15,0,N,25.713869,-80.283981,5.50,04/15/2024,00:51:43
650,209,2507,17,0,N,25.713869,-80.283981,5.60,04/15/2024,00:51:43
648,234,2512,19,0,N,25.713869,-80.283981,5.60,04/15/2024,00:51:43
650,247,2504,20,0,N,25.713869,-80.283981,5.60,04/15/2024,00:51:43
660,256,2485,21,0,N,25.713869,-80.283981,5.60,04/15/2024,00:51:44
688,251,2455,20,0,N,25.713869,-80.283981,5.70,04/15/2024,00:51:44
678,260,2440,20,0,N,25.713869,-80.283981,5.70,04/15/2024,00:51:44
669,270,2448,21,0,N,25.713869,-80.283981,5.70,04/15/2024,00:51:44
682,269,2452,21,0,N,25.713871,-80.283981,5.70,04/15/2024,00:51:44
662,239,2467,19,0,N,25.713871,-80.283981,5.80,04/15/2024,00:51:44
693,219,2459,17,0,N,25.713871,-80.283981,5.80,04/15/2024,00:51:44
682,198,2474,16,0,N,25.713871,-80.283981,5.80,04/15/2024,00:51:44
693,194,2445,15,0,N,25.713871,-80.283981,5.80,04/15/2024,00:51:44
682,219,2492,17,0,N,25.713871,-80.283981,5.80,04/15/2024,00:51:44
657,219,2477,18,0,N,25.713873,-80.283981,5.80,04/15/2024,00:51:45
630,247,2500,21,0,N,25.713873,-80.283981,5.90,04/15/2024,00:51:45
623,262,2512,22,0,N,25.713875,-80.283981,5.90,04/15/2024,00:51:45
626,270,2500,23,1,NNE,25.713875,-80.283981,5.90,04/15/2024,00:51:45
650,276,2485,23,1,NNE,25.713875,-80.283981,5.90,04/15/2024,00:51:45
664,289,2459,23,1,NNE,25.713875,-80.283981,5.90,04/15/2024,00:51:45
657,276,2489,22,0,N,25.713875,-80.283981,5.90,04/15/2024,00:51:45
636,274,2482,23,1,NNE,25.713875,-80.283981,5.90,04/15/2024,00:51:45
641,236,2500,20,0,N,25.713877,-80.283981,5.90,04/15/2024,00:51:45
645,215,2512,18,0,N,25.713877,-80.283981,6.00,04/15/2024,00:51:45
645,214,2504,18,0,N,25.713879,-80.283981,6.00,04/15/2024,00:51:46
660,211,2489,17,0,N,25.713879,-80.283981,6.00,04/15/2024,00:51:46
645,207,2497,17,0,N,25.713879,-80.283981,6.00,04/15/2024,00:51:46
650,196,2522,16,0,N,25.713879,-80.283981,6.00,04/15/2024,00:51:46
648,163,2507,14,0,N,25.713882,-80.283981,6.00,04/15/2024,00:51:46
657,108,2489,9,0,N,25.713882,-80.283981,6.00,04/15/2024,00:51:46
652,82,2530,7,0,N,25.713882,-80.283981,6.20,04/15/2024,00:51:46
664,89,2507,7,0,N,25.713882,-80.283981,6.20,04/15/2024,00:51:46
673,93,2489,7,0,N,25.713882,-80.283981,6.20,04/15/2024,00:51:46
678,108,2485,9,0,N,25.713882,-80.283981,6.20,04/15/2024,00:51:46
670,73,2522,6,0,N,25.713884,-80.283981,6.20,04/15/2024,00:51:47
669,51,2489,4,0,N,25.713884,-80.283981,6.20,04/15/2024,00:51:47
662,17,2497,1,0,N,25.713884,-80.283981,6.60,04/15/2024,00:51:47
670,34,2497,2,0,N,25.713884,-80.283981,6.60,04/15/2024,00:51:47
687,23,2455,1,0,N,25.713884,-80.283981,6.60,04/15/2024,00:51:47
669,25,2470,2,0,N,25.713884,-80.283981,6.60,04/15/2024,00:51:47
680,12,2452,1,0,N,25.713884,-80.283981,6.60,04/15/2024,00:51:47
684,-22,2445,-1,15,NNW,25.713884,-80.283981,6.70,04/15/2024,00:51:47
703,-116,2388,-9,15,NNW,25.713884,-80.283981,6.70,04/15/2024,00:51:47
748,-149,2321,-11,15,NNW,25.713884,-80.283981,6.70,04/15/2024,00:51:47
739,-108,2358,-8,15,NNW,25.713886,-80.283981,6.70,04/15/2024,00:51:48
712,-81,2418,-6,15,NNW,25.713886,-80.283981,6.70,04/15/2024,00:51:48
673,-30,2470,-2,15,NNW,25.713886,-80.283981,6.70,04/15/2024,00:51:48
669,0,2467,0,0,N,25.713886,-80.283981,6.70,04/15/2024,00:51:48
639,56,2519,5,0,N,25.713886,-80.283981,6.70,04/15/2024,00:51:48
636,65,2515,5,0,N,25.713886,-80.283981,6.70,04/15/2024,00:51:48
662,1,2500,0,0,N,25.713886,-80.283981,6.70,04/15/2024,00:51:48
748,-29,2366,-2,15,NNW,25.713888,-80.283981,6.70,04/15/2024,00:51:48
785,-30,2306,-2,15,NNW,25.713888,-80.283981,6.70,04/15/2024,00:51:49
687,0,2445,0,0,N,25.713888,-80.283981,6.80,04/15/2024,00:51:49
593,120,2564,11,0,N,25.713888,-80.283981,6.80,04/15/2024,00:51:49
575,154,2597,14,0,N,25.713888,-80.283981,6.80,04/15/2024,00:51:49
563,219,2586,21,0,N,25.713890,-80.283981,6.80,04/15/2024,00:51:49
632,276,2512,23,1,NNE,25.713890,-80.283981,6.90,04/15/2024,00:51:49
645,270,2485,22,0,N,25.713890,-80.283981,6.90,04/15/2024,00:51:49
664,236,2477,19,0,N,25.713890,-80.283981,7.10,04/15/2024,00:51:49
675,234,2489,19,0,N,25.713892,-80.283974,7.10,04/15/2024,00:51:49
687,168,2452,13,0,N,25.713892,-80.283974,7.20,04/15/2024,00:51:49
714,171,2430,13,0,N,25.713892,-80.283974,7.20,04/15/2024,00:51:49
684,221,2474,17,0,N,25.713892,-80.283974,7.20,04/15/2024,00:51:49
670,247,2459,20,0,N,25.713892,-80.283974,7.20,04/15/2024,00:51:50
730,251,2395,18,0,N,25.713892,-80.283974,7.50,04/15/2024,00:51:50
753,226,2378,16,0,N,25.713892,-80.283974,7.50,04/15/2024,00:51:50
757,226,2348,16,0,N,25.713892,-80.283974,7.50,04/15/2024,00:51:50
743,226,2363,16,0,N,25.713894,-80.283974,7.50,04/15/2024,00:51:50
731,215,2403,16,0,N,25.713894,-80.283974,7.60,04/15/2024,00:51:50
703,216,2418,17,0,N,25.713894,-80.283974,7.60,04/15/2024,00:51:50
694,216,2462,17,0,N,25.713894,-80.283974,7.80,04/15/2024,00:51:50
703,202,2433,16,0,N,25.713896,-80.283974,7.80,04/15/2024,00:51:51
703,211,2433,16,0,N,25.713896,-80.283974,8.10,04/15/2024,00:51:51
700,211,2448,16,0,N,25.713896,-80.283974,8.10,04/15/2024,00:51:51
669,188,2459,15,0,N,25.713896,-80.283974,8.10,04/15/2024,00:51:51
696,175,2440,14,0,N,25.713898,-80.283966,8.10,04/15/2024,00:51:51
721,164,2437,12,0,N,25.713898,-80.283966,8.20,04/15/2024,00:51:51
717,154,2433,12,0,N,25.713898,-80.283974,8.20,04/15/2024,00:51:51
727,160,2433,12,0,N,25.713898,-80.283974,8.10,04/15/2024,00:51:51
727,160,2430,12,0,N,25.713894,-80.283974,8.10,04/15/2024,00:51:51
731,152,2400,11,0,N,25.713894,-80.283974,7.90,04/15/2024,00:51:51
691,181,2459,14,0,N,25.713894,-80.283974,7.90,04/15/2024,00:51:51
699,221,2445,17,0,N,25.713896,-80.283974,7.90,04/15/2024,00:51:52
645,270,2470,22,0,N,25.713896,-80.283974,7.90,04/15/2024,00:51:52
644,274,2482,23,1,NNE,25.713896,-80.283974,7.80,04/15/2024,00:51:52
675,260,2452,21,0,N,25.713896,-80.283974,7.80,04/15/2024,00:51:52
709,264,2445,20,0,N,25.713896,-80.283974,7.80,04/15/2024,00:51:52
675,221,2452,18,0,N,25.713896,-80.283974,8.00,04/15/2024,00:51:52
700,188,2437,15,0,N,25.713896,-80.283974,8.00,04/15/2024,00:51:52
725,152,2445,11,0,N,25.713896,-80.283974,8.10,04/15/2024,00:51:52
730,147,2415,11,0,N,25.713896,-80.283974,8.10,04/15/2024,00:51:53
723,166,2407,12,0,N,25.713896,-80.283974,8.20,04/15/2024,00:51:53
727,185,2418,14,0,N,25.713896,-80.283974,8.20,04/15/2024,00:51:53
687,227,2482,18,0,N,25.713896,-80.283974,8.20,04/15/2024,00:51:53
684,287,2455,22,0,N,25.713896,-80.283974,8.20,04/15/2024,00:51:53
678,295,2452,23,1,NNE,25.713896,-80.283974,8.20,04/15/2024,00:51:53
675,308,2448,24,1,NNE,25.713896,-80.283974,8.20,04/15/2024,00:51:53
675,326,2430,25,1,NNE,25.713896,-80.283974,8.30,04/15/2024,00:51:53
673,346,2452,27,1,NNE,25.713896,-80.283974,8.30,04/15/2024,00:51:53
627,337,2467,28,1,NNE,25.713896,-80.283974,8.30,04/15/2024,00:51:53
641,311,2489,25,1,NNE,25.713896,-80.283974,8.30,04/15/2024,00:51:53
648,285,2492,23,1,NNE,25.713896,-80.283974,8.30,04/15/2024,00:51:53
638,264,2482,22,0,N,25.713896,-80.283974,8.30,04/15/2024,00:51:54
641,249,2504,21,0,N,25.713898,-80.283974,8.30,04/15/2024,00:51:54
662,282,2467,23,1,NNE,25.713898,-80.283974,8.40,04/15/2024,00:51:54
634,278,2504,23,1,NNE,25.713900,-80.283974,8.40,04/15/2024,00:51:54
623,298,2512,25,1,NNE,25.713900,-80.283974,8.60,04/15/2024,00:51:54
636,333,2492,27,1,NNE,25.713900,-80.283974,8.60,04/15/2024,00:51:54
639,346,2477,28,1,NNE,25.713900,-80.283974,8.60,04/15/2024,00:51:54
650,339,2477,27,1,NNE,25.713900,-80.283974,8.70,04/15/2024,00:51:54
654,339,2459,27,1,NNE,25.713900,-80.283974,8.70,04/15/2024,00:51:54
614,324,2522,27,1,NNE,25.713900,-80.283974,8.70,04/15/2024,00:51:54
627,251,2527,21,0,N,25.713902,-80.283974,8.70,04/15/2024,00:51:55
626,209,2530,18,0,N,25.713902,-80.283974,8.90,04/15/2024,00:51:55
648,217,2492,18,0,N,25.713902,-80.283974,8.90,04/15/2024,00:51:55
670,245,2482,20,0,N,25.713902,-80.283974,8.90,04/15/2024,00:51:55
644,251,2512,21,0,N,25.713902,-80.283974,8.90,04/15/2024,00:51:55
607,278,2537,24,1,NNE,25.713902,-80.283974,8.90,04/15/2024,00:51:55
591,319,2527,28,1,NNE,25.713902,-80.283974,8.90,04/15/2024,00:51:55
601,335,2527,29,1,NNE,25.713902,-80.283974,8.90,04/15/2024,00:51:55
619,319,2519,27,1,NNE,25.713900,-80.283974,8.90,04/15/2024,00:51:55
634,289,2504,24,1,NNE,25.713900,-80.283974,8.80,04/15/2024,00:51:55
623,278,2515,24,1,NNE,25.713900,-80.283974,8.80,04/15/2024,00:51:56
634,247,2504,21,0,N,25.713900,-80.283974,8.70,04/15/2024,00:51:56
648,232,2522,19,0,N,25.713900,-80.283974,8.70,04/15/2024,00:51:56
645,215,2519,18,0,N,25.713898,-80.283974,8.70,04/15/2024,00:51:56
639,205,2527,17,0,N,25.713898,-80.283974,8.70,04/15/2024,00:51:56
664,245,2477,20,0,N,25.713898,-80.283974,8.70,04/15/2024,00:51:56
652,216,2507,18,0,N,25.713898,-80.283974,8.70,04/15/2024,00:51:56
600,258,2544,23,1,NNE,25.713898,-80.283974,8.70,04/15/2024,00:51:56
591,289,2567,26,1,NNE,25.713896,-80.283974,8.70,04/15/2024,00:51:56
595,302,2534,26,1,NNE,25.713896,-80.283974,8.60,04/15/2024,00:51:56
626,295,2522,25,1,NNE,25.713894,-80.283981,8.60,04/15/2024,00:51:57
564,294,2567,27,1,NNE,25.713894,-80.283981,8.30,04/15/2024,00:51:57
600,311,2541,27,1,NNE,25.713894,-80.283981,8.30,04/15/2024,00:51:57
605,289,2530,25,1,NNE,25.713894,-80.283981,8.30,04/15/2024,00:51:57
621,251,2522,22,0,N,25.713890,-80.283981,8.30,04/15/2024,00:51:57
680,247,2497,19,0,N,25.713890,-80.283981,8.20,04/15/2024,00:51:57
680,249,2467,20,0,N,25.713890,-80.283981,8.20,04/15/2024,00:51:57
680,266,2470,21,0,N,25.713890,-80.283981,8.20,04/15/2024,00:51:57
609,331,2527,28,1,NNE,25.713886,-80.283981,8.20,04/15/2024,00:51:58
615,344,2504,29,1,NNE,25.713886,-80.283981,8.20,04/15/2024,00:51:58
638,317,2512,26,1,NNE,25.713886,-80.283981,8.20,04/15/2024,00:51:58
605,313,2515,27,1,NNE,25.713886,-80.283981,8.20,04/15/2024,00:51:58
630,304,2519,25,1,NNE,25.713884,-80.283981,8.20,04/15/2024,00:51:58
662,260,2515,21,0,N,25.713884,-80.283981,8.20,04/15/2024,00:51:58
669,251,2482,20,0,N,25.713882,-80.283981,8.20,04/15/2024,00:51:58
707,227,2448,17,0,N,25.713882,-80.283981,8.10,04/15/2024,00:51:58
709,227,2437,17,0,N,25.713882,-80.283981,8.10,04/15/2024,00:51:58
684,243,2440,19,0,N,25.713882,-80.283981,8.10,04/15/2024,00:51:58
666,240,2497,19,0,N,25.713882,-80.283981,8.10,04/15/2024,00:51:58
644,249,2527,21,0,N,25.713879,-80.283974,8.10,04/15/2024,00:51:59
657,216,2504,18,0,N,25.713879,-80.283974,8.10,04/15/2024,00:51:59
638,236,2519,20,0,N,25.713879,-80.283974,8.10,04/15/2024,00:51:59
630,253,2519,21,0,N,25.713879,-80.283974,8.10,04/15/2024,00:51:59
595,256,2541,23,1,NNE,25.713879,-80.283974,8.10,04/15/2024,00:51:59
638,223,2504,19,0,N,25.713873,-80.283981,8.10,04/15/2024,00:51:59
680,216,2489,17,0,N,25.713873,-80.283981,7.90,04/15/2024,00:51:59
696,211,2462,16,0,N,25.713873,-80.283981,7.90,04/15/2024,00:51:59
707,184,2452,14,0,N,25.713873,-80.283981,7.90,04/15/2024,00:51:59
696,196,2462,15,0,N,25.713873,-80.283981,7.90,04/15/2024,00:51:59
657,184,2492,15,0,N,25.713873,-80.283981,7.90,04/15/2024,00:51:59
611,198,2519,17,0,N,25.713873,-80.283981,7.90,04/15/2024,00:51:59
600,226,2582,20,0,N,25.713871,-80.283981,7.90,04/15/2024,00:52:00
623,236,2512,20,0,N,25.713871,-80.283981,8.00,04/15/2024,00:52:00
638,219,2512,18,0,N,25.713869,-80.283981,8.00,04/15/2024,00:52:00
584,198,2582,18,0,N,25.713869,-80.283981,8.20,04/15/2024,00:52:00
600,215,2556,19,0,N,25.713865,-80.283981,8.20,04/15/2024,00:52:00
645,177,2522,15,0,N,25.713865,-80.283981,7.90,04/15/2024,00:52:00
645,159,2515,13,0,N,25.713865,-80.283981,7.90,04/15/2024,00:52:00
675,175,2467,14,0,N,25.713865,-80.283981,7.90,04/15/2024,00:52:00
693,207,2470,16,0,N,25.713860,-80.283981,7.90,04/15/2024,00:52:01
657,221,2515,18,0,N,25.713860,-80.283981,8.00,04/15/2024,00:52:01
587,240,2564,22,0,N,25.713860,-80.283981,8.00,04/15/2024,00:52:01
595,230,2556,21,0,N,25.713860,-80.283981,8.00,04/15/2024,00:52:01
621,236,2544,20,0,N,25.713858,-80.283981,8.00,04/15/2024,00:52:01
644,249,2489,21,0,N,25.713858,-80.283981,7.90,04/15/2024,00:52:01
591,307,2559,27,1,NNE,25.713856,-80.283981,7.90,04/15/2024,00:52:01
597,269,2541,24,1,NNE,25.713854,-80.283981,7.90,04/15/2024,00:52:01
602,234,2534,21,0,N,25.713854,-80.283981,7.90,04/15/2024,00:52:01
626,198,2556,17,0,N,25.713854,-80.283981,7.90,04/15/2024,00:52:01
654,198,2522,16,0,N,25.713854,-80.283981,7.90,04/15/2024,00:52:01
678,205,2500,16,0,N,25.713854,-80.283981,7.90,04/15/2024,00:52:01
639,209,2522,18,0,N,25.713852,-80.283981,7.90,04/15/2024,00:52:02
614,243,2544,21,0,N,25.713852,-80.283981,7.80,04/15/2024,00:52:02
609,274,2556,24,1,NNE,25.713850,-80.283981,7.80,04/15/2024,00:52:02
630,278,2512,23,1,NNE,25.713850,-80.283981,7.70,04/15/2024,00:52:02
654,266,2515,22,0,N,25.713848,-80.283981,7.70,04/15/2024,00:52:02
611,239,2549,21,0,N,25.713848,-80.283981,7.50,04/15/2024,00:52:02
619,232,2556,20,0,N,25.713848,-80.283981,7.50,04/15/2024,00:52:02
621,196,2541,17,0,N,25.713848,-80.283981,7.50,04/15/2024,00:52:02
644,177,2530,15,0,N,25.713842,-80.283974,7.50,04/15/2024,00:52:03
652,171,2522,14,0,N,25.713842,-80.283974,7.50,04/15/2024,00:52:03
691,185,2467,14,0,N,25.713842,-80.283974,7.50,04/15/2024,00:52:03
669,188,2492,15,0,N,25.713842,-80.283974,7.50,04/15/2024,00:52:03
680,207,2470,16,0,N,25.713839,-80.283974,7.50,04/15/2024,00:52:03
645,249,2504,21,0,N,25.713839,-80.283974,7.60,04/15/2024,00:52:03
641,276,2504,23,1,NNE,25.713837,-80.283974,7.60,04/15/2024,00:52:03
644,289,2519,24,1,NNE,25.713837,-80.283974,7.60,04/15/2024,00:52:03
644,285,2500,23,1,NNE,25.713835,-80.283974,7.60,04/15/2024,00:52:03
614,276,2507,24,1,NNE,25.713835,-80.283974,7.60,04/15/2024,00:52:03
639,264,2519,22,0,N,25.713833,-80.283974,7.60,04/15/2024,00:52:04
636,209,2530,18,0,N,25.713833,-80.283974,7.60,04/15/2024,00:52:04
639,171,2522,14,0,N,25.713833,-80.283974,7.60,04/15/2024,00:52:04
644,177,2515,15,0,N,25.713833,-80.283974,7.60,04/15/2024,00:52:04
666,185,2467,15,0,N,25.713829,-80.283974,7.60,04/15/2024,00:52:04
664,216,2492,18,0,N,25.713829,-80.283974,7.80,04/15/2024,00:52:04
641,230,2519,19,0,N,25.713827,-80.283974,7.80,04/15/2024,00:52:04
602,256,2559,23,1,NNE,25.713827,-80.283974,7.70,04/15/2024,00:52:04
615,264,2507,23,1,NNE,25.713827,-80.283974,7.70,04/15/2024,00:52:04
632,245,2527,21,0,N,25.713827,-80.283974,7.70,04/15/2024,00:52:04
639,227,2527,19,0,N,25.713821,-80.283974,7.70,04/15/2024,00:52:05
615,216,2549,19,0,N,25.713821,-80.283974,7.90,04/15/2024,00:52:05
619,215,2541,19,0,N,25.713820,-80.283974,7.90,04/15/2024,00:52:05
619,175,2534,15,0,N,25.713820,-80.283974,8.00,04/15/2024,00:52:05
657,179,2497,15,0,N,25.713820,-80.283974,8.00,04/15/2024,00:52:05
670,198,2507,16,0,N,25.713820,-80.283974,8.00,04/15/2024,00:52:05
678,209,2489,17,0,N,25.713818,-80.283974,8.00,04/15/2024,00:52:05
645,221,2522,18,0,N,25.713818,-80.283974,8.00,04/15/2024,00:52:05
593,232,2571,21,0,N,25.713816,-80.283974,8.00,04/15/2024,00:52:05
611,243,2549,21,0,N,25.713814,-80.283974,8.00,04/15/2024,00:52:05
623,249,2541,21,0,N,25.713814,-80.283974,8.10,04/15/2024,00:52:05
600,221,2564,20,0,N,25.713810,-80.283974,8.10,04/15/2024,00:52:06
605,236,2549,21,0,N,25.713810,-80.283974,8.20,04/15/2024,00:52:06
619,207,2534,18,0,N,25.713810,-80.283974,8.20,04/15/2024,00:52:06
632,185,2537,16,0,N,25.713810,-80.283974,8.20,04/15/2024,00:52:06
634,179,2522,15,0,N,25.713806,-80.283974,8.20,04/15/2024,00:52:06
682,207,2485,16,0,N,25.713806,-80.283974,8.20,04/15/2024,00:52:06
673,240,2482,19,0,N,25.713806,-80.283974,8.20,04/15/2024,00:52:06
654,243,2497,20,0,N,25.713806,-80.283974,8.20,04/15/2024,00:52:06
645,262,2500,22,0,N,25.713804,-80.283974,8.20,04/15/2024,00:52:06
648,276,2492,23,1,NNE,25.713804,-80.283974,8.10,04/15/2024,00:52:06
657,266,2485,22,0,N,25.713802,-80.283974,8.10,04/15/2024,00:52:07
660,227,2504,18,0,N,25.713802,-80.283974,8.20,04/15/2024,00:52:07
648,205,2530,17,0,N,25.713799,-80.283974,8.20,04/15/2024,00:52:07
662,160,2485,13,0,N,25.713799,-80.283974,8.10,04/15/2024,00:52:07
662,152,2497,12,0,N,25.713799,-80.283974,8.10,04/15/2024,00:52:07
664,129,2515,10,0,N,25.713799,-80.283974,8.10,04/15/2024,00:52:07
664,126,2515,10,0,N,25.713797,-80.283974,8.10,04/15/2024,00:52:07
657,159,2519,13,0,N,25.713797,-80.283974,8.10,04/15/2024,00:52:07
650,185,2512,15,0,N,25.713793,-80.283974,8.10,04/15/2024,00:52:07
641,221,2541,19,0,N,25.713793,-80.283974,8.10,04/15/2024,00:52:07
627,232,2534,20,0,N,25.713789,-80.283974,8.10,04/15/2024,00:52:08
626,215,2556,18,0,N,25.713789,-80.283974,8.10,04/15/2024,00:52:08
632,205,2512,17,0,N,25.713789,-80.283974,8.10,04/15/2024,00:52:08
644,175,2515,15,0,N,25.713789,-80.283974,8.10,04/15/2024,00:52:08
657,163,2519,13,0,N,25.713785,-80.283974,8.10,04/15/2024,00:52:08
652,143,2519,12,0,N,25.713785,-80.283974,8.10,04/15/2024,00:52:08
650,133,2527,11,0,N,25.713785,-80.283974,8.10,04/15/2024,00:52:08
638,130,2537,11,0,N,25.713785,-80.283974,8.10,04/15/2024,00:52:08
645,146,2527,12,0,N,25.713781,-80.283974,8.10,04/15/2024,00:52:09
639,141,2537,12,0,N,25.713781,-80.283974,8.20,04/15/2024,00:52:09
641,150,2530,13,0,N,25.713779,-80.283974,8.20,04/15/2024,00:52:09
611,177,2564,16,0,N,25.713779,-80.283974,8.20,04/15/2024,00:52:09
626,181,2552,16,0,N,25.713778,-80.283974,8.20,04/15/2024,00:52:09
652,179,2534,15,0,N,25.713778,-80.283974,8.30,04/15/2024,00:52:09
675,163,2489,13,0,N,25.713776,-80.283974,8.30,04/15/2024,00:52:09
664,146,2519,12,0,N,25.713776,-80.283974,8.40,04/15/2024,00:52:09
705,139,2462,11,0,N,25.713776,-80.283974,8.40,04/15/2024,00:52:09
684,122,2477,10,0,N,25.713776,-80.283974,8.40,04/15/2024,00:52:09
670,146,2500,12,0,N,25.713772,-80.283974,8.40,04/15/2024,00:52:10
673,160,2500,13,0,N,25.713772,-80.283974,8.30,04/15/2024,00:52:10
684,166,2489,13,0,N,25.713770,-80.283974,8.30,04/15/2024,00:52:10
669,202,2492,16,0,N,25.713770,-80.283974,8.30,04/15/2024,00:52:10
638,217,2519,18,0,N,25.713770,-80.283974,8.30,04/15/2024,00:52:10
636,214,2541,18,0,N,25.713770,-80.283974,8.30,04/15/2024,00:52:10
638,207,2544,17,0,N,25.713766,-80.283966,8.30,04/15/2024,00:52:10
623,223,2534,19,0,N,25.713766,-80.283966,8.30,04/15/2024,00:52:10
626,232,2544,20,0,N,25.713764,-80.283966,8.30,04/15/2024,00:52:10
601,214,2556,19,0,N,25.713762,-80.283966,8.30,04/15/2024,00:52:11
627,192,2541,17,0,N,25.713762,-80.283966,8.20,04/15/2024,00:52:11
627,177,2556,15,0,N,25.713762,-80.283966,8.20,04/15/2024,00:52:11
632,179,2544,15,0,N,25.713762,-80.283966,8.20,04/15/2024,00:52:11
632,172,2549,15,0,N,25.713762,-80.283966,8.20,04/15/2024,00:52:11
619,175,2541,15,0,N,25.713760,-80.283966,8.20,04/15/2024,00:52:11
630,207,2552,18,0,N,25.713760,-80.283966,8.20,04/15/2024,00:52:11
619,243,2549,21,0,N,25.713758,-80.283966,8.20,04/15/2024,00:52:11
607,266,2552,23,1,NNE,25.713755,-80.283966,8.20,04/15/2024,00:52:11
632,264,2552,22,0,N,25.713755,-80.283966,8.30,04/15/2024,00:52:11
632,234,2522,20,0,N,25.713755,-80.283966,8.30,04/15/2024,00:52:11
623,243,2519,21,0,N,25.713755,-80.283966,8.30,04/15/2024,00:52:11
619,227,2522,20,0,N,25.713751,-80.283966,8.30,04/15/2024,00:52:12
630,194,2556,17,0,N,25.713751,-80.283966,8.30,04/15/2024,00:52:12
630,175,2541,15,0,N,25.713751,-80.283966,8.30,04/15/2024,00:52:12
648,172,2527,14,0,N,25.713751,-80.283966,8.30,04/15/2024,00:52:12
650,185,2500,15,0,N,25.713749,-80.283966,8.30,04/15/2024,00:52:12
650,214,2504,18,0,N,25.713749,-80.283966,8.30,04/15/2024,00:52:12
627,214,2537,18,0,N,25.713747,-80.283966,8.30,04/15/2024,00:52:12
619,219,2541,19,0,N,25.713747,-80.283966,8.30,04/15/2024,00:52:12
626,256,2527,22,0,N,25.713743,-80.283966,8.30,04/15/2024,00:52:13
644,315,2482,26,1,NNE,25.713743,-80.283966,8.40,04/15/2024,00:52:13
641,249,2507,21,0,N,25.713743,-80.283966,8.40,04/15/2024,00:52:13
666,207,2497,17,0,N,25.713743,-80.283966,8.40,04/15/2024,00:52:13
670,175,2500,14,0,N,25.713741,-80.283966,8.40,04/15/2024,00:52:13
694,139,2489,11,0,N,25.713741,-80.283966,8.40,04/15/2024,00:52:13
705,139,2462,11,0,N,25.713739,-80.283966,8.40,04/15/2024,00:52:13
688,184,2470,14,0,N,25.713739,-80.283966,8.30,04/15/2024,00:52:13
641,207,2537,17,0,N,25.713736,-80.283966,8.30,04/15/2024,00:52:13
601,245,2549,22,0,N,25.713736,-80.283966,8.30,04/15/2024,00:52:13
627,243,2530,21,0,N,25.713736,-80.283966,8.30,04/15/2024,00:52:13
627,226,2534,19,0,N,25.713736,-80.283966,8.30,04/15/2024,00:52:13
644,234,2497,19,0,N,25.713732,-80.283966,8.30,04/15/2024,00:52:14
645,226,2519,19,0,N,25.713732,-80.283966,8.20,04/15/2024,00:52:14
652,234,2504,19,0,N,25.713732,-80.283966,8.20,04/15/2024,00:52:14
648,211,2512,18,0,N,25.713732,-80.283966,8.20,04/15/2024,00:52:14
657,201,2497,17,0,N,25.713726,-80.283966,8.20,04/15/2024,00:52:14
657,175,2519,14,0,N,25.713726,-80.283966,8.20,04/15/2024,00:52:14
675,181,2504,15,0,N,25.713724,-80.283966,8.20,04/15/2024,00:52:14
678,175,2492,14,0,N,25.713724,-80.283966,8.20,04/15/2024,00:52:14
688,192,2485,15,0,N,25.713722,-80.283966,8.20,04/15/2024,00:52:15
654,234,2504,19,0,N,25.713722,-80.283966,8.10,04/15/2024,00:52:15
657,239,2515,19,0,N,25.713720,-80.283966,8.10,04/15/2024,00:52:15
670,243,2470,19,0,N,25.713720,-80.283966,8.10,04/15/2024,00:52:15
680,190,2485,15,0,N,25.713720,-80.283966,8.10,04/15/2024,00:52:15
687,184,2504,14,0,N,25.713720,-80.283966,8.10,04/15/2024,00:52:15
687,171,2489,13,0,N,25.713717,-80.283966,8.10,04/15/2024,00:52:15
675,152,2492,12,0,N,25.713717,-80.283966,7.90,04/15/2024,00:52:15
664,137,2482,11,0,N,25.713715,-80.283966,7.90,04/15/2024,00:52:15
673,141,2482,11,0,N,25.713715,-80.283966,8.00,04/15/2024,00:52:15
636,166,2549,14,0,N,25.713715,-80.283966,8.00,04/15/2024,00:52:15
644,198,2522,17,0,N,25.713715,-80.283966,8.00,04/15/2024,00:52:15
621,221,2549,19,0,N,25.713711,-80.283966,8.00,04/15/2024,00:52:16
615,239,2522,21,0,N,25.713711,-80.283966,8.00,04/15/2024,00:52:16
621,240,2530,21,0,N,25.713707,-80.283966,8.00,04/15/2024,00:52:16
638,227,2522,19,0,N,25.713707,-80.283966,8.00,04/15/2024,00:52:16
619,226,2537,20,0,N,25.713705,-80.283966,8.00,04/15/2024,00:52:16
627,217,2537,19,0,N,25.713705,-80.283966,8.00,04/15/2024,00:52:16
632,181,2537,15,0,N,25.713705,-80.283966,8.00,04/15/2024,00:52:16
648,179,2527,15,0,N,25.713705,-80.283966,8.00,04/15/2024,00:52:16
657,163,2512,13,0,N,25.713703,-80.283966,8.00,04/15/2024,00:52:16
666,190,2515,15,0,N,25.713703,-80.283966,7.90,04/15/2024,00:52:16
638,184,2522,16,0,N,25.713701,-80.283966,7.90,04/15/2024,00:52:17
652,227,2522,19,0,N,25.713701,-80.283966,7.90,04/15/2024,00:52:17
627,240,2537,20,0,N,25.713697,-80.283966,7.90,04/15/2024,00:52:17
619,232,2530,20,0,N,25.713697,-80.283966,8.00,04/15/2024,00:52:17
650,209,2507,17,0,N,25.713697,-80.283966,8.00,04/15/2024,00:52:17
657,201,2504,17,0,N,25.713696,-80.283966,8.00,04/15/2024,00:52:17
648,192,2512,16,0,N,25.713696,-80.283966,8.00,04/15/2024,00:52:17
648,146,2530,12,0,N,25.713696,-80.283966,8.00,04/15/2024,00:52:17
638,130,2519,11,0,N,25.713696,-80.283966,8.00,04/15/2024,00:52:17
639,133,2556,11,0,N,25.713694,-80.283966,8.00,04/15/2024,00:52:18
626,143,2559,12,0,N,25.713694,-80.283966,8.10,04/15/2024,00:52:18
626,126,2544,11,0,N,25.713692,-80.283966,8.10,04/15/2024,00:52:18
638,141,2534,12,0,N,25.713692,-80.283966,8.10,04/15/2024,00:52:18
623,185,2537,16,0,N,25.713690,-80.283966,8.10,04/15/2024,00:52:18
623,198,2527,17,0,N,25.713690,-80.283966,8.10,04/15/2024,00:52:18
641,196,2497,17,0,N,25.713690,-80.283966,8.10,04/15/2024,00:52:18
650,185,2522,15,0,N,25.713690,-80.283966,8.10,04/15/2024,00:52:18
634,164,2530,14,0,N,25.713688,-80.283974,8.10,04/15/2024,00:52:18
666,156,2522,13,0,N,25.713688,-80.283974,8.10,04/15/2024,00:52:18
675,139,2482,11,0,N,25.713686,-80.283974,8.10,04/15/2024,00:52:19
666,160,2492,13,0,N,25.713686,-80.283974,8.00,04/15/2024,00:52:19
694,160,2459,12,0,N,25.713682,-80.283974,8.00,04/15/2024,00:52:19
682,150,2507,12,0,N,25.713682,-80.283974,8.20,04/15/2024,00:52:19
645,104,2519,9,0,N,25.713682,-80.283974,8.20,04/15/2024,00:52:19
678,130,2504,10,0,N,25.713682,-80.283974,8.20,04/15/2024,00:52:19
680,172,2482,14,0,N,25.713678,-80.283966,8.20,04/15/2024,00:52:19
662,188,2489,15,0,N,25.713678,-80.283966,8.20,04/15/2024,00:52:19
634,194,2504,17,0,N,25.713678,-80.283966,8.20,04/15/2024,00:52:19
652,188,2515,16,0,N,25.713678,-80.283966,8.20,04/15/2024,00:52:19
662,166,2492,14,0,N,25.713675,-80.283966,8.20,04/15/2024,00:52:20
660,141,2507,12,0,N,25.713675,-80.283966,8.20,04/15/2024,00:52:20
662,152,2519,12,0,N,25.713673,-80.283966,8.20,04/15/2024,00:52:20
693,156,2489,12,0,N,25.713673,-80.283966,8.20,04/15/2024,00:52:20
694,159,2459,12,0,N,25.713671,-80.283966,8.20,04/15/2024,00:52:20
684,172,2474,14,0,N,25.713671,-80.283966,8.10,04/15/2024,00:52:20
670,196,2492,16,0,N,25.713669,-80.283966,8.10,04/15/2024,00:52:20
654,223,2489,18,0,N,25.713669,-80.283966,8.10,04/15/2024,00:52:20
666,215,2474,17,0,N,25.713669,-80.283966,8.10,04/15/2024,00:52:20
682,201,2462,16,0,N,25.713669,-80.283966,8.10,04/15/2024,00:52:20
621,190,2522,17,0,N,25.713665,-80.283966,8.10,04/15/2024,00:52:21
630,188,2544,16,0,N,25.713665,-80.283966,8.00,04/15/2024,00:52:21
645,152,2522,13,0,N,25.713663,-80.283966,8.00,04/15/2024,00:52:21
639,152,2537,13,0,N,25.713663,-80.283966,8.00,04/15/2024,00:52:21
660,152,2507,12,0,N,25.713663,-80.283966,8.00,04/15/2024,00:52:21
682,163,2497,13,0,N,25.713661,-80.283966,8.00,04/15/2024,00:52:21
666,164,2497,13,0,N,25.713661,-80.283966,8.00,04/15/2024,00:52:21
641,184,2552,16,0,N,25.713657,-80.283966,8.00,04/15/2024,00:52:22
650,214,2522,18,0,N,25.713657,-80.283966,7.90,04/15/2024,00:52:22
657,205,2500,17,0,N,25.713655,-80.283966,7.90,04/15/2024,00:52:22
684,194,2482,15,0,N,25.713655,-80.283966,7.90,04/15/2024,00:52:22
630,168,2541,14,0,N,25.713655,-80.283966,7.90,04/15/2024,00:52:22
636,181,2544,15,0,N,25.713655,-80.283966,7.90,04/15/2024,00:52:22
627,172,2549,15,0,N,25.713654,-80.283966,7.90,04/15/2024,00:52:22
641,154,2537,13,0,N,25.713654,-80.283966,7.80,04/15/2024,00:52:22
645,133,2534,11,0,N,25.713652,-80.283966,7.80,04/15/2024,00:52:22
675,137,2492,11,0,N,25.713652,-80.283966,7.80,04/15/2024,00:52:22
664,143,2507,12,0,N,25.713650,-80.283966,7.80,04/15/2024,00:52:22
650,184,2519,15,0,N,25.713650,-80.283966,7.90,04/15/2024,00:52:22
634,217,2534,18,0,N,25.713648,-80.283966,7.90,04/15/2024,00:52:23
648,239,2519,20,0,N,25.713648,-80.283966,7.90,04/15/2024,00:52:23
652,221,2504,18,0,N,25.713644,-80.283966,7.90,04/15/2024,00:52:23
636,214,2522,18,0,N,25.713644,-80.283966,7.90,04/15/2024,00:52:23
632,209,2527,18,0,N,25.713644,-80.283966,7.90,04/15/2024,00:52:23
636,166,2522,14,0,N,25.713644,-80.283966,7.90,04/15/2024,00:52:23
641,139,2522,12,0,N,25.713642,-80.283966,7.90,04/15/2024,00:52:23
660,102,2534,8,0,N,25.713642,-80.283966,7.90,04/15/2024,00:52:23
669,106,2504,9,0,N,25.713636,-80.283966,7.90,04/15/2024,00:52:24
648,106,2537,9,0,N,25.713636,-80.283966,7.90,04/15/2024,00:52:24
662,175,2530,14,0,N,25.713636,-80.283966,7.90,04/15/2024,00:52:24
638,190,2541,16,0,N,25.713633,-80.283966,7.90,04/15/2024,00:52:24
652,185,2485,15,0,N,25.713633,-80.283966,7.80,04/15/2024,00:52:24
684,141,2477,11,0,N,25.713633,-80.283966,7.80,04/15/2024,00:52:24
644,113,2541,9,0,N,25.713633,-80.283966,7.80,04/15/2024,00:52:24
670,117,2492,9,0,N,25.713631,-80.283966,7.80,04/15/2024,00:52:24
662,108,2519,9,0,N,25.713631,-80.283966,7.90,04/15/2024,00:52:24
670,89,2527,7,0,N,25.713629,-80.283966,7.90,04/15/2024,00:52:24
678,73,2497,6,0,N,25.713629,-80.283966,7.90,04/15/2024,00:52:24
694,93,2462,7,0,N,25.713623,-80.283966,7.90,04/15/2024,00:52:25
669,102,2500,8,0,N,25.713623,-80.283966,7.90,04/15/2024,00:52:25
645,160,2519,13,0,N,25.713623,-80.283966,7.90,04/15/2024,00:52:25
630,166,2530,14,0,N,25.713623,-80.283966,7.90,04/15/2024,00:52:25
619,172,2522,15,0,N,25.713619,-80.283966,7.90,04/15/2024,00:52:25
644,168,2515,14,0,N,25.713619,-80.283966,7.90,04/15/2024,00:52:25
605,154,2556,14,0,N,25.713619,-80.283966,7.90,04/15/2024,00:52:25
636,160,2534,14,0,N,25.713619,-80.283966,7.90,04/15/2024,00:52:25
641,133,2534,11,0,N,25.713615,-80.283966,7.90,04/15/2024,00:52:26
632,120,2519,10,0,N,25.713615,-80.283966,7.80,04/15/2024,00:52:26
652,104,2541,9,0,N,25.713614,-80.283966,7.80,04/15/2024,00:52:26
648,143,2515,12,0,N,25.713614,-80.283966,7.90,04/15/2024,00:52:26
636,139,2541,12,0,N,25.713612,-80.283966,7.90,04/15/2024,00:52:26
636,181,2515,15,0,N,25.713612,-80.283966,7.90,04/15/2024,00:52:26
615,196,2541,17,0,N,25.713608,-80.283966,7.90,04/15/2024,00:52:26
632,223,2534,19,0,N,25.713608,-80.283966,7.90,04/15/2024,00:52:26
669,230,2492,18,0,N,25.713608,-80.283966,7.90,04/15/2024,00:52:26
664,207,2485,17,0,N,25.713608,-80.283966,7.90,04/15/2024,00:52:26
636,188,2537,16,0,N,25.713604,-80.283966,7.90,04/15/2024,00:52:27
666,179,2497,15,0,N,25.713602,-80.283966,7.90,04/15/2024,00:52:27
654,130,2512,11,0,N,25.713602,-80.283966,7.80,04/15/2024,00:52:27
660,95,2512,8,0,N,25.713602,-80.283966,7.80,04/15/2024,00:52:27
666,126,2504,10,0,N,25.713602,-80.283966,7.80,04/15/2024,00:52:27
660,146,2470,12,0,N,25.713600,-80.283966,7.80,04/15/2024,00:52:27
652,196,2519,16,0,N,25.713600,-80.283966,7.80,04/15/2024,00:52:27
636,236,2534,20,0,N,25.713600,-80.283966,7.80,04/15/2024,00:52:27
630,289,2522,24,1,NNE,25.713600,-80.283966,7.70,04/15/2024,00:52:27
644,276,2512,23,1,NNE,25.713598,-80.283966,7.70,04/15/2024,00:52:28
666,247,2482,20,0,N,25.713598,-80.283966,7.80,04/15/2024,00:52:28
638,236,2512,20,0,N,25.713598,-80.283966,7.80,04/15/2024,00:52:28
652,215,2519,18,0,N,25.713598,-80.283966,7.80,04/15/2024,00:52:28
652,164,2519,14,0,N,25.713594,-80.283966,7.80,04/15/2024,00:52:28
636,130,2541,11,0,N,25.713594,-80.283966,7.70,04/15/2024,00:52:28
638,124,2534,10,0,N,25.713593,-80.283966,7.70,04/15/2024,00:52:28
641,156,2534,13,0,N,25.713593,-80.283966,7.70,04/15/2024,00:52:28
632,175,2549,15,0,N,25.713591,-80.283966,7.70,04/15/2024,00:52:28
611,207,2567,18,0,N,25.713591,-80.283966,7.70,04/15/2024,00:52:28
611,232,2544,20,0,N,25.713589,-80.283966,7.70,04/15/2024,00:52:28
609,227,2549,20,0,N,25.713589,-80.283966,7.70,04/15/2024,00:52:28
621,227,2544,20,0,N,25.713585,-80.283966,7.70,04/15/2024,00:52:29
644,194,2515,16,0,N,25.713585,-80.283966,7.80,04/15/2024,00:52:29
650,190,2515,16,0,N,25.713585,-80.283966,7.80,04/15/2024,00:52:29
645,159,2530,13,0,N,25.713585,-80.283966,7.80,04/15/2024,00:52:29
641,137,2541,12,0,N,25.713583,-80.283966,7.80,04/15/2024,00:52:29
630,122,2541,10,0,N,25.713583,-80.283966,7.80,04/15/2024,00:52:29
638,124,2567,10,0,N,25.713581,-80.283966,7.80,04/15/2024,00:52:29
619,137,2552,12,0,N,25.713581,-80.283966,7.90,04/15/2024,00:52:29
652,181,2519,15,0,N,25.713577,-80.283966,7.90,04/15/2024,00:52:30
623,198,2556,17,0,N,25.713577,-80.283966,7.90,04/15/2024,00:52:30
607,223,2552,20,0,N,25.713573,-80.283966,7.90,04/15/2024,00:52:30
602,236,2571,21,0,N,25.713573,-80.283966,7.80,04/15/2024,00:52:30
641,221,2507,19,0,N,25.713573,-80.283966,7.80,04/15/2024,00:52:30
630,198,2527,17,0,N,25.713573,-80.283966,7.80,04/15/2024,00:52:30
654,214,2530,18,0,N,25.713572,-80.283966,7.80,04/15/2024,00:52:30
652,159,2530,13,0,N,25.713572,-80.283966,7.80,04/15/2024,00:52:30
638,130,2534,11,0,N,25.713570,-80.283966,7.80,04/15/2024,00:52:30
639,99,2541,8,0,N,25.713570,-80.283966,7.80,04/15/2024,00:52:30
673,122,2515,10,0,N,25.713566,-80.283966,7.80,04/15/2024,00:52:31
634,143,2541,12,0,N,25.713566,-80.283966,7.80,04/15/2024,00:52:31
639,196,2537,17,0,N,25.713566,-80.283966,7.80,04/15/2024,00:52:31
632,198,2549,17,0,N,25.713566,-80.283966,7.80,04/15/2024,00:52:31
636,207,2537,18,0,N,25.713560,-80.283966,7.80,04/15/2024,00:52:31
664,190,2504,15,0,N,25.713560,-80.283966,8.00,04/15/2024,00:52:31
639,150,2530,13,0,N,25.713560,-80.283966,8.00,04/15/2024,00:52:31
662,147,2507,12,0,N,25.713560,-80.283966,8.00,04/15/2024,00:52:31
688,130,2500,10,0,N,25.713558,-80.283966,8.00,04/15/2024,00:52:31
664,98,2477,8,0,N,25.713558,-80.283966,7.90,04/15/2024,00:52:31
666,106,2530,9,0,N,25.713554,-80.283966,7.90,04/15/2024,00:52:32
657,113,2512,9,0,N,25.713554,-80.283966,8.00,04/15/2024,00:52:32
670,111,2489,9,0,N,25.713552,-80.283966,8.00,04/15/2024,00:52:32
664,163,2507,13,0,N,25.713552,-80.283966,7.90,04/15/2024,00:52:32
634,177,2522,15,0,N,25.713552,-80.283966,7.90,04/15/2024,00:52:32
627,201,2527,17,0,N,25.713552,-80.283966,7.90,04/15/2024,00:52:32
650,192,2512,16,0,N,25.713552,-80.283966,7.90,04/15/2024,00:52:32
664,194,2512,16,0,N,25.713552,-80.283966,7.90,04/15/2024,00:52:32
626,172,2544,15,0,N,25.713547,-80.283966,7.90,04/15/2024,00:52:32
680,154,2489,12,0,N,25.713545,-80.283966,7.90,04/15/2024,00:52:33
691,126,2477,10,0,N,25.713545,-80.283966,7.90,04/15/2024,00:52:33
680,141,2512,11,0,N,25.713545,-80.283966,7.90,04/15/2024,00:52:33
670,156,2515,13,0,N,25.713545,-80.283966,7.90,04/15/2024,00:52:33
660,143,2519,12,0,N,25.713545,-80.283966,7.90,04/15/2024,00:52:33
670,181,2504,15,0,N,25.713545,-80.283966,7.90,04/15/2024,00:52:33
657,201,2512,17,0,N,25.713541,-80.283966,7.90,04/15/2024,00:52:33
652,211,2500,17,0,N,25.713541,-80.283966,7.80,04/15/2024,00:52:33
660,214,2507,17,0,N,25.713539,-80.283966,7.80,04/15/2024,00:52:33
678,198,2474,16,0,N,25.713539,-80.283966,7.80,04/15/2024,00:52:33
652,185,2507,15,0,N,25.713539,-80.283966,7.80,04/15/2024,00:52:33
691,150,2482,12,0,N,25.713539,-80.283966,7.80,04/15/2024,00:52:33
675,108,2497,9,0,N,25.713535,-80.283966,7.80,04/15/2024,00:52:34
666,89,2530,7,0,N,25.713535,-80.283966,7.70,04/15/2024,00:52:34
657,76,2515,6,0,N,25.713533,-80.283966,7.70,04/15/2024,00:52:34
666,104,2527,8,0,N,25.713533,-80.283966,7.80,04/15/2024,00:52:34
678,122,2497,10,0,N,25.713531,-80.283966,7.80,04/15/2024,00:52:34
654,160,2519,13,0,N,25.713531,-80.283966,7.90,04/15/2024,00:52:34
654,181,2515,15,0,N,25.713530,-80.283966,7.90,04/15/2024,00:52:34
630,190,2564,16,0,N,25.713530,-80.283966,7.80,04/15/2024,00:52:34
641,172,2541,15,0,N,25.713526,-80.283966,7.80,04/15/2024,00:52:35
638,156,2530,13,0,N,25.713526,-80.283966,7.90,04/15/2024,00:52:35
652,126,2522,10,0,N,25.713526,-80.283966,7.90,04/15/2024,00:52:35
654,117,2556,10,0,N,25.713526,-80.283966,7.90,04/15/2024,00:52:35
657,106,2527,9,0,N,25.713524,-80.283966,7.90,04/15/2024,00:52:35
669,104,2534,8,0,N,25.713524,-80.283966,7.90,04/15/2024,00:52:35
670,122,2527,10,0,N,25.713520,-80.283966,7.90,04/15/2024,00:52:35
664,146,2504,12,0,N,25.713520,-80.283966,7.90,04/15/2024,00:52:35
687,168,2482,13,0,N,25.713516,-80.283966,7.90,04/15/2024,00:52:35
657,201,2512,17,0,N,25.713514,-80.283966,7.90,04/15/2024,00:52:36
641,207,2519,17,0,N,25.713514,-80.283966,7.90,04/15/2024,00:52:36
670,205,2527,17,0,N,25.713514,-80.283966,7.90,04/15/2024,00:52:36
693,179,2497,14,0,N,25.713514,-80.283966,7.90,04/15/2024,00:52:36
657,137,2519,11,0,N,25.713512,-80.283966,7.90,04/15/2024,00:52:36
634,98,2556,8,0,N,25.713512,-80.283966,7.90,04/15/2024,00:52:36
645,91,2530,8,0,N,25.713511,-80.283966,7.90,04/15/2024,00:52:36
644,85,2519,7,0,N,25.713511,-80.283966,7.80,04/15/2024,00:52:36
652,108,2504,9,0,N,25.713507,-80.283966,7.80,04/15/2024,00:52:36
652,135,2519,11,0,N,25.713507,-80.283966,7.80,04/15/2024,00:52:36
634,150,2544,13,0,N,25.713507,-80.283966,7.80,04/15/2024,00:52:36
648,181,2527,15,0,N,25.713507,-80.283966,7.80,04/15/2024,00:52:36
654,196,2497,16,0,N,25.713503,-80.283966,7.80,04/15/2024,00:52:37
630,194,2549,17,0,N,25.713503,-80.283966,7.80,04/15/2024,00:52:37
566,160,2579,15,0,N,25.713503,-80.283966,7.80,04/15/2024,00:52:37
623,177,2537,15,0,N,25.713503,-80.283966,7.80,04/15/2024,00:52:37
648,147,2504,12,0,N,25.713499,-80.283966,7.80,04/15/2024,00:52:37
636,104,2534,9,0,N,25.713499,-80.283966,7.80,04/15/2024,00:52:37
639,95,2552,8,0,N,25.713497,-80.283966,7.80,04/15/2024,00:52:37
634,104,2530,9,0,N,25.713497,-80.283966,7.80,04/15/2024,00:52:37
630,108,2582,9,0,N,25.713495,-80.283966,7.80,04/15/2024,00:52:38
664,143,2530,12,0,N,25.713495,-80.283966,7.70,04/15/2024,00:52:38
614,168,2544,15,0,N,25.713493,-80.283966,7.70,04/15/2024,00:52:38
621,201,2559,17,0,N,25.713493,-80.283966,7.70,04/15/2024,00:52:38
626,185,2567,16,0,N,25.713493,-80.283966,7.70,04/15/2024,00:52:38
621,177,2604,15,0,N,25.713493,-80.283966,7.70,04/15/2024,00:52:38
601,172,2586,15,0,N,25.713488,-80.283966,7.70,04/15/2024,00:52:38
657,163,2534,13,0,N,25.713488,-80.283966,7.80,04/15/2024,00:52:38
657,126,2544,10,0,N,25.713488,-80.283966,7.80,04/15/2024,00:52:38
636,104,2544,9,0,N,25.713488,-80.283966,7.80,04/15/2024,00:52:38
634,113,2544,10,0,N,25.713486,-80.283966,7.80,04/15/2024,00:52:38
630,156,2574,13,0,N,25.713486,-80.283966,7.80,04/15/2024,00:52:38
626,164,2537,14,0,N,25.713482,-80.283966,7.80,04/15/2024,00:52:39
602,234,2559,21,0,N,25.713482,-80.283966,7.70,04/15/2024,00:52:39
600,243,2574,22,0,N,25.713480,-80.283966,7.70,04/15/2024,00:52:39
627,247,2544,21,0,N,25.713480,-80.283966,7.90,04/15/2024,00:52:39
619,226,2564,20,0,N,25.713480,-80.283966,7.90,04/15/2024,00:52:39
584,217,2579,20,0,N,25.713480,-80.283966,7.90,04/15/2024,00:52:39
634,205,2537,17,0,N,25.713478,-80.283966,7.90,04/15/2024,00:52:39
615,163,2556,14,0,N,25.713478,-80.283966,7.80,04/15/2024,00:52:39
619,137,2544,12,0,N,25.713476,-80.283966,7.80,04/15/2024,00:52:39
630,113,2549,10,0,N,25.713476,-80.283966,7.80,04/15/2024,00:52:39
638,129,2544,11,0,N,25.713474,-80.283958,7.80,04/15/2024,00:52:40
627,129,2556,11,0,N,25.713474,-80.283958,7.90,04/15/2024,00:52:40
641,126,2544,11,0,N,25.713472,-80.283958,7.90,04/15/2024,00:52:40
654,175,2534,14,0,N,25.713472,-80.283958,7.90,04/15/2024,00:52:40
636,216,2537,18,0,N,25.713469,-80.283958,7.90,04/15/2024,00:52:40
627,227,2537,19,0,N,25.713465,-80.283958,7.90,04/15/2024,00:52:40
542,227,2608,22,0,N,25.713465,-80.283958,7.80,04/15/2024,00:52:40
650,214,2515,18,0,N,25.713465,-80.283958,7.80,04/15/2024,00:52:40
654,184,2522,15,0,N,25.713465,-80.283958,7.80,04/15/2024,00:52:40
664,154,2522,13,0,N,25.713463,-80.283958,7.80,04/15/2024,00:52:41
657,129,2504,11,0,N,25.713463,-80.283958,7.70,04/15/2024,00:52:41
673,137,2515,11,0,N,25.713461,-80.283958,7.70,04/15/2024,00:52:41
648,135,2527,11,0,N,25.713461,-80.283958,7.80,04/15/2024,00:52:41
673,172,2512,14,0,N,25.713457,-80.283958,7.80,04/15/2024,00:52:41
645,219,2530,18,0,N,25.713457,-80.283958,7.50,04/15/2024,00:52:41
669,234,2507,19,0,N,25.713457,-80.283958,7.50,04/15/2024,00:52:41
682,234,2504,18,0,N,25.713457,-80.283958,7.50,04/15/2024,00:52:41
634,202,2541,17,0,N,25.713455,-80.283958,7.50,04/15/2024,00:52:41
602,188,2582,17,0,N,25.713455,-80.283958,7.50,04/15/2024,00:52:41
607,150,2559,13,0,N,25.713453,-80.283958,7.50,04/15/2024,00:52:42
607,117,2582,10,0,N,25.713453,-80.283958,7.50,04/15/2024,00:52:42
619,93,2559,8,0,N,25.713448,-80.283958,7.50,04/15/2024,00:52:42
660,95,2515,8,0,N,25.713448,-80.283958,7.60,04/15/2024,00:52:42
660,98,2519,8,0,N,25.713448,-80.283958,7.60,04/15/2024,00:52:42
678,104,2482,8,0,N,25.713448,-80.283958,7.60,04/15/2024,00:52:42
673,135,2519,11,0,N,25.713448,-80.283958,7.60,04/15/2024,00:52:42
644,152,2530,13,0,N,25.713444,-80.283958,7.60,04/15/2024,00:52:42
607,202,2556,18,0,N,25.713444,-80.283958,7.60,04/15/2024,00:52:43
609,198,2556,18,0,N,25.713444,-80.283958,7.40,04/15/2024,00:52:43
589,211,2579,19,0,N,25.713444,-80.283958,7.40,04/15/2024,00:52:43
607,211,2552,19,0,N,25.713444,-80.283958,7.40,04/15/2024,00:52:43
618,177,2579,15,0,N,25.713438,-80.283958,7.40,04/15/2024,00:52:43
605,159,2597,14,0,N,25.713438,-80.283958,7.30,04/15/2024,00:52:43
611,137,2579,12,0,N,25.713436,-80.283958,7.30,04/15/2024,00:52:43
623,179,2541,16,0,N,25.713436,-80.283958,7.30,04/15/2024,00:52:43
602,177,2556,16,0,N,25.713434,-80.283958,7.30,04/15/2024,00:52:43
601,215,2552,19,0,N,25.713434,-80.283958,7.30,04/15/2024,00:52:43
589,223,2571,20,0,N,25.713432,-80.283958,7.30,04/15/2024,00:52:44
593,243,2559,22,0,N,25.713432,-80.283958,7.30,04/15/2024,00:52:44
615,227,2541,20,0,N,25.713432,-80.283958,7.30,04/15/2024,00:52:44
623,234,2530,20,0,N,25.713432,-80.283958,7.30,04/15/2024,00:52:44
602,215,2564,19,0,N,25.713428,-80.283958,7.30,04/15/2024,00:52:44
648,234,2500,19,0,N,25.713428,-80.283958,7.20,04/15/2024,00:52:44
673,198,2504,16,0,N,25.713428,-80.283958,7.20,04/15/2024,00:52:44
660,190,2522,16,0,N,25.713428,-80.283958,7.20,04/15/2024,00:52:44
662,209,2504,17,0,N,25.713427,-80.283958,7.20,04/15/2024,00:52:44
639,209,2515,18,0,N,25.713427,-80.283958,7.20,04/15/2024,00:52:44
648,230,2507,19,0,N,25.713423,-80.283958,7.20,04/15/2024,00:52:45
660,264,2500,21,0,N,25.713423,-80.283958,7.20,04/15/2024,00:52:45
644,287,2504,24,1,NNE,25.713421,-80.283958,7.20,04/15/2024,00:52:45
630,294,2537,25,1,NNE,25.713421,-80.283958,7.20,04/15/2024,00:52:45
619,285,2527,24,1,NNE,25.713421,-80.283958,7.20,04/15/2024,00:52:45
627,291,2522,24,1,NNE,25.713421,-80.283958,7.20,04/15/2024,00:52:45
652,258,2504,21,0,N,25.713417,-80.283958,7.20,04/15/2024,00:52:45
657,251,2500,20,0,N,25.713417,-80.283958,7.20,04/15/2024,00:52:45
670,253,2485,20,0,N,25.713415,-80.283958,7.20,04/15/2024,00:52:45
669,230,2497,18,0,N,25.713415,-80.283958,7.20,04/15/2024,00:52:45
670,185,2497,15,0,N,25.713413,-80.283958,7.20,04/15/2024,00:52:45
657,166,2500,14,0,N,25.713413,-80.283958,7.20,04/15/2024,00:52:45
654,172,2507,14,0,N,25.713411,-80.283958,7.20,04/15/2024,00:52:46
662,207,2519,17,0,N,25.713411,-80.283958,7.20,04/15/2024,00:52:46
657,214,2515,18,0,N,25.713408,-80.283951,7.20,04/15/2024,00:52:46
626,262,2537,22,0,N,25.713408,-80.283951,7.30,04/15/2024,00:52:46
623,281,2544,24,1,NNE,25.713408,-80.283951,7.30,04/15/2024,00:52:46
630,278,2512,23,1,NNE,25.713408,-80.283951,7.30,04/15/2024,00:52:46
654,272,2504,22,0,N,25.713406,-80.283951,7.30,04/15/2024,00:52:46
639,291,2527,24,1,NNE,25.713406,-80.283951,7.20,04/15/2024,00:52:46
632,270,2522,23,1,NNE,25.713404,-80.283951,7.20,04/15/2024,00:52:46
614,313,2534,27,1,NNE,25.713404,-80.283951,7.10,04/15/2024,00:52:46
634,313,2512,26,1,NNE,25.713398,-80.283951,7.10,04/15/2024,00:52:47
638,295,2519,24,1,NNE,25.713396,-80.283951,7.10,04/15/2024,00:52:47
548,427,2552,37,1,NNE,25.713396,-80.283951,7.10,04/15/2024,00:52:47
548,557,2477,45,2,NE,25.713396,-80.283951,7.10,04/15/2024,00:52:47
550,580,2415,46,2,NE,25.713396,-80.283951,7.10,04/15/2024,00:52:47
532,614,2415,49,2,NE,25.713396,-80.283951,7.10,04/15/2024,00:52:47
484,571,2467,49,2,NE,25.713396,-80.283951,7.10,04/15/2024,00:52:47
442,563,2530,51,2,NE,25.713392,-80.283951,7.10,04/15/2024,00:52:47
454,510,2544,48,2,NE,25.713392,-80.283951,7.10,04/15/2024,00:52:47
485,500,2537,45,2,NE,25.713388,-80.283951,7.10,04/15/2024,00:52:48
520,497,2527,43,1,NNE,25.713388,-80.283951,7.00,04/15/2024,00:52:48
564,496,2470,41,1,NNE,25.713388,-80.283951,7.00,04/15/2024,00:52:48
548,477,2467,41,1,NNE,25.713388,-80.283951,7.00,04/15/2024,00:52:48
561,500,2474,41,1,NNE,25.713385,-80.283951,7.00,04/15/2024,00:52:48
589,519,2430,41,1,NNE,25.713385,-80.283951,7.10,04/15/2024,00:52:48
644,436,2418,34,1,NNE,25.713385,-80.283951,7.10,04/15/2024,00:52:48
623,390,2467,32,1,NNE,25.713385,-80.283951,7.10,04/15/2024,00:52:48
619,445,2455,35,1,NNE,25.713383,-80.283951,7.10,04/15/2024,00:52:49
593,484,2482,39,1,NNE,25.713383,-80.283951,7.10,04/15/2024,00:52:49
566,487,2477,40,1,NNE,25.713381,-80.283951,7.10,04/15/2024,00:52:49
591,454,2492,37,1,NNE,25.713381,-80.283951,7.10,04/15/2024,00:52:49
615,416,2512,34,1,NNE,25.713379,-80.283951,7.10,04/15/2024,00:52:49
614,399,2489,33,1,NNE,25.713379,-80.283951,7.10,04/15/2024,00:52:49
615,442,2462,35,1,NNE,25.713377,-80.283951,7.10,04/15/2024,00:52:49
636,447,2425,35,1,NNE,25.713375,-80.283951,7.10,04/15/2024,00:52:49
666,441,2381,33,1,NNE,25.713375,-80.283951,7.00,04/15/2024,00:52:49
682,355,2433,27,1,NNE,25.713375,-80.283951,7.00,04/15/2024,00:52:49
657,359,2467,28,1,NNE,25.713375,-80.283951,7.00,04/15/2024,00:52:49
645,380,2455,30,1,NNE,25.713373,-80.283951,7.00,04/15/2024,00:52:50
664,390,2445,30,1,NNE,25.713373,-80.283951,7.10,04/15/2024,00:52:50
662,363,2452,28,1,NNE,25.713373,-80.283951,7.10,04/15/2024,00:52:50
664,344,2455,27,1,NNE,25.713373,-80.283951,7.10,04/15/2024,00:52:50
682,337,2445,26,1,NNE,25.713371,-80.283951,7.10,04/15/2024,00:52:50
705,333,2445,25,1,NNE,25.713371,-80.283951,7.10,04/15/2024,00:52:50
733,337,2381,24,1,NNE,25.713367,-80.283951,7.10,04/15/2024,00:52:50
675,339,2452,26,1,NNE,25.713367,-80.283951,7.20,04/15/2024,00:52:50
678,365,2433,28,1,NNE,25.713367,-80.283951,7.20,04/15/2024,00:52:51
657,352,2489,28,1,NNE,25.713367,-80.283951,7.20,04/15/2024,00:52:51
636,405,2459,32,1,NNE,25.713367,-80.283951,7.20,04/15/2024,00:52:51
673,420,2418,31,1,NNE,25.713367,-80.283951,7.20,04/15/2024,00:52:51
684,427,2400,31,1,NNE,25.713366,-80.283951,7.20,04/15/2024,00:52:51
694,313,2440,24,1,NNE,25.713366,-80.283951,7.20,04/15/2024,00:52:51
693,276,2455,21,0,N,25.713366,-80.283951,7.20,04/15/2024,00:52:51
743,188,2437,14,0,N,25.713366,-80.283951,7.20,04/15/2024,00:52:51
774,135,2370,9,0,N,25.713366,-80.283951,7.20,04/15/2024,00:52:51
782,156,2373,11,0,N,25.713366,-80.283951,7.30,04/15/2024,00:52:51
727,251,2437,19,0,N,25.713364,-80.283951,7.30,04/15/2024,00:52:51
639,333,2512,27,1,NNE,25.713364,-80.283951,7.20,04/15/2024,00:52:51
618,377,2504,31,1,NNE,25.713364,-80.283951,7.20,04/15/2024,00:52:52
611,431,2489,35,1,NNE,25.713364,-80.283951,7.30,04/15/2024,00:52:52
600,466,2440,37,1,NNE,25.713364,-80.283951,7.30,04/15/2024,00:52:52
602,502,2445,39,1,NNE,25.713364,-80.283951,7.30,04/15/2024,00:52:52
595,493,2430,39,1,NNE,25.713366,-80.283951,7.30,04/15/2024,00:52:52
545,471,2512,40,1,NNE,25.713366,-80.283951,7.30,04/15/2024,00:52:52
566,481,2500,40,1,NNE,25.713366,-80.283951,7.30,04/15/2024,00:52:52
597,473,2474,38,1,NNE,25.713366,-80.283951,7.30,04/15/2024,00:52:52
591,468,2485,38,1,NNE,25.713366,-80.283951,7.30,04/15/2024,00:52:53
568,487,2492,40,1,NNE,25.713366,-80.283951,7.30,04/15/2024,00:52:53
538,487,2522,42,1,NNE,25.713366,-80.283951,7.30,04/15/2024,00:52:53
542,471,2556,40,1,NNE,25.713366,-80.283951,7.30,04/15/2024,00:52:53
584,438,2534,36,1,NNE,25.713366,-80.283951,7.30,04/15/2024,00:52:53
618,390,2500,32,1,NNE,25.713366,-80.283951,7.20,04/15/2024,00:52:53
623,380,2492,31,1,NNE,25.713366,-80.283951,7.20,04/15/2024,00:52:53
644,361,2477,29,1,NNE,25.713366,-80.283951,7.10,04/15/2024,00:52:53
662,344,2448,27,1,NNE,25.713366,-80.283951,7.10,04/15/2024,00:52:53
696,342,2418,26,1,NNE,25.713366,-80.283951,7.10,04/15/2024,00:52:54
725,348,2395,25,1,NNE,25.713366,-80.283951,6.90,04/15/2024,00:52:54
731,369,2358,26,1,NNE,25.713366,-80.283951,6.90,04/15/2024,00:52:54
748,388,2318,27,1,NNE,25.713366,-80.283951,6.90,04/15/2024,00:52:54
806,390,2266,25,1,NNE,25.713366,-80.283943,6.90,04/15/2024,00:52:54
800,386,2239,25,1,NNE,25.713366,-80.283943,7.00,04/15/2024,00:52:54
819,393,2224,25,1,NNE,25.713366,-80.283943,7.00,04/15/2024,00:52:54
808,374,2243,24,1,NNE,25.713366,-80.283943,7.00,04/15/2024,00:52:54
812,355,2258,23,1,NNE,25.713366,-80.283943,7.00,04/15/2024,00:52:54
808,333,2273,22,0,N,25.713366,-80.283943,7.10,04/15/2024,00:52:54
812,342,2276,22,0,N,25.713366,-80.283943,7.10,04/15/2024,00:52:55
812,325,2296,21,0,N,25.713366,-80.283943,7.20,04/15/2024,00:52:55
774,291,2328,20,0,N,25.713366,-80.283943,7.20,04/15/2024,00:52:55
785,262,2325,18,0,N,25.713366,-80.283943,7.20,04/15/2024,00:52:55
774,251,2363,17,0,N,25.713367,-80.283943,7.20,04/15/2024,00:52:55
780,249,2336,17,0,N,25.713367,-80.283943,7.30,04/15/2024,00:52:55
774,264,2370,18,0,N,25.713367,-80.283943,7.30,04/15/2024,00:52:55
761,262,2370,18,0,N,25.713367,-80.283943,7.30,04/15/2024,00:52:55
761,272,2395,19,0,N,25.713366,-80.283943,7.30,04/15/2024,00:52:55
735,281,2410,20,0,N,25.713366,-80.283943,7.60,04/15/2024,00:52:55
725,285,2425,21,0,N,25.713366,-80.283943,7.60,04/15/2024,00:52:55
737,298,2403,22,0,N,25.713366,-80.283943,7.60,04/15/2024,00:52:55
731,319,2415,23,1,NNE,25.713366,-80.283943,7.60,04/15/2024,00:52:56
753,315,2363,22,0,N,25.713366,-80.283943,7.60,04/15/2024,00:52:56
778,313,2348,21,0,N,25.713366,-80.283936,7.60,04/15/2024,00:52:56
787,282,2351,19,0,N,25.713366,-80.283936,7.80,04/15/2024,00:52:56
778,264,2355,18,0,N,25.713366,-80.283936,7.80,04/15/2024,00:52:56
731,205,2452,15,0,N,25.713366,-80.283936,7.80,04/15/2024,00:52:56
743,154,2445,11,0,N,25.713366,-80.283936,7.90,04/15/2024,00:52:56
742,146,2425,11,0,N,25.713366,-80.283936,7.90,04/15/2024,00:52:56
746,141,2437,10,0,N,25.713366,-80.283936,7.90,04/15/2024,00:52:56
743,141,2422,10,0,N,25.713366,-80.283936,7.90,04/15/2024,00:52:57
731,160,2433,12,0,N,25.713366,-80.283936,7.70,04/15/2024,00:52:57
707,160,2440,12,0,N,25.713366,-80.283936,7.70,04/15/2024,00:52:57
723,175,2448,13,0,N,25.713366,-80.283936,7.80,04/15/2024,00:52:57
723,160,2462,12,0,N,25.713366,-80.283936,7.80,04/15/2024,00:52:57
746,179,2430,13,0,N,25.713366,-80.283936,7.80,04/15/2024,00:52:57
751,156,2425,11,0,N,25.713366,-80.283936,7.80,04/15/2024,00:52:57
748,120,2410,9,0,N,25.713366,-80.283936,7.80,04/15/2024,00:52:58
742,108,2437,8,0,N,25.713366,-80.283936,7.70,04/15/2024,00:52:58
753,120,2395,9,0,N,25.713366,-80.283936,7.70,04/15/2024,00:52:58
730,150,2437,11,0,N,25.713366,-80.283936,7.70,04/15/2024,00:52:58
723,154,2448,12,0,N,25.713366,-80.283936,7.70,04/15/2024,00:52:58
703,143,2485,11,0,N,25.713366,-80.283936,7.70,04/15/2024,00:52:58
675,159,2500,13,0,N,25.713366,-80.283936,7.40,04/15/2024,00:52:58
641,163,2552,14,0,N,25.713362,-80.283936,7.40,04/15/2024,00:52:58
650,147,2541,12,0,N,25.713362,-80.283936,6.90,04/15/2024,00:52:58
696,179,2477,14,0,N,25.713362,-80.283936,6.90,04/15/2024,00:52:58
717,168,2470,13,0,N,25.713362,-80.283936,6.90,04/15/2024,00:52:58
721,190,2455,14,0,N,25.713360,-80.283936,6.90,04/15/2024,00:52:58
705,168,2477,13,0,N,25.713360,-80.283936,6.80,04/15/2024,00:52:58
699,171,2474,13,0,N,25.713360,-80.283936,6.80,04/15/2024,00:52:59
693,154,2477,12,0,N,25.713360,-80.283936,6.80,04/15/2024,00:52:59
680,160,2512,13,0,N,25.713360,-80.283936,6.80,04/15/2024,00:52:59
682,141,2512,11,0,N,25.713360,-80.283936,6.80,04/15/2024,00:52:59
693,150,2492,12,0,N,25.713360,-80.283936,6.80,04/15/2024,00:52:59
687,146,2492,11,0,N,25.713360,-80.283936,6.90,04/15/2024,00:52:59
660,152,2515,12,0,N,25.713360,-80.283936,6.90,04/15/2024,00:52:59
675,160,2492,13,0,N,25.713360,-80.283936,6.90,04/15/2024,00:52:59
662,159,2527,13,0,N,25.713362,-80.283936,6.90,04/15/2024,00:53:00
687,172,2489,14,0,N,25.713362,-80.283936,7.00,04/15/2024,00:53:00
703,150,2470,12,0,N,25.713362,-80.283936,7.00,04/15/2024,00:53:00
712,154,2470,12,0,N,25.713362,-80.283936,7.00,04/15/2024,00:53:00
682,152,2519,12,0,N,25.713362,-80.283936,7.00,04/15/2024,00:53:00
714,179,2459,14,0,N,25.713362,-80.283936,7.10,04/15/2024,00:53:00
703,179,2455,14,0,N,25.713364,-80.283936,7.10,04/15/2024,00:53:00
717,184,2448,14,0,N,25.713364,-80.283936,7.10,04/15/2024,00:53:00
709,181,2485,14,0,N,25.713364,-80.283936,7.10,04/15/2024,00:53:00
693,196,2489,15,0,N,25.713364,-80.283936,7.20,04/15/2024,00:53:00
669,201,2519,16,0,N,25.713364,-80.283936,7.20,04/15/2024,00:53:01
678,216,2485,17,0,N,25.713364,-80.283936,7.20,04/15/2024,00:53:01
682,240,2489,19,0,N,25.713364,-80.283936,7.20,04/15/2024,00:53:01
680,227,2492,18,0,N,25.713364,-80.283936,7.20,04/15/2024,00:53:01
678,226,2489,18,0,N,25.713364,-80.283936,7.20,04/15/2024,00:53:01
678,214,2530,17,0,N,25.713366,-80.283936,7.20,04/15/2024,00:53:01
634,188,2556,16,0,N,25.713366,-80.283936,7.40,04/15/2024,00:53:01
662,185,2527,15,0,N,25.713366,-80.283936,7.40,04/15/2024,00:53:01
657,190,2522,16,0,N,25.713366,-80.283936,7.40,04/15/2024,00:53:01
654,205,2537,17,0,N,25.713367,-80.283936,7.40,04/15/2024,00:53:01
648,211,2519,18,0,N,25.713369,-80.283936,7.40,04/15/2024,00:53:01
639,226,2522,19,0,N,25.713373,-80.283936,7.40,04/15/2024,00:53:02
611,227,2579,20,0,N,25.713373,-80.283936,7.50,04/15/2024,00:53:02
648,232,2527,19,0,N,25.713373,-80.283936,7.50,04/15/2024,00:53:02
645,243,2527,20,0,N,25.713373,-80.283936,7.40,04/15/2024,00:53:02
641,239,2530,20,0,N,25.713373,-80.283936,7.40,04/15/2024,00:53:02
638,215,2541,18,0,N,25.713373,-80.283936,7.40,04/15/2024,00:53:02
634,216,2544,18,0,N,25.713375,-80.283936,7.40,04/15/2024,00:53:02
652,216,2519,18,0,N,25.713375,-80.283936,7.40,04/15/2024,00:53:02
638,207,2527,17,0,N,25.713377,-80.283936,7.40,04/15/2024,00:53:02
670,188,2492,15,0,N,25.713377,-80.283936,7.30,04/15/2024,00:53:02
660,209,2519,17,0,N,25.713379,-80.283936,7.30,04/15/2024,00:53:02
662,227,2515,18,0,N,25.713379,-80.283936,7.20,04/15/2024,00:53:02
639,223,2512,19,0,N,25.713381,-80.283936,7.20,04/15/2024,00:53:03
673,245,2489,20,0,N,25.713381,-80.283936,7.30,04/15/2024,00:53:03
657,232,2500,19,0,N,25.713383,-80.283936,7.30,04/15/2024,00:53:03
684,249,2470,20,0,N,25.713383,-80.283936,7.30,04/15/2024,00:53:03
669,260,2497,21,0,N,25.713383,-80.283936,7.20,04/15/2024,00:53:03
666,240,2515,19,0,N,25.713383,-80.283936,7.20,04/15/2024,00:53:03
660,234,2527,19,0,N,25.713385,-80.283936,7.20,04/15/2024,00:53:03
652,230,2519,19,0,N,25.713385,-80.283936,7.20,04/15/2024,00:53:03
657,236,2515,19,0,N,25.713387,-80.283936,7.20,04/15/2024,00:53:03
680,230,2500,18,0,N,25.713387,-80.283936,7.10,04/15/2024,00:53:03
660,226,2507,18,0,N,25.713390,-80.283936,7.10,04/15/2024,00:53:04
652,232,2527,19,0,N,25.713390,-80.283936,7.10,04/15/2024,00:53:04
657,209,2500,17,0,N,25.713390,-80.283936,7.10,04/15/2024,00:53:04
669,214,2482,17,0,N,25.713390,-80.283936,7.10,04/15/2024,00:53:04
666,215,2482,17,0,N,25.713390,-80.283936,7.10,04/15/2024,00:53:04
662,217,2507,18,0,N,25.713390,-80.283936,7.00,04/15/2024,00:53:04
657,217,2515,18,0,N,25.713392,-80.283936,7.00,04/15/2024,00:53:04
645,214,2534,18,0,N,25.713392,-80.283936,7.10,04/15/2024,00:53:04
657,209,2512,17,0,N,25.713396,-80.283936,7.10,04/15/2024,00:53:05
669,216,2489,17,0,N,25.713396,-80.283936,7.10,04/15/2024,00:53:05
673,211,2519,17,0,N,25.713396,-80.283936,7.10,04/15/2024,00:53:05
670,216,2492,17,0,N,25.713396,-80.283936,7.10,04/15/2024,00:53:05
641,236,2527,20,0,N,25.713400,-80.283936,7.10,04/15/2024,00:53:05
654,239,2500,20,0,N,25.713400,-80.283936,7.20,04/15/2024,00:53:05
700,243,2448,19,0,N,25.713400,-80.283936,7.20,04/15/2024,00:53:05
699,245,2452,19,0,N,25.713404,-80.283936,7.20,04/15/2024,00:53:05
696,214,2470,17,0,N,25.713404,-80.283936,7.30,04/15/2024,00:53:05
682,188,2492,15,0,N,25.713406,-80.283936,7.30,04/15/2024,00:53:06
675,185,2470,15,0,N,25.713406,-80.283936,7.20,04/15/2024,00:53:06
669,192,2485,16,0,N,25.713408,-80.283936,7.20,04/15/2024,00:53:06
678,202,2522,16,0,N,25.713408,-80.283936,7.20,04/15/2024,00:53:06
670,209,2500,17,0,N,25.713408,-80.283936,7.20,04/15/2024,00:53:06
634,201,2541,17,0,N,25.713408,-80.283936,7.20,04/15/2024,00:53:06
664,223,2482,18,0,N,25.713409,-80.283936,7.20,04/15/2024,00:53:06
699,251,2448,19,0,N,25.713409,-80.283936,7.10,04/15/2024,00:53:06
687,236,2477,18,0,N,25.713409,-80.283936,7.10,04/15/2024,00:53:06
684,217,2485,17,0,N,25.713409,-80.283936,7.10,04/15/2024,00:53:06
678,216,2492,17,0,N,25.713413,-80.283936,7.10,04/15/2024,00:53:07
693,221,2470,17,0,N,25.713413,-80.283936,7.10,04/15/2024,00:53:07
669,232,2497,19,0,N,25.713413,-80.283936,7.10,04/15/2024,00:53:07
693,221,2477,17,0,N,25.713413,-80.283936,7.10,04/15/2024,00:53:07
696,223,2448,17,0,N,25.713417,-80.283936,7.10,04/15/2024,00:53:07
709,243,2467,18,0,N,25.713417,-80.283936,7.00,04/15/2024,00:53:07
684,247,2455,19,0,N,25.713417,-80.283936,7.00,04/15/2024,00:53:07
709,270,2422,20,0,N,25.713417,-80.283936,7.10,04/15/2024,00:53:07
707,276,2437,21,0,N,25.713421,-80.283936,7.10,04/15/2024,00:53:07
707,274,2437,21,0,N,25.713421,-80.283936,7.10,04/15/2024,00:53:07
680,247,2485,19,0,N,25.713421,-80.283936,7.10,04/15/2024,00:53:07
657,256,2497,21,0,N,25.713421,-80.283936,7.10,04/15/2024,00:53:07
652,272,2512,22,0,N,25.713421,-80.283936,7.10,04/15/2024,00:53:08
682,281,2459,22,0,N,25.713421,-80.283936,7.10,04/15/2024,00:53:08
673,269,2470,21,0,N,25.713423,-80.283936,7.10,04/15/2024,00:53:08
675,258,2459,20,0,N,25.713423,-80.283936,7.10,04/15/2024,00:53:08
675,256,2448,20,0,N,25.713425,-80.283936,7.10,04/15/2024,00:53:08
657,269,2485,22,0,N,25.713425,-80.283936,7.00,04/15/2024,00:53:08
626,258,2512,22,0,N,25.713427,-80.283936,7.00,04/15/2024,00:53:08
650,266,2515,22,0,N,25.713430,-80.283936,7.00,04/15/2024,00:53:09
678,258,2467,20,0,N,25.713430,-80.283936,7.00,04/15/2024,00:53:09
687,223,2459,17,0,N,25.713430,-80.283936,7.00,04/15/2024,00:53:09
684,209,2485,16,0,N,25.713430,-80.283936,7.00,04/15/2024,00:53:09
673,207,2497,17,0,N,25.713430,-80.283936,7.00,04/15/2024,00:53:09
684,226,2474,18,0,N,25.713432,-80.283936,7.00,04/15/2024,00:53:09
673,216,2467,17,0,N,25.713432,-80.283936,7.10,04/15/2024,00:53:09
688,215,2462,17,0,N,25.713434,-80.283936,7.10,04/15/2024,00:53:09
693,227,2455,18,0,N,25.713434,-80.283936,7.10,04/15/2024,00:53:09
684,236,2462,19,0,N,25.713438,-80.283936,7.10,04/15/2024,00:53:09
670,240,2492,19,0,N,25.713438,-80.283936,7.20,04/15/2024,00:53:09
691,274,2448,21,0,N,25.713438,-80.283936,7.20,04/15/2024,00:53:09
694,281,2433,22,0,N,25.713438,-80.283936,7.20,04/15/2024,00:53:09
712,294,2437,22,0,N,25.713440,-80.283936,7.20,04/15/2024,00:53:10
691,272,2448,21,0,N,25.713440,-80.283936,7.20,04/15/2024,00:53:10
664,281,2482,22,0,N,25.713444,-80.283936,7.20,04/15/2024,00:53:10
654,274,2489,22,0,N,25.713448,-80.283936,7.20,04/15/2024,00:53:10
657,269,2477,22,0,N,25.713448,-80.283936,7.30,04/15/2024,00:53:10
666,276,2470,22,0,N,25.713448,-80.283936,7.30,04/15/2024,00:53:10
657,270,2497,22,0,N,25.713448,-80.283936,7.30,04/15/2024,00:53:10
648,281,2500,23,1,NNE,25.713451,-80.283936,7.30,04/15/2024,00:53:11
615,294,2512,25,1,NNE,25.713451,-80.283936,7.30,04/15/2024,00:53:11
669,295,2485,23,1,NNE,25.713451,-80.283936,7.30,04/15/2024,00:53:11
691,300,2433,23,1,NNE,25.713451,-80.283936,7.30,04/15/2024,00:53:11
707,291,2425,22,0,N,25.713457,-80.283936,7.30,04/15/2024,00:53:11
714,285,2410,21,0,N,25.713457,-80.283936,7.30,04/15/2024,00:53:11
699,287,2445,22,0,N,25.713457,-80.283936,7.30,04/15/2024,00:53:11
682,269,2470,21,0,N,25.713457,-80.283936,7.30,04/15/2024,00:53:11
700,281,2440,21,0,N,25.713459,-80.283936,7.30,04/15/2024,00:53:11
682,253,2482,20,0,N,25.713459,-80.283936,7.60,04/15/2024,00:53:11
684,262,2455,20,0,N,25.713459,-80.283936,7.60,04/15/2024,00:53:12
688,260,2440,20,0,N,25.713459,-80.283936,7.90,04/15/2024,00:53:12
680,249,2462,20,0,N,25.713461,-80.283936,7.90,04/15/2024,00:53:12
712,247,2425,19,0,N,25.713461,-80.283936,7.80,04/15/2024,00:53:12
699,227,2445,17,0,N,25.713461,-80.283936,7.80,04/15/2024,00:53:12
703,202,2440,16,0,N,25.713461,-80.283936,7.80,04/15/2024,00:53:12
696,188,2467,15,0,N,25.713465,-80.283936,7.80,04/15/2024,00:53:12
669,175,2497,14,0,N,25.713465,-80.283936,7.70,04/15/2024,00:53:12
730,234,2430,17,0,N,25.713465,-80.283936,7.70,04/15/2024,00:53:12
688,216,2452,17,0,N,25.713467,-80.283936,7.70,04/15/2024,00:53:12
699,226,2467,17,0,N,25.713467,-80.283936,7.50,04/15/2024,00:53:12
700,221,2455,17,0,N,25.713470,-80.283936,7.50,04/15/2024,00:53:13
650,234,2507,19,0,N,25.713470,-80.283936,7.40,04/15/2024,00:53:13
660,251,2500,20,0,N,25.713472,-80.283936,7.40,04/15/2024,00:53:13
678,253,2467,20,0,N,25.713474,-80.283936,7.40,04/15/2024,00:53:13
709,253,2430,19,0,N,25.713474,-80.283936,7.40,04/15/2024,00:53:13
675,214,2482,17,0,N,25.713474,-80.283936,7.40,04/15/2024,00:53:13
657,216,2500,18,0,N,25.713474,-80.283936,7.40,04/15/2024,00:53:13
650,194,2537,16,0,N,25.713476,-80.283936,7.40,04/15/2024,00:53:13
648,192,2549,16,0,N,25.713476,-80.283936,7.40,04/15/2024,00:53:13
675,184,2500,15,0,N,25.713478,-80.283936,7.40,04/15/2024,00:53:14
673,196,2512,16,0,N,25.713478,-80.283936,7.30,04/15/2024,00:53:14
673,211,2512,17,0,N,25.713478,-80.283936,7.30,04/15/2024,00:53:14
673,201,2477,16,0,N,25.713478,-80.283936,7.30,04/15/2024,00:53:14
669,214,2485,17,0,N,25.713482,-80.283936,7.30,04/15/2024,00:53:14
693,223,2467,17,0,N,25.713486,-80.283936,7.30,04/15/2024,00:53:14
688,217,2492,17,0,N,25.713486,-80.283936,7.30,04/15/2024,00:53:14
669,201,2489,16,0,N,25.713486,-80.283936,7.30,04/15/2024,00:53:14
680,188,2477,15,0,N,25.713486,-80.283936,7.30,04/15/2024,00:53:14
714,223,2459,17,0,N,25.713486,-80.283936,7.30,04/15/2024,00:53:15
703,201,2448,15,0,N,25.713486,-80.283936,7.40,04/15/2024,00:53:15
725,216,2430,16,0,N,25.713490,-80.283936,7.40,04/15/2024,00:53:15
712,217,2410,16,0,N,25.713490,-80.283936,7.40,04/15/2024,00:53:15
714,239,2437,18,0,N,25.713493,-80.283936,7.40,04/15/2024,00:53:15
696,217,2470,17,0,N,25.713493,-80.283936,7.40,04/15/2024,00:53:15
712,227,2445,17,0,N,25.713493,-80.283936,7.40,04/15/2024,00:53:15
717,230,2430,17,0,N,25.713493,-80.283936,7.40,04/15/2024,00:53:15
725,232,2440,17,0,N,25.713493,-80.283936,7.40,04/15/2024,00:53:15
709,219,2462,17,0,N,25.713493,-80.283936,7.20,04/15/2024,00:53:15
707,219,2445,17,0,N,25.713495,-80.283936,7.20,04/15/2024,00:53:16
712,215,2425,16,0,N,25.713497,-80.283936,7.20,04/15/2024,00:53:16
703,223,2448,17,0,N,25.713497,-80.283936,7.20,04/15/2024,00:53:16
705,234,2437,18,0,N,25.713497,-80.283936,7.20,04/15/2024,00:53:16
700,253,2440,19,0,N,25.713501,-80.283936,7.20,04/15/2024,00:53:16
707,264,2459,20,0,N,25.713501,-80.283936,7.00,04/15/2024,00:53:16
687,266,2440,21,0,N,25.713501,-80.283936,7.00,04/15/2024,00:53:16
709,262,2448,20,0,N,25.713501,-80.283936,7.00,04/15/2024,00:53:16
705,251,2430,19,0,N,25.713505,-80.283936,7.00,04/15/2024,00:53:17
709,272,2433,20,0,N,25.713505,-80.283936,6.90,04/15/2024,00:53:17
700,260,2430,20,0,N,25.713507,-80.283936,6.90,04/15/2024,00:53:17
684,247,2489,19,0,N,25.713507,-80.283936,7.00,04/15/2024,00:53:17
717,260,2452,19,0,N,25.713509,-80.283936,7.00,04/15/2024,00:53:17
696,258,2445,20,0,N,25.713509,-80.283936,7.10,04/15/2024,00:53:17
705,272,2437,21,0,N,25.713511,-80.283936,7.10,04/15/2024,00:53:17
712,272,2448,20,0,N,25.713511,-80.283936,7.00,04/15/2024,00:53:17
699,270,2452,21,0,N,25.713514,-80.283936,7.00,04/15/2024,00:53:17
657,291,2485,23,1,NNE,25.713514,-80.283936,6.90,04/15/2024,00:53:17
675,272,2507,21,0,N,25.713514,-80.283936,6.90,04/15/2024,00:53:17
691,282,2445,22,0,N,25.713514,-80.283936,6.90,04/15/2024,00:53:17
699,274,2440,21,0,N,25.713518,-80.283936,6.90,04/15/2024,00:53:18
705,253,2448,19,0,N,25.713518,-80.283936,6.80,04/15/2024,00:53:18
696,227,2462,18,0,N,25.713518,-80.283936,6.80,04/15/2024,00:53:18
721,236,2415,18,0,N,25.713522,-80.283936,6.80,04/15/2024,00:53:18
707,232,2440,18,0,N,25.713522,-80.283936,6.70,04/15/2024,00:53:18
696,247,2455,19,0,N,25.713522,-80.283936,6.70,04/15/2024,00:53:18
693,256,2448,20,0,N,25.713522,-80.283936,6.70,04/15/2024,00:53:18
693,262,2474,20,0,N,25.713524,-80.283936,6.70,04/15/2024,00:53:18
660,258,2477,21,0,N,25.713526,-80.283936,6.70,04/15/2024,00:53:19
673,272,2459,22,0,N,25.713526,-80.283936,6.80,04/15/2024,00:53:19
684,289,2452,22,0,N,25.713528,-80.283936,6.80,04/15/2024,00:53:19
703,313,2440,24,1,NNE,25.713528,-80.283936,6.80,04/15/2024,00:53:19
684,278,2462,22,0,N,25.713528,-80.283936,6.80,04/15/2024,00:53:19
691,281,2467,22,0,N,25.713530,-80.283936,6.80,04/15/2024,00:53:19
753,289,2378,20,0,N,25.713530,-80.283936,6.90,04/15/2024,00:53:19
733,266,2403,19,0,N,25.713535,-80.283936,6.90,04/15/2024,00:53:19
735,266,2407,19,0,N,25.713535,-80.283936,6.80,04/15/2024,00:53:19
735,285,2381,21,0,N,25.713535,-80.283936,6.80,04/15/2024,00:53:19
727,272,2407,20,0,N,25.713535,-80.283936,6.80,04/15/2024,00:53:19
760,282,2363,20,0,N,25.713539,-80.283936,6.80,04/15/2024,00:53:20
730,266,2403,20,0,N,25.713539,-80.283936,6.80,04/15/2024,00:53:20
742,289,2385,21,0,N,25.713541,-80.283936,6.80,04/15/2024,00:53:20
739,276,2385,20,0,N,25.713541,-80.283936,6.80,04/15/2024,00:53:20
725,262,2415,19,0,N,25.713541,-80.283936,6.80,04/15/2024,00:53:20
730,269,2425,20,0,N,25.713541,-80.283936,6.80,04/15/2024,00:53:20
699,269,2452,21,0,N,25.713543,-80.283936,6.80,04/15/2024,00:53:20
699,249,2470,19,0,N,25.713543,-80.283936,6.90,04/15/2024,00:53:20
705,243,2425,19,0,N,25.713545,-80.283936,6.90,04/15/2024,00:53:20
680,266,2477,21,0,N,25.713545,-80.283936,6.80,04/15/2024,00:53:20
675,264,2477,21,0,N,25.713547,-80.283936,6.80,04/15/2024,00:53:21
657,291,2474,23,1,NNE,25.713547,-80.283936,6.70,04/15/2024,00:53:21
670,287,2485,23,1,NNE,25.713547,-80.283936,6.70,04/15/2024,00:53:21
687,289,2477,22,0,N,25.713547,-80.283936,6.70,04/15/2024,00:53:21
682,298,2477,23,1,NNE,25.713549,-80.283936,6.70,04/15/2024,00:53:21
684,291,2474,23,1,NNE,25.713549,-80.283936,6.70,04/15/2024,00:53:21
675,287,2459,23,1,NNE,25.713551,-80.283936,6.70,04/15/2024,00:53:21
680,289,2482,23,1,NNE,25.713551,-80.283936,6.70,04/15/2024,00:53:21
666,291,2474,23,1,NNE,25.713551,-80.283936,6.70,04/15/2024,00:53:21
675,300,2462,23,1,NNE,25.713552,-80.283936,6.70,04/15/2024,00:53:22
666,324,2467,25,1,NNE,25.713554,-80.283936,6.70,04/15/2024,00:53:22
669,304,2455,24,1,NNE,25.713554,-80.283936,6.70,04/15/2024,00:53:22
660,313,2477,25,1,NNE,25.713554,-80.283936,6.70,04/15/2024,00:53:22
660,313,2527,25,1,NNE,25.713560,-80.283936,6.70,04/15/2024,00:53:22
699,329,2430,25,1,NNE,25.713560,-80.283936,6.90,04/15/2024,00:53:22
691,317,2437,24,1,NNE,25.713562,-80.283936,6.90,04/15/2024,00:53:22
691,295,2462,23,1,NNE,25.713562,-80.283936,6.90,04/15/2024,00:53:22
688,274,2477,21,0,N,25.713564,-80.283936,6.90,04/15/2024,00:53:23
699,278,2437,21,0,N,25.713564,-80.283936,6.90,04/15/2024,00:53:23
684,251,2470,20,0,N,25.713566,-80.283936,6.90,04/15/2024,00:53:23
691,240,2474,19,0,N,25.713566,-80.283936,6.80,04/15/2024,00:53:23
700,260,2445,20,0,N,25.713568,-80.283936,6.80,04/15/2024,00:53:23
673,274,2485,22,0,N,25.713568,-80.283936,7.00,04/15/2024,00:53:23
657,264,2519,21,0,N,25.713568,-80.283936,7.00,04/15/2024,00:53:23
675,287,2482,23,1,NNE,25.713573,-80.283936,7.00,04/15/2024,00:53:23
691,294,2462,23,1,NNE,25.713573,-80.283936,7.00,04/15/2024,00:53:23
664,245,2512,20,0,N,25.713573,-80.283936,7.00,04/15/2024,00:53:23
648,227,2512,19,0,N,25.713573,-80.283936,7.00,04/15/2024,00:53:23
675,217,2492,17,0,N,25.713575,-80.283936,7.00,04/15/2024,00:53:24
636,201,2527,17,0,N,25.713575,-80.283936,6.90,04/15/2024,00:53:24
650,226,2530,19,0,N,25.713575,-80.283936,6.90,04/15/2024,00:53:24
648,243,2497,20,0,N,25.713575,-80.283936,6.90,04/15/2024,00:53:24
639,274,2489,23,1,NNE,25.713581,-80.283936,6.90,04/15/2024,00:53:24
630,278,2534,23,1,NNE,25.713581,-80.283936,7.10,04/15/2024,00:53:24
626,302,2497,25,1,NNE,25.713583,-80.283936,7.10,04/15/2024,00:53:24
662,308,2485,24,1,NNE,25.713583,-80.283936,7.10,04/15/2024,00:53:24
662,282,2477,23,1,NNE,25.713583,-80.283936,7.10,04/15/2024,00:53:24
645,245,2527,20,0,N,25.713583,-80.283936,7.10,04/15/2024,00:53:24
618,239,2556,21,0,N,25.713585,-80.283936,7.10,04/15/2024,00:53:25
666,243,2482,20,0,N,25.713585,-80.283936,7.10,04/15/2024,00:53:25
615,240,2552,21,0,N,25.713589,-80.283936,7.10,04/15/2024,00:53:25
636,230,2500,19,0,N,25.713589,-80.283936,7.10,04/15/2024,00:53:25
650,270,2497,22,0,N,25.713589,-80.283936,7.10,04/15/2024,00:53:25
641,287,2504,24,1,NNE,25.713589,-80.283936,7.10,04/15/2024,00:53:25
641,289,2515,24,1,NNE,25.713594,-80.283936,7.10,04/15/2024,00:53:25
662,315,2504,25,1,NNE,25.713594,-80.283936,7.10,04/15/2024,00:53:25
648,308,2489,25,1,NNE,25.713596,-80.283936,7.10,04/15/2024,00:53:26
644,324,2492,26,1,NNE,25.713596,-80.283936,7.00,04/15/2024,00:53:26
632,298,2515,25,1,NNE,25.713596,-80.283936,7.00,04/15/2024,00:53:26
623,298,2522,25,1,NNE,25.713596,-80.283936,7.00,04/15/2024,00:53:26
618,291,2534,25,1,NNE,25.713596,-80.283936,7.00,04/15/2024,00:53:26
621,272,2527,23,1,NNE,25.713596,-80.283936,7.10,04/15/2024,00:53:26
639,258,2519,21,0,N,25.713598,-80.283936,7.10,04/15/2024,00:53:26
652,239,2507,20,0,N,25.713598,-80.283936,7.00,04/15/2024,00:53:26
662,269,2489,22,0,N,25.713604,-80.283936,7.00,04/15/2024,00:53:26
627,272,2507,23,1,NNE,25.713604,-80.283936,7.00,04/15/2024,00:53:26
632,307,2527,25,1,NNE,25.713604,-80.283936,7.00,04/15/2024,00:53:26
618,302,2527,26,1,NNE,25.713604,-80.283936,7.00,04/15/2024,00:53:26
634,313,2515,26,1,NNE,25.713606,-80.283936,7.00,04/15/2024,00:53:27
632,300,2507,25,1,NNE,25.713606,-80.283936,7.10,04/15/2024,00:53:27
634,295,2515,24,1,NNE,25.713610,-80.283936,7.10,04/15/2024,00:53:27
630,262,2534,22,0,N,25.713610,-80.283936,7.10,04/15/2024,00:53:27
645,272,2530,22,0,N,25.713610,-80.283936,7.10,04/15/2024,00:53:27
627,264,2537,22,0,N,25.713612,-80.283936,7.10,04/15/2024,00:53:27
638,260,2530,22,0,N,25.713614,-80.283936,7.10,04/15/2024,00:53:27
641,278,2507,23,1,NNE,25.713614,-80.283936,7.00,04/15/2024,00:53:27
662,313,2459,25,1,NNE,25.713614,-80.283936,7.00,04/15/2024,00:53:27
645,315,2492,26,1,NNE,25.713619,-80.283936,7.00,04/15/2024,00:53:28
627,311,2519,26,1,NNE,25.713619,-80.283936,7.20,04/15/2024,00:53:28
650,335,2512,27,1,NNE,25.713621,-80.283936,7.20,04/15/2024,00:53:28
662,324,2489,26,1,NNE,25.713621,-80.283936,7.20,04/15/2024,00:53:28
680,291,2485,23,1,NNE,25.713623,-80.283936,7.20,04/15/2024,00:53:28
680,278,2489,22,0,N,25.713623,-80.283936,7.20,04/15/2024,00:53:28
699,281,2418,21,0,N,25.713625,-80.283936,7.20,04/15/2024,00:53:28
682,240,2492,19,0,N,25.713625,-80.283936,7.10,04/15/2024,00:53:28
678,247,2462,20,0,N,25.713627,-80.283936,7.10,04/15/2024,00:53:29
669,274,2470,22,0,N,25.713627,-80.283936,7.20,04/15/2024,00:53:29
657,278,2482,22,0,N,25.713627,-80.283936,7.20,04/15/2024,00:53:29
657,298,2489,24,1,NNE,25.713627,-80.283936,7.20,04/15/2024,00:53:29
621,295,2504,25,1,NNE,25.713633,-80.283936,7.20,04/15/2024,00:53:29
644,324,2467,26,1,NNE,25.713633,-80.283936,7.10,04/15/2024,00:53:29
638,313,2507,26,1,NNE,25.713633,-80.283936,7.10,04/15/2024,00:53:29
634,308,2512,25,1,NNE,25.713636,-80.283936,7.10,04/15/2024,00:53:29
660,307,2504,24,1,NNE,25.713636,-80.283936,7.00,04/15/2024,00:53:29
630,281,2512,24,1,NNE,25.713636,-80.283936,7.00,04/15/2024,00:53:29
648,278,2467,23,1,NNE,25.713636,-80.283936,7.00,04/15/2024,00:53:29
650,266,2489,22,0,N,25.713640,-80.283936,7.00,04/15/2024,00:53:30
648,282,2512,23,1,NNE,25.713640,-80.283936,7.00,04/15/2024,00:53:30
627,295,2527,25,1,NNE,25.713644,-80.283936,7.00,04/15/2024,00:53:30
644,311,2485,25,1,NNE,25.713644,-80.283936,7.20,04/15/2024,00:53:30
664,315,2489,25,1,NNE,25.713644,-80.283936,7.20,04/15/2024,00:53:30
634,315,2504,26,1,NNE,25.713644,-80.283936,7.20,04/15/2024,00:53:30
641,304,2519,25,1,NNE,25.713646,-80.283936,7.20,04/15/2024,00:53:30
623,317,2541,26,1,NNE,25.713646,-80.283936,7.00,04/15/2024,00:53:30
619,295,2530,25,1,NNE,25.713650,-80.283936,7.00,04/15/2024,00:53:31
614,272,2544,23,1,NNE,25.713650,-80.283936,7.20,04/15/2024,00:53:31
621,256,2530,22,0,N,25.713650,-80.283936,7.20,04/15/2024,00:53:31
632,262,2527,22,0,N,25.713650,-80.283936,7.20,04/15/2024,00:53:31
630,278,2519,23,1,NNE,25.713654,-80.283936,7.20,04/15/2024,00:53:31
607,291,2552,25,1,NNE,25.713654,-80.283936,7.20,04/15/2024,00:53:31
605,308,2544,26,1,NNE,25.713654,-80.283936,7.20,04/15/2024,00:53:31
609,302,2530,26,1,NNE,25.713654,-80.283936,7.20,04/15/2024,00:53:31
638,311,2482,25,1,NNE,25.713654,-80.283936,7.20,04/15/2024,00:53:31
619,315,2512,26,1,NNE,25.713654,-80.283936,7.20,04/15/2024,00:53:31
615,304,2512,26,1,NNE,25.713657,-80.283936,7.20,04/15/2024,00:53:31
630,278,2527,23,1,NNE,25.713657,-80.283936,7.30,04/15/2024,00:53:31
684,274,2477,21,0,N,25.713659,-80.283936,7.30,04/15/2024,00:53:32
627,240,2530,20,0,N,25.713659,-80.283936,7.20,04/15/2024,00:53:32
644,236,2512,20,0,N,25.713663,-80.283936,7.20,04/15/2024,00:53:32
639,251,2507,21,0,N,25.713663,-80.283936,7.30,04/15/2024,00:53:32
605,251,2556,22,0,N,25.713663,-80.283936,7.30,04/15/2024,00:53:32
583,262,2579,24,1,NNE,25.713663,-80.283936,7.30,04/15/2024,00:53:32
595,264,2559,23,1,NNE,25.713665,-80.283936,7.30,04/15/2024,00:53:32
618,321,2522,27,1,NNE,25.713665,-80.283936,7.30,04/15/2024,00:53:32
639,326,2500,27,1,NNE,25.713667,-80.283936,7.30,04/15/2024,00:53:33
654,311,2474,25,1,NNE,25.713667,-80.283936,7.20,04/15/2024,00:53:33
682,278,2470,22,0,N,25.713667,-80.283936,7.20,04/15/2024,00:53:33
739,270,2388,20,0,N,25.713667,-80.283936,7.20,04/15/2024,00:53:33
709,258,2422,19,0,N,25.713671,-80.283936,7.20,04/15/2024,00:53:33
684,240,2462,19,0,N,25.713671,-80.283936,7.00,04/15/2024,00:53:33
673,243,2462,19,0,N,25.713671,-80.283936,7.00,04/15/2024,00:53:33
673,274,2467,22,0,N,25.713671,-80.283936,7.00,04/15/2024,00:53:33
641,278,2515,23,1,NNE,25.713675,-80.283936,7.00,04/15/2024,00:53:33
645,307,2492,25,1,NNE,25.713675,-80.283936,7.00,04/15/2024,00:53:33
627,311,2512,26,1,NNE,25.713678,-80.283936,7.00,04/15/2024,00:53:34
645,319,2462,26,1,NNE,25.713678,-80.283936,7.10,04/15/2024,00:53:34
639,325,2477,26,1,NNE,25.713680,-80.283936,7.10,04/15/2024,00:53:34
639,307,2485,25,1,NNE,25.713680,-80.283936,7.10,04/15/2024,00:53:34
650,287,2504,23,1,NNE,25.713682,-80.283936,7.10,04/15/2024,00:53:34
669,281,2485,22,0,N,25.713682,-80.283936,7.00,04/15/2024,00:53:34
687,287,2452,22,0,N,25.713684,-80.283936,7.00,04/15/2024,00:53:34
680,315,2462,24,1,NNE,25.713684,-80.283936,7.00,04/15/2024,00:53:34
680,331,2445,25,1,NNE,25.713684,-80.283936,7.00,04/15/2024,00:53:34
670,317,2477,25,1,NNE,25.713684,-80.283936,7.00,04/15/2024,00:53:34
669,307,2467,24,1,NNE,25.713688,-80.283936,7.00,04/15/2024,00:53:35
682,298,2452,23,1,NNE,25.713688,-80.283936,7.00,04/15/2024,00:53:35
699,294,2433,22,0,N,25.713688,-80.283936,7.00,04/15/2024,00:53:35
694,304,2445,23,1,NNE,25.713688,-80.283936,7.00,04/15/2024,00:53:35
680,278,2482,22,0,N,25.713694,-80.283936,7.00,04/15/2024,00:53:35
680,266,2462,21,0,N,25.713694,-80.283936,7.10,04/15/2024,00:53:35
688,266,2452,21,0,N,25.713694,-80.283936,7.10,04/15/2024,00:53:35
699,256,2437,20,0,N,25.713697,-80.283936,7.10,04/15/2024,00:53:35
694,287,2433,22,0,N,25.713697,-80.283936,7.10,04/15/2024,00:53:35
687,298,2459,23,1,NNE,25.713697,-80.283936,7.10,04/15/2024,00:53:36
657,317,2467,25,1,NNE,25.713697,-80.283936,7.00,04/15/2024,00:53:36
660,295,2470,24,1,NNE,25.713697,-80.283936,7.00,04/15/2024,00:53:36
666,315,2497,25,1,NNE,25.713697,-80.283936,7.00,04/15/2024,00:53:36
666,311,2467,25,1,NNE,25.713699,-80.283936,7.00,04/15/2024,00:53:36
666,298,2485,24,1,NNE,25.713699,-80.283936,6.90,04/15/2024,00:53:36
650,300,2522,24,1,NNE,25.713703,-80.283936,6.90,04/15/2024,00:53:36
641,282,2485,23,1,NNE,25.713703,-80.283936,7.00,04/15/2024,00:53:36
638,281,2489,23,1,NNE,25.713703,-80.283936,7.00,04/15/2024,00:53:36
660,282,2477,23,1,NNE,25.713703,-80.283936,7.00,04/15/2024,00:53:36
673,264,2482,21,0,N,25.713707,-80.283936,7.00,04/15/2024,00:53:37
680,281,2462,22,0,N,25.713707,-80.283936,7.00,04/15/2024,00:53:37
691,300,2452,23,1,NNE,25.713709,-80.283936,7.00,04/15/2024,00:53:37
670,300,2474,24,1,NNE,25.713709,-80.283936,7.00,04/15/2024,00:53:37
684,319,2448,25,1,NNE,25.713709,-80.283936,7.00,04/15/2024,00:53:37
712,325,2430,24,1,NNE,25.713709,-80.283936,7.00,04/15/2024,00:53:37
700,311,2422,23,1,NNE,25.713711,-80.283936,7.00,04/15/2024,00:53:37
705,308,2418,23,1,NNE,25.713711,-80.283936,6.90,04/15/2024,00:53:37
700,295,2433,22,0,N,25.713715,-80.283936,6.90,04/15/2024,00:53:37
725,289,2400,21,0,N,25.713715,-80.283936,7.00,04/15/2024,00:53:37
707,282,2433,21,0,N,25.713718,-80.283936,7.00,04/15/2024,00:53:38
712,285,2437,21,0,N,25.713718,-80.283936,6.90,04/15/2024,00:53:38
712,282,2425,21,0,N,25.713718,-80.283936,6.90,04/15/2024,00:53:38
725,329,2407,24,1,NNE,25.713718,-80.283936,6.90,04/15/2024,00:53:38
699,333,2440,25,1,NNE,25.713720,-80.283936,6.90,04/15/2024,00:53:38
700,333,2418,25,1,NNE,25.713720,-80.283936,6.90,04/15/2024,00:53:38
718,346,2422,25,1,NNE,25.713724,-80.283936,6.90,04/15/2024,00:53:38
721,344,2388,25,1,NNE,25.713724,-80.283936,6.90,04/15/2024,00:53:38
700,307,2445,23,1,NNE,25.713724,-80.283936,6.90,04/15/2024,00:53:38
700,291,2440,22,0,N,25.713724,-80.283936,6.90,04/15/2024,00:53:38
693,270,2448,21,0,N,25.713728,-80.283943,6.90,04/15/2024,00:53:39
709,264,2425,20,0,N,25.713728,-80.283943,6.80,04/15/2024,00:53:39
714,269,2425,20,0,N,25.713728,-80.283943,6.80,04/15/2024,00:53:39
707,285,2433,21,0,N,25.713728,-80.283943,6.80,04/15/2024,00:53:39
714,307,2440,23,1,NNE,25.713732,-80.283943,6.80,04/15/2024,00:53:39
717,307,2418,23,1,NNE,25.713732,-80.283943,6.80,04/15/2024,00:53:39
691,308,2452,24,1,NNE,25.713736,-80.283943,6.80,04/15/2024,00:53:39
688,317,2452,24,1,NNE,25.713736,-80.283943,6.80,04/15/2024,00:53:39
709,324,2403,24,1,NNE,25.713737,-80.283943,6.80,04/15/2024,00:53:39
705,321,2425,24,1,NNE,25.713737,-80.283943,6.90,04/15/2024,00:53:39
703,315,2425,24,1,NNE,25.713739,-80.283943,6.90,04/15/2024,00:53:40
700,304,2407,23,1,NNE,25.713739,-80.283943,6.90,04/15/2024,00:53:40
717,311,2407,23,1,NNE,25.713741,-80.283943,6.90,04/15/2024,00:53:40
709,285,2445,21,0,N,25.713741,-80.283943,6.90,04/15/2024,00:53:40
696,276,2440,21,0,N,25.713741,-80.283943,6.90,04/15/2024,00:53:40
693,278,2433,21,0,N,25.713741,-80.283943,6.90,04/15/2024,00:53:40
684,285,2425,22,0,N,25.713745,-80.283943,6.90,04/15/2024,00:53:40
684,311,2430,24,1,NNE,25.713745,-80.283943,6.90,04/15/2024,00:53:40
678,333,2448,26,1,NNE,25.713745,-80.283943,6.90,04/15/2024,00:53:40
709,344,2403,25,1,NNE,25.713745,-80.283943,6.90,04/15/2024,00:53:40
714,335,2385,25,1,NNE,25.713749,-80.283943,6.90,04/15/2024,00:53:41
705,326,2415,24,1,NNE,25.713749,-80.283943,6.90,04/15/2024,00:53:41
712,307,2418,23,1,NNE,25.713749,-80.283943,6.90,04/15/2024,00:53:41
707,300,2425,22,0,N,25.713749,-80.283943,6.90,04/15/2024,00:53:41
705,294,2400,22,0,N,25.713753,-80.283943,6.90,04/15/2024,00:53:41
675,264,2482,21,0,N,25.713753,-80.283943,7.00,04/15/2024,00:53:41
684,260,2459,20,0,N,25.713757,-80.283943,7.00,04/15/2024,00:53:41
700,295,2455,22,0,N,25.713757,-80.283943,7.00,04/15/2024,00:53:41
688,317,2425,24,1,NNE,25.713757,-80.283943,7.00,04/15/2024,00:53:41
696,326,2437,25,1,NNE,25.713758,-80.283943,7.00,04/15/2024,00:53:41
699,344,2452,26,1,NNE,25.713758,-80.283943,7.10,04/15/2024,00:53:41
699,352,2403,26,1,NNE,25.713760,-80.283943,7.10,04/15/2024,00:53:42
696,352,2422,26,1,NNE,25.713762,-80.283943,7.10,04/15/2024,00:53:42
682,331,2440,25,1,NNE,25.713762,-80.283943,7.10,04/15/2024,00:53:42
718,326,2415,24,1,NNE,25.713762,-80.283943,7.10,04/15/2024,00:53:42
662,266,2459,21,0,N,25.713766,-80.283943,7.10,04/15/2024,00:53:42
693,253,2467,20,0,N,25.713766,-80.283943,7.00,04/15/2024,00:53:42
694,245,2459,19,0,N,25.713768,-80.283943,7.00,04/15/2024,00:53:42
707,266,2425,20,0,N,25.713768,-80.283943,7.00,04/15/2024,00:53:42
709,302,2415,23,1,NNE,25.713768,-80.283943,7.00,04/15/2024,00:53:42
699,300,2430,23,1,NNE,25.713770,-80.283943,7.00,04/15/2024,00:53:43
712,295,2403,22,0,N,25.713770,-80.283943,7.00,04/15/2024,00:53:43
709,308,2407,23,1,NNE,25.713772,-80.283943,7.00,04/15/2024,00:53:43
703,298,2433,22,0,N,25.713772,-80.283943,7.10,04/15/2024,00:53:43
691,298,2437,23,1,NNE,25.713774,-80.283943,7.10,04/15/2024,00:53:43
709,291,2425,22,0,N,25.713776,-80.283943,7.10,04/15/2024,00:53:43
707,289,2430,22,0,N,25.713776,-80.283943,7.10,04/15/2024,00:53:43
725,287,2440,21,0,N,25.713776,-80.283943,7.10,04/15/2024,00:53:43
723,270,2437,20,0,N,25.713779,-80.283943,7.10,04/15/2024,00:53:43
712,298,2415,22,0,N,25.713779,-80.283943,7.10,04/15/2024,00:53:43
705,311,2415,23,1,NNE,25.713779,-80.283943,7.10,04/15/2024,00:53:44
687,325,2437,25,1,NNE,25.713781,-80.283943,7.10,04/15/2024,00:53:44
675,342,2433,26,1,NNE,25.713781,-80.283943,7.20,04/15/2024,00:53:44
696,376,2415,28,1,NNE,25.713781,-80.283943,7.20,04/15/2024,00:53:44
691,380,2430,28,1,NNE,25.713785,-80.283943,7.20,04/15/2024,00:53:44
680,348,2425,27,1,NNE,25.713785,-80.283943,7.20,04/15/2024,00:53:44
675,335,2452,26,1,NNE,25.713785,-80.283943,7.40,04/15/2024,00:53:44
733,346,2400,25,1,NNE,25.713785,-80.283943,7.40,04/15/2024,00:53:44
691,311,2452,24,1,NNE,25.713789,-80.283936,7.40,04/15/2024,00:53:45
705,298,2430,22,0,N,25.713789,-80.283936,7.40,04/15/2024,00:53:45
709,289,2418,22,0,N,25.713791,-80.283936,7.40,04/15/2024,00:53:45
707,311,2400,23,1,NNE,25.713791,-80.283936,7.30,04/15/2024,00:53:45
696,321,2418,24,1,NNE,25.713791,-80.283936,7.30,04/15/2024,00:53:45
703,355,2422,26,1,NNE,25.713791,-80.283936,7.20,04/15/2024,00:53:45
669,352,2437,27,1,NNE,25.713793,-80.283943,7.20,04/15/2024,00:53:45
700,368,2395,27,1,NNE,25.713793,-80.283943,7.00,04/15/2024,00:53:45
714,359,2392,26,1,NNE,25.713795,-80.283943,7.00,04/15/2024,00:53:45
717,346,2407,25,1,NNE,25.713795,-80.283943,7.00,04/15/2024,00:53:45
739,329,2370,23,1,NNE,25.713795,-80.283943,7.00,04/15/2024,00:53:45
730,313,2422,23,1,NNE,25.713799,-80.283943,7.00,04/15/2024,00:53:46
735,311,2366,22,0,N,25.713799,-80.283943,7.20,04/15/2024,00:53:46
712,298,2373,22,0,N,25.713799,-80.283943,7.20,04/15/2024,00:53:46
737,311,2392,22,0,N,25.713799,-80.283943,7.20,04/15/2024,00:53:46
721,315,2433,23,1,NNE,25.713804,-80.283943,7.20,04/15/2024,00:53:46
718,352,2407,26,1,NNE,25.713804,-80.283943,7.30,04/15/2024,00:53:46
682,352,2425,27,1,NNE,25.713804,-80.283943,7.30,04/15/2024,00:53:46
700,363,2410,27,1,NNE,25.713804,-80.283943,7.30,04/15/2024,00:53:46
699,374,2395,28,1,NNE,25.713808,-80.283943,7.30,04/15/2024,00:53:47
693,337,2407,25,1,NNE,25.713808,-80.283943,7.70,04/15/2024,00:53:47
684,319,2433,25,1,NNE,25.713810,-80.283943,7.70,04/15/2024,00:53:47
727,291,2407,21,0,N,25.713810,-80.283943,7.50,04/15/2024,00:53:47
682,245,2459,19,0,N,25.713810,-80.283943,7.50,04/15/2024,00:53:47
712,264,2433,20,0,N,25.713810,-80.283943,7.50,04/15/2024,00:53:47
705,262,2422,20,0,N,25.713810,-80.283943,7.50,04/15/2024,00:53:47
703,272,2448,21,0,N,25.713812,-80.283943,7.50,04/15/2024,00:53:47
687,294,2470,23,1,NNE,25.713814,-80.283943,7.50,04/15/2024,00:53:47
670,295,2459,23,1,NNE,25.713814,-80.283943,7.50,04/15/2024,00:53:47
638,311,2470,25,1,NNE,25.713814,-80.283943,7.50,04/15/2024,00:53:47
669,324,2467,25,1,NNE,25.713814,-80.283943,7.50,04/15/2024,00:53:47
684,337,2433,26,1,NNE,25.713818,-80.283943,7.50,04/15/2024,00:53:48
693,311,2445,24,1,NNE,25.713818,-80.283943,7.50,04/15/2024,00:53:48
680,287,2462,22,0,N,25.713820,-80.283943,7.50,04/15/2024,00:53:48
664,247,2470,20,0,N,25.713820,-80.283943,7.40,04/15/2024,00:53:48
666,236,2474,19,0,N,25.713820,-80.283943,7.40,04/15/2024,00:53:48
680,240,2467,19,0,N,25.713820,-80.283943,7.40,04/15/2024,00:53:48
712,260,2448,20,0,N,25.713821,-80.283943,7.40,04/15/2024,00:53:48
721,282,2407,21,0,N,25.713821,-80.283943,7.40,04/15/2024,00:53:48
731,289,2381,21,0,N,25.713823,-80.283943,7.40,04/15/2024,00:53:48
735,307,2381,22,0,N,25.713823,-80.283943,7.40,04/15/2024,00:53:48
725,313,2370,23,1,NNE,25.713827,-80.283943,7.40,04/15/2024,00:53:49
731,315,2373,23,1,NNE,25.713827,-80.283943,7.40,04/15/2024,00:53:49
727,333,2363,24,1,NNE,25.713827,-80.283943,7.40,04/15/2024,00:53:49
737,342,2381,24,1,NNE,25.713827,-80.283943,7.40,04/15/2024,00:53:49
725,317,2373,23,1,NNE,25.713829,-80.283943,7.40,04/15/2024,00:53:49
743,344,2328,24,1,NNE,25.713829,-80.283943,7.30,04/15/2024,00:53:49
742,326,2355,23,1,NNE,25.713833,-80.283943,7.30,04/15/2024,00:53:49
731,315,2363,23,1,NNE,25.713833,-80.283943,7.40,04/15/2024,00:53:49
742,308,2366,22,0,N,25.713833,-80.283943,7.40,04/15/2024,00:53:49
742,304,2351,22,0,N,25.713833,-80.283943,7.40,04/15/2024,00:53:49
751,325,2343,23,1,NNE,25.713837,-80.283943,7.40,04/15/2024,00:53:50
743,308,2358,22,0,N,25.713837,-80.283943,7.40,04/15/2024,00:53:50
742,319,2351,23,1,NNE,25.713837,-80.283943,7.40,04/15/2024,00:53:50
746,319,2358,23,1,NNE,25.713837,-80.283943,7.40,04/15/2024,00:53:50
730,329,2366,24,1,NNE,25.713840,-80.283943,7.40,04/15/2024,00:53:50
731,329,2358,24,1,NNE,25.713840,-80.283943,7.50,04/15/2024,00:53:50
737,324,2370,23,1,NNE,25.713842,-80.283943,7.50,04/15/2024,00:53:50
739,321,2343,23,1,NNE,25.713842,-80.283943,7.50,04/15/2024,00:53:50
746,311,2358,22,0,N,25.713846,-80.283943,7.50,04/15/2024,00:53:51
748,307,2351,22,0,N,25.713846,-80.283943,7.40,04/15/2024,00:53:51
742,295,2343,21,0,N,25.713848,-80.283943,7.40,04/15/2024,00:53:51
748,307,2351,22,0,N,25.713848,-80.283943,7.20,04/15/2024,00:53:51
751,315,2358,22,0,N,25.713850,-80.283943,7.20,04/15/2024,00:53:51
748,313,2351,22,0,N,25.713850,-80.283943,7.40,04/15/2024,00:53:51
746,313,2358,22,0,N,25.713850,-80.283943,7.40,04/15/2024,00:53:51
748,317,2351,22,0,N,25.713850,-80.283943,7.40,04/15/2024,00:53:51
743,317,2340,23,1,NNE,25.713850,-80.283943,7.40,04/15/2024,00:53:51
749,317,2358,22,0,N,25.713854,-80.283943,7.40,04/15/2024,00:53:51
748,311,2351,22,0,N,25.713854,-80.283943,7.60,04/15/2024,00:53:51
742,313,2370,22,0,N,25.713854,-80.283943,7.60,04/15/2024,00:53:51
746,311,2370,22,0,N,25.713858,-80.283943,7.60,04/15/2024,00:53:52
746,278,2385,20,0,N,25.713858,-80.283943,8.50,04/15/2024,00:53:52
746,243,2378,18,0,N,25.713858,-80.283943,8.50,04/15/2024,00:53:52
753,232,2373,17,0,N,25.713858,-80.283943,8.50,04/15/2024,00:53:52
739,230,2388,17,0,N,25.713861,-80.283943,8.50,04/15/2024,00:53:52
725,243,2410,18,0,N,25.713861,-80.283943,8.50,04/15/2024,00:53:52
703,264,2445,20,0,N,25.713863,-80.283943,8.50,04/15/2024,00:53:52
682,326,2455,25,1,NNE,25.713863,-80.283943,8.50,04/15/2024,00:53:52
675,420,2403,31,1,NNE,25.713863,-80.283943,8.50,04/15/2024,00:53:52
664,451,2400,34,1,NNE,25.713863,-80.283943,8.50,04/15/2024,00:53:52
666,473,2385,35,1,NNE,25.713865,-80.283943,8.50,04/15/2024,00:53:53
645,504,2373,38,1,NNE,25.713865,-80.283943,8.60,04/15/2024,00:53:53
630,513,2388,39,1,NNE,25.713867,-80.283943,8.60,04/15/2024,00:53:53
615,509,2403,39,1,NNE,25.713867,-80.283943,8.80,04/15/2024,00:53:53
639,477,2415,36,1,NNE,25.713867,-80.283943,8.80,04/15/2024,00:53:53
652,454,2392,34,1,NNE,25.713871,-80.283943,8.80,04/15/2024,00:53:53
662,468,2385,35,1,NNE,25.713871,-80.283943,9.00,04/15/2024,00:53:53
675,460,2403,34,1,NNE,25.713873,-80.283943,9.00,04/15/2024,00:53:54
652,466,2370,35,1,NNE,25.713873,-80.283943,9.00,04/15/2024,00:53:54
687,418,2378,31,1,NNE,25.713873,-80.283943,9.00,04/15/2024,00:53:54
705,376,2388,28,1,NNE,25.713873,-80.283943,9.00,04/15/2024,00:53:54
680,315,2455,24,1,NNE,25.713873,-80.283943,9.00,04/15/2024,00:53:54
650,249,2519,20,0,N,25.713873,-80.283943,9.10,04/15/2024,00:53:54
670,236,2474,19,0,N,25.713873,-80.283943,9.10,04/15/2024,00:53:54
691,219,2467,17,0,N,25.713873,-80.283943,9.10,04/15/2024,00:53:54
694,240,2455,19,0,N,25.713875,-80.283943,9.10,04/15/2024,00:53:54
699,234,2470,18,0,N,25.713875,-80.283943,8.80,04/15/2024,00:53:54
650,181,2515,15,0,N,25.713875,-80.283943,8.80,04/15/2024,00:53:54
682,126,2492,10,0,N,25.713875,-80.283943,8.80,04/15/2024,00:53:54
703,111,2477,8,0,N,25.713875,-80.283943,8.80,04/15/2024,00:53:55
678,49,2482,4,0,N,25.713875,-80.283943,8.60,04/15/2024,00:53:55
691,36,2489,2,0,N,25.713873,-80.283943,8.60,04/15/2024,00:53:55
657,17,2530,1,0,N,25.713873,-80.283943,8.60,04/15/2024,00:53:55
669,6,2512,0,0,N,25.713873,-80.283943,8.60,04/15/2024,00:53:55
650,30,2519,2,0,N,25.713873,-80.283943,8.60,04/15/2024,00:53:55
621,63,2564,5,0,N,25.713875,-80.283943,8.60,04/15/2024,00:53:55
618,91,2556,8,0,N,25.713875,-80.283943,8.70,04/15/2024,00:53:55
593,160,2586,15,0,N,25.713875,-80.283943,8.70,04/15/2024,00:53:55
597,217,2574,19,0,N,25.713875,-80.283943,8.70,04/15/2024,00:53:55
597,256,2579,23,1,NNE,25.713875,-80.283943,8.70,04/15/2024,00:53:56
584,315,2544,28,1,NNE,25.713875,-80.283943,8.90,04/15/2024,00:53:56
572,333,2564,30,1,NNE,25.713875,-80.283943,8.90,04/15/2024,00:53:56
575,308,2579,28,1,NNE,25.713875,-80.283943,9.00,04/15/2024,00:53:56
559,304,2586,28,1,NNE,25.713875,-80.283943,9.00,04/15/2024,00:53:56
583,274,2601,25,1,NNE,25.713875,-80.283943,9.10,04/15/2024,00:53:56
609,281,2544,24,1,NNE,25.713875,-80.283943,9.10,04/15/2024,00:53:56
673,308,2474,24,1,NNE,25.713875,-80.283943,9.20,04/15/2024,00:53:56
694,304,2467,23,1,NNE,25.713875,-80.283943,9.20,04/15/2024,00:53:57
694,325,2437,25,1,NNE,25.713875,-80.283943,9.20,04/15/2024,00:53:57
675,326,2462,25,1,NNE,25.713875,-80.283943,9.20,04/15/2024,00:53:57
684,324,2445,25,1,NNE,25.713875,-80.283943,9.20,04/15/2024,00:53:57
645,352,2474,28,1,NNE,25.713875,-80.283943,9.20,04/15/2024,00:53:57
621,329,2515,27,1,NNE,25.713875,-80.283943,9.20,04/15/2024,00:53:57
666,294,2489,23,1,NNE,25.713875,-80.283943,9.20,04/15/2024,00:53:57
670,251,2512,20,0,N,25.713875,-80.283943,9.20,04/15/2024,00:53:57
675,192,2507,15,0,N,25.713877,-80.283943,9.20,04/15/2024,00:53:57
696,156,2485,12,0,N,25.713877,-80.283943,9.20,04/15/2024,00:53:57
693,135,2482,11,0,N,25.713877,-80.283943,9.20,04/15/2024,00:53:57
675,152,2500,12,0,N,25.713877,-80.283943,9.20,04/15/2024,00:53:57
673,168,2507,14,0,N,25.713877,-80.283943,9.20,04/15/2024,00:53:58
688,179,2455,14,0,N,25.713877,-80.283943,9.30,04/15/2024,00:53:58
703,205,2482,16,0,N,25.713877,-80.283943,9.30,04/15/2024,00:53:58
712,214,2462,16,0,N,25.713877,-80.283943,9.30,04/15/2024,00:53:58
694,209,2489,16,0,N,25.713877,-80.283943,9.30,04/15/2024,00:53:58
688,214,2519,17,0,N,25.713877,-80.283943,9.30,04/15/2024,00:53:58
693,192,2497,15,0,N,25.713877,-80.283943,9.30,04/15/2024,00:53:58
730,156,2459,12,0,N,25.713877,-80.283943,9.30,04/15/2024,00:53:58
746,124,2418,9,0,N,25.713879,-80.283943,9.30,04/15/2024,00:53:59
731,98,2445,7,0,N,25.713879,-80.283943,9.20,04/15/2024,00:53:59
712,99,2452,7,0,N,25.713879,-80.283943,9.20,04/15/2024,00:53:59
703,89,2482,7,0,N,25.713879,-80.283943,9.20,04/15/2024,00:53:59
707,67,2474,5,0,N,25.713879,-80.283943,9.20,04/15/2024,00:53:59
714,59,2474,4,0,N,25.713879,-80.283943,9.30,04/15/2024,00:53:59
733,80,2430,6,0,N,25.713879,-80.283943,9.30,04/15/2024,00:53:59
742,82,2455,6,0,N,25.713879,-80.283943,9.30,04/15/2024,00:53:59
721,124,2448,9,0,N,25.713879,-80.283943,9.30,04/15/2024,00:53:59
700,133,2459,10,0,N,25.713879,-80.283943,9.30,04/15/2024,00:53:59
691,147,2482,12,0,N,25.713879,-80.283943,9.40,04/15/2024,00:53:59
703,139,2470,11,0,N,25.713881,-80.283936,9.40,04/15/2024,00:54:00
707,124,2470,9,0,N,25.713881,-80.283936,9.60,04/15/2024,00:54:00
700,130,2477,10,0,N,25.713881,-80.283936,9.60,04/15/2024,00:54:00
705,130,2462,10,0,N,25.713882,-80.283936,9.60,04/15/2024,00:54:00
699,126,2485,10,0,N,25.713882,-80.283936,10.10,04/15/2024,00:54:00
696,95,2448,7,0,N,25.713882,-80.283936,10.10,04/15/2024,00:54:00
717,91,2452,7,0,N,25.713882,-80.283936,10.10,04/15/2024,00:54:00
737,104,2430,8,0,N,25.713882,-80.283936,10.10,04/15/2024,00:54:00
735,95,2425,7,0,N,25.713882,-80.283936,10.30,04/15/2024,00:54:00
717,111,2467,8,0,N,25.713882,-80.283936,10.30,04/15/2024,00:54:01
709,129,2470,10,0,N,25.713882,-80.283936,10.50,04/15/2024,00:54:01
712,124,2467,9,0,N,25.713882,-80.283936,10.50,04/15/2024,00:54:01
737,113,2445,8,0,N,25.713882,-80.283936,10.50,04/15/2024,00:54:01
735,89,2415,6,0,N,25.713884,-80.283936,10.50,04/15/2024,00:54:01
743,67,2403,5,0,N,25.713884,-80.283936,10.70,04/15/2024,00:54:01
731,61,2433,4,0,N,25.713884,-80.283936,10.70,04/15/2024,00:54:01
735,51,2440,3,0,N,25.713884,-80.283936,10.70,04/15/2024,00:54:01
718,55,2437,4,0,N,25.713884,-80.283936,10.70,04/15/2024,00:54:01
725,61,2430,4,0,N,25.713884,-80.283936,10.70,04/15/2024,00:54:01
737,69,2395,5,0,N,25.713884,-80.283936,10.80,04/15/2024,00:54:01
737,73,2433,5,0,N,25.713884,-80.283936,10.80,04/15/2024,00:54:02
733,98,2445,7,0,N,25.713884,-80.283936,11.00,04/15/2024,00:54:02
735,102,2437,7,0,N,25.713884,-80.283936,11.00,04/15/2024,00:54:02
727,116,2440,9,0,N,25.713884,-80.283936,10.90,04/15/2024,00:54:02
731,109,2433,8,0,N,25.713884,-80.283936,10.90,04/15/2024,00:54:02
748,95,2395,7,0,N,25.713884,-80.283936,10.90,04/15/2024,00:54:02
721,73,2440,5,0,N,25.713884,-80.283936,10.90,04/15/2024,00:54:02
764,55,2392,4,0,N,25.713884,-80.283936,10.90,04/15/2024,00:54:02
746,36,2415,2,0,N,25.713884,-80.283936,10.90,04/15/2024,00:54:02
731,18,2403,1,0,N,25.713884,-80.283936,10.90,04/15/2024,00:54:02
751,21,2422,1,0,N,25.713884,-80.283936,10.90,04/15/2024,00:54:03
766,65,2403,4,0,N,25.713884,-80.283936,11.00,04/15/2024,00:54:03
748,98,2392,7,0,N,25.713884,-80.283936,11.00,04/15/2024,00:54:03
735,117,2445,9,0,N,25.713884,-80.283936,11.00,04/15/2024,00:54:03
709,152,2467,12,0,N,25.713881,-80.283936,11.00,04/15/2024,00:54:03
712,164,2459,12,0,N,25.713881,-80.283936,11.00,04/15/2024,00:54:03
718,150,2470,11,0,N,25.713881,-80.283936,11.00,04/15/2024,00:54:03
727,137,2440,10,0,N,25.713881,-80.283936,11.00,04/15/2024,00:54:03
718,130,2448,10,0,N,25.713881,-80.283936,11.00,04/15/2024,00:54:03
712,111,2448,8,0,N,25.713881,-80.283936,11.00,04/15/2024,00:54:03
717,102,2470,8,0,N,25.713881,-80.283936,11.00,04/15/2024,00:54:03
717,106,2459,8,0,N,25.713877,-80.283936,11.00,04/15/2024,00:54:04
743,116,2392,8,0,N,25.713877,-80.283936,10.90,04/15/2024,00:54:04
721,133,2482,10,0,N,25.713877,-80.283936,10.90,04/15/2024,00:54:04
680,139,2482,11,0,N,25.713877,-80.283936,10.70,04/15/2024,00:54:04
693,160,2489,13,0,N,25.713877,-80.283936,10.70,04/15/2024,00:54:04
712,154,2448,12,0,N,25.713877,-80.283936,10.70,04/15/2024,00:54:04
737,147,2418,11,0,N,25.713875,-80.283936,10.70,04/15/2024,00:54:04
730,133,2440,10,0,N,25.713875,-80.283936,10.60,04/15/2024,00:54:04
733,124,2437,9,0,N,25.713873,-80.283936,10.60,04/15/2024,00:54:05
718,111,2445,8,0,N,25.713873,-80.283936,10.70,04/15/2024,00:54:05
727,99,2437,7,0,N,25.713873,-80.283936,10.70,04/15/2024,00:54:05
733,130,2410,10,0,N,25.713873,-80.283936,10.70,04/15/2024,00:54:05
748,159,2400,12,0,N,25.713871,-80.283936,10.70,04/15/2024,00:54:05
723,171,2418,13,0,N,25.713871,-80.283936,10.60,04/15/2024,00:54:05
688,198,2459,16,0,N,25.713869,-80.283936,10.60,04/15/2024,00:54:05
712,196,2440,15,0,N,25.713865,-80.283936,10.60,04/15/2024,00:54:05
742,181,2403,13,0,N,25.713865,-80.283936,10.00,04/15/2024,00:54:05
714,163,2430,12,0,N,25.713865,-80.283936,10.00,04/15/2024,00:54:05
735,154,2403,11,0,N,25.713865,-80.283936,10.00,04/15/2024,00:54:05
749,117,2418,8,0,N,25.713865,-80.283943,10.00,04/15/2024,00:54:06
731,108,2433,8,0,N,25.713865,-80.283943,9.90,04/15/2024,00:54:06
727,109,2440,8,0,N,25.713861,-80.283943,9.90,04/15/2024,00:54:06
737,129,2400,9,0,N,25.713861,-80.283943,9.80,04/15/2024,00:54:06
705,163,2470,13,0,N,25.713861,-80.283943,9.80,04/15/2024,00:54:06
662,159,2477,13,0,N,25.713861,-80.283943,9.80,04/15/2024,00:54:06
675,171,2489,14,0,N,25.713860,-80.283936,9.80,04/15/2024,00:54:06
691,181,2485,14,0,N,25.713860,-80.283936,9.90,04/15/2024,00:54:06
723,124,2440,9,0,N,25.713860,-80.283936,9.90,04/15/2024,00:54:06
699,108,2467,8,0,N,25.713860,-80.283936,9.90,04/15/2024,00:54:06
709,109,2459,8,0,N,25.713858,-80.283936,9.90,04/15/2024,00:54:07
703,91,2452,7,0,N,25.713858,-80.283936,10.30,04/15/2024,00:54:07
703,69,2459,5,0,N,25.713856,-80.283936,10.30,04/15/2024,00:54:07
699,76,2462,6,0,N,25.713856,-80.283936,10.40,04/15/2024,00:54:07
717,98,2445,7,0,N,25.713854,-80.283936,10.40,04/15/2024,00:54:07
721,113,2433,8,0,N,25.713854,-80.283936,10.40,04/15/2024,00:54:07
694,133,2474,10,0,N,25.713852,-80.283936,10.40,04/15/2024,00:54:07
691,135,2497,11,0,N,25.713852,-80.283936,10.20,04/15/2024,00:54:07
700,147,2462,11,0,N,25.713852,-80.283936,10.20,04/15/2024,00:54:08
709,130,2440,10,0,N,25.713852,-80.283936,10.30,04/15/2024,00:54:08
687,102,2485,8,0,N,25.713852,-80.283936,10.30,04/15/2024,00:54:08
712,122,2448,9,0,N,25.713852,-80.283936,10.30,04/15/2024,00:54:08
694,104,2462,8,0,N,25.713848,-80.283936,10.30,04/15/2024,00:54:08
696,82,2448,6,0,N,25.713848,-80.283936,10.50,04/15/2024,00:54:08
691,73,2477,6,0,N,25.713848,-80.283936,10.50,04/15/2024,00:54:08
693,91,2462,7,0,N,25.713848,-80.283936,10.50,04/15/2024,00:54:08
678,95,2497,7,0,N,25.713846,-80.283936,10.50,04/15/2024,00:54:08
700,116,2482,9,0,N,25.713844,-80.283936,10.50,04/15/2024,00:54:08
669,147,2512,12,0,N,25.713844,-80.283936,10.50,04/15/2024,00:54:09
675,160,2482,13,0,N,25.713844,-80.283936,10.10,04/15/2024,00:54:09
688,147,2497,12,0,N,25.713844,-80.283936,10.10,04/15/2024,00:54:09
682,124,2485,10,0,N,25.713844,-80.283936,10.10,04/15/2024,00:54:09
700,111,2477,9,0,N,25.713842,-80.283936,10.10,04/15/2024,00:54:09
680,63,2482,5,0,N,25.713840,-80.283936,10.10,04/15/2024,00:54:09
670,59,2477,5,0,N,25.713840,-80.283936,9.90,04/15/2024,00:54:09
680,76,2462,6,0,N,25.713839,-80.283936,9.90,04/15/2024,00:54:09
673,72,2497,6,0,N,25.713839,-80.283936,9.70,04/15/2024,00:54:09
652,108,2519,9,0,N,25.713839,-80.283936,9.70,04/15/2024,00:54:09
660,129,2497,11,0,N,25.713839,-80.283936,9.70,04/15/2024,00:54:09
666,139,2519,11,0,N,25.713835,-80.283936,9.70,04/15/2024,00:54:10
675,135,2489,11,0,N,25.713835,-80.283936,9.60,04/15/2024,00:54:10
680,124,2474,10,0,N,25.713833,-80.283936,9.60,04/15/2024,00:54:10
662,98,2507,8,0,N,25.713833,-80.283936,9.60,04/15/2024,00:54:10
650,65,2507,5,0,N,25.713833,-80.283936,9.60,04/15/2024,00:54:10
682,65,2500,5,0,N,25.713833,-80.283936,9.60,04/15/2024,00:54:10
682,47,2500,3,0,N,25.713831,-80.283936,9.60,04/15/2024,00:54:10
682,76,2474,6,0,N,25.713831,-80.283936,9.50,04/15/2024,00:54:10
687,69,2489,5,0,N,25.713831,-80.283936,9.50,04/15/2024,00:54:10
696,82,2474,6,0,N,25.713831,-80.283936,9.50,04/15/2024,00:54:10
680,95,2500,7,0,N,25.713827,-80.283936,9.50,04/15/2024,00:54:11
657,117,2500,10,0,N,25.713827,-80.283936,9.30,04/15/2024,00:54:11
664,124,2504,10,0,N,25.713827,-80.283936,9.30,04/15/2024,00:54:11
705,109,2482,8,0,N,25.713827,-80.283936,9.30,04/15/2024,00:54:11
694,104,2470,8,0,N,25.713827,-80.283936,9.30,04/15/2024,00:54:11
688,106,2474,8,0,N,25.713827,-80.283936,9.40,04/15/2024,00:54:11
670,86,2482,7,0,N,25.713821,-80.283936,9.40,04/15/2024,00:54:11
675,55,2504,4,0,N,25.713821,-80.283936,9.40,04/15/2024,00:54:12
666,61,2492,5,0,N,25.713821,-80.283936,9.00,04/15/2024,00:54:12
684,73,2485,6,0,N,25.713821,-80.283936,9.00,04/15/2024,00:54:12
694,76,2459,6,0,N,25.713821,-80.283936,9.00,04/15/2024,00:54:12
680,113,2485,9,0,N,25.713816,-80.283936,9.00,04/15/2024,00:54:12
682,116,2492,9,0,N,25.713816,-80.283936,9.30,04/15/2024,00:54:12
675,99,2482,8,0,N,25.713816,-80.283936,9.30,04/15/2024,00:54:12
675,85,2489,7,0,N,25.713816,-80.283936,9.30,04/15/2024,00:54:12
662,85,2497,7,0,N,25.713812,-80.283936,9.30,04/15/2024,00:54:12
703,78,2440,6,0,N,25.713812,-80.283936,9.20,04/15/2024,00:54:12
705,44,2445,3,0,N,25.713810,-80.283936,9.20,04/15/2024,00:54:13
693,36,2459,2,0,N,25.713810,-80.283936,9.20,04/15/2024,00:54:13
687,40,2467,3,0,N,25.713808,-80.283936,9.20,04/15/2024,00:54:13
699,55,2452,4,0,N,25.713808,-80.283936,9.20,04/15/2024,00:54:13
684,73,2477,6,0,N,25.713806,-80.283936,9.20,04/15/2024,00:54:13
652,117,2519,10,0,N,25.713804,-80.283936,9.20,04/15/2024,00:54:13
678,139,2477,11,0,N,25.713804,-80.283936,9.00,04/15/2024,00:54:13
687,137,2470,11,0,N,25.713804,-80.283936,9.00,04/15/2024,00:54:13
693,124,2462,10,0,N,25.713804,-80.283936,9.00,04/15/2024,00:54:13
660,109,2515,9,0,N,25.713800,-80.283936,9.00,04/15/2024,00:54:14
705,98,2459,7,0,N,25.713800,-80.283936,8.80,04/15/2024,00:54:14
693,65,2482,5,0,N,25.713800,-80.283936,8.80,04/15/2024,00:54:14
693,56,2462,4,0,N,25.713800,-80.283936,8.80,04/15/2024,00:54:14
678,36,2459,3,0,N,25.713797,-80.283936,8.80,04/15/2024,00:54:14
712,72,2445,5,0,N,25.713797,-80.283936,9.20,04/15/2024,00:54:14
688,91,2467,7,0,N,25.713793,-80.283936,9.20,04/15/2024,00:54:14
666,111,2504,9,0,N,25.713793,-80.283936,9.20,04/15/2024,00:54:14
670,129,2497,10,0,N,25.713793,-80.283936,9.20,04/15/2024,00:54:14
673,126,2500,10,0,N,25.713793,-80.283936,9.20,04/15/2024,00:54:14
670,126,2462,10,0,N,25.713791,-80.283936,9.20,04/15/2024,00:54:14
673,130,2492,10,0,N,25.713791,-80.283936,9.20,04/15/2024,00:54:14
664,113,2492,9,0,N,25.713789,-80.283936,9.20,04/15/2024,00:54:15
684,86,2459,7,0,N,25.713789,-80.283936,9.30,04/15/2024,00:54:15
675,73,2462,6,0,N,25.713787,-80.283936,9.30,04/15/2024,00:54:15
687,69,2459,5,0,N,25.713787,-80.283936,9.10,04/15/2024,00:54:15
709,69,2433,5,0,N,25.713787,-80.283936,9.10,04/15/2024,00:54:15
703,61,2455,4,0,N,25.713787,-80.283936,9.10,04/15/2024,00:54:15
714,65,2422,5,0,N,25.713783,-80.283936,9.10,04/15/2024,00:54:15
694,93,2462,7,0,N,25.713783,-80.283936,9.00,04/15/2024,00:54:15
691,120,2467,9,0,N,25.713781,-80.283936,9.00,04/15/2024,00:54:16
691,124,2462,10,0,N,25.713781,-80.283936,9.00,04/15/2024,00:54:16
707,111,2455,8,0,N,25.713781,-80.283936,9.00,04/15/2024,00:54:16
694,104,2482,8,0,N,25.713781,-80.283936,9.00,04/15/2024,00:54:16
700,93,2462,7,0,N,25.713776,-80.283936,9.00,04/15/2024,00:54:16
696,55,2470,4,0,N,25.713776,-80.283936,8.80,04/15/2024,00:54:16
696,40,2459,3,0,N,25.713776,-80.283936,8.80,04/15/2024,00:54:16
705,55,2459,4,0,N,25.713776,-80.283936,8.80,04/15/2024,00:54:16
727,69,2437,5,0,N,25.713774,-80.283936,8.80,04/15/2024,00:54:16
712,73,2445,5,0,N,25.713774,-80.283936,8.80,04/15/2024,00:54:16
705,99,2485,7,0,N,25.713774,-80.283936,8.80,04/15/2024,00:54:16
699,93,2452,7,0,N,25.713774,-80.283936,8.80,04/15/2024,00:54:16
700,111,2482,9,0,N,25.713772,-80.283936,8.80,04/15/2024,00:54:17
705,116,2459,9,0,N,25.713772,-80.283936,8.80,04/15/2024,00:54:17
727,106,2425,8,0,N,25.713764,-80.283936,8.80,04/15/2024,00:54:17
718,85,2448,6,0,N,25.713764,-80.283936,8.70,04/15/2024,00:54:17
731,65,2418,5,0,N,25.713760,-80.283928,8.70,04/15/2024,00:54:17
714,21,2422,1,0,N,25.713760,-80.283928,8.50,04/15/2024,00:54:17
717,17,2445,1,0,N,25.713760,-80.283928,8.50,04/15/2024,00:54:17
730,40,2410,3,0,N,25.713760,-80.283936,8.50,04/15/2024,00:54:17
751,59,2395,4,0,N,25.713758,-80.283928,8.50,04/15/2024,00:54:18
739,65,2422,5,0,N,25.713758,-80.283928,8.50,04/15/2024,00:54:18
714,106,2425,8,0,N,25.713758,-80.283928,8.50,04/15/2024,00:54:18
709,109,2482,8,0,N,25.713755,-80.283928,8.50,04/15/2024,00:54:18
717,116,2445,9,0,N,25.713755,-80.283928,8.50,04/15/2024,00:54:18
731,95,2415,7,0,N,25.713755,-80.283928,8.40,04/15/2024,00:54:18
712,76,2445,6,0,N,25.713753,-80.283928,8.40,04/15/2024,00:54:18
712,47,2437,3,0,N,25.713753,-80.283928,8.40,04/15/2024,00:54:18
703,44,2430,3,0,N,25.713751,-80.283928,8.40,04/15/2024,00:54:18
727,34,2440,2,0,N,25.713751,-80.283928,8.50,04/15/2024,00:54:18
714,27,2440,2,0,N,25.713749,-80.283928,8.50,04/15/2024,00:54:19
735,44,2415,3,0,N,25.713749,-80.283928,8.50,04/15/2024,00:54:19
721,36,2410,2,0,N,25.713745,-80.283928,8.50,04/15/2024,00:54:19
723,80,2430,6,0,N,25.713745,-80.283928,8.40,04/15/2024,00:54:19
700,106,2437,8,0,N,25.713745,-80.283928,8.40,04/15/2024,00:54:19
703,109,2433,8,0,N,25.713745,-80.283928,8.40,04/15/2024,00:54:19
718,108,2425,8,0,N,25.713743,-80.283928,8.40,04/15/2024,00:54:19
727,95,2425,7,0,N,25.713743,-80.283928,8.40,04/15/2024,00:54:19
718,95,2425,7,0,N,25.713743,-80.283928,8.40,04/15/2024,00:54:19
714,80,2433,6,0,N,25.713743,-80.283928,8.40,04/15/2024,00:54:19
707,72,2452,5,0,N,25.713739,-80.283928,8.40,04/15/2024,00:54:20
682,65,2459,5,0,N,25.713739,-80.283928,8.60,04/15/2024,00:54:20
688,72,2467,5,0,N,25.713737,-80.283928,8.60,04/15/2024,00:54:20
712,72,2448,5,0,N,25.713737,-80.283928,9.00,04/15/2024,00:54:20
707,80,2445,6,0,N,25.713737,-80.283928,9.00,04/15/2024,00:54:20
694,106,2459,8,0,N,25.713737,-80.283928,9.00,04/15/2024,00:54:20
709,122,2445,9,0,N,25.713736,-80.283928,9.00,04/15/2024,00:54:20
707,139,2445,11,0,N,25.713736,-80.283928,9.00,04/15/2024,00:54:20
717,126,2445,9,0,N,25.713734,-80.283928,9.00,04/15/2024,00:54:20
712,93,2425,7,0,N,25.713734,-80.283928,9.30,04/15/2024,00:54:20
735,91,2422,7,0,N,25.713730,-80.283928,9.30,04/15/2024,00:54:21
737,44,2422,3,0,N,25.713730,-80.283928,9.00,04/15/2024,00:54:21
731,44,2425,3,0,N,25.713730,-80.283928,9.00,04/15/2024,00:54:21
718,63,2430,5,0,N,25.713730,-80.283928,9.00,04/15/2024,00:54:21
733,91,2388,7,0,N,25.713726,-80.283928,9.00,04/15/2024,00:54:21
721,82,2425,6,0,N,25.713726,-80.283928,9.00,04/15/2024,00:54:21
735,95,2410,7,0,N,25.713724,-80.283928,9.00,04/15/2024,00:54:21
700,126,2440,10,0,N,25.713724,-80.283928,9.00,04/15/2024,00:54:21
714,137,2437,10,0,N,25.713724,-80.283928,9.00,04/15/2024,00:54:21
727,129,2430,10,0,N,25.713724,-80.283928,9.00,04/15/2024,00:54:21
727,124,2445,9,0,N,25.713718,-80.283928,9.00,04/15/2024,00:54:22
733,76,2418,5,0,N,25.713718,-80.283928,8.90,04/15/2024,00:54:22
714,31,2440,2,0,N,25.713718,-80.283928,8.90,04/15/2024,00:54:22
717,44,2437,3,0,N,25.713718,-80.283928,8.90,04/15/2024,00:54:22
712,34,2433,2,0,N,25.713715,-80.283928,8.90,04/15/2024,00:54:22
733,43,2430,3,0,N,25.713715,-80.283928,8.90,04/15/2024,00:54:22
721,65,2425,5,0,N,25.713715,-80.283928,8.90,04/15/2024,00:54:22
727,113,2430,8,0,N,25.713715,-80.283928,8.90,04/15/2024,00:54:22
700,129,2455,10,0,N,25.713713,-80.283928,8.90,04/15/2024,00:54:22
691,137,2452,11,0,N,25.713713,-80.283928,8.90,04/15/2024,00:54:22
699,133,2452,10,0,N,25.713709,-80.283928,8.90,04/15/2024,00:54:23
731,120,2430,9,0,N,25.713709,-80.283928,9.00,04/15/2024,00:54:23
703,95,2452,7,0,N,25.713707,-80.283928,9.00,04/15/2024,00:54:23
735,104,2422,8,0,N,25.713707,-80.283928,9.00,04/15/2024,00:54:23
714,56,2430,4,0,N,25.713707,-80.283928,9.00,04/15/2024,00:54:23
730,49,2403,3,0,N,25.713705,-80.283928,9.00,04/15/2024,00:54:23
707,51,2433,4,0,N,25.713703,-80.283928,9.00,04/15/2024,00:54:23
725,80,2418,6,0,N,25.713703,-80.283928,9.00,04/15/2024,00:54:23
721,106,2430,8,0,N,25.713703,-80.283928,9.00,04/15/2024,00:54:23
721,139,2440,10,0,N,25.713699,-80.283928,9.00,04/15/2024,00:54:24
712,147,2425,11,0,N,25.713699,-80.283928,8.90,04/15/2024,00:54:24
730,150,2418,11,0,N,25.713697,-80.283928,8.90,04/15/2024,00:54:24
731,126,2392,9,0,N,25.713697,-80.283928,8.90,04/15/2024,00:54:24
714,113,2437,8,0,N,25.713696,-80.283928,8.90,04/15/2024,00:54:24
735,76,2395,5,0,N,25.713696,-80.283928,8.80,04/15/2024,00:54:24
737,47,2400,3,0,N,25.713694,-80.283928,8.80,04/15/2024,00:54:24
721,43,2395,3,0,N,25.713694,-80.283928,8.70,04/15/2024,00:54:24
717,34,2407,2,0,N,25.713690,-80.283928,8.70,04/15/2024,00:54:24
739,61,2395,4,0,N,25.713690,-80.283928,8.60,04/15/2024,00:54:24
725,63,2403,4,0,N,25.713690,-80.283928,8.60,04/15/2024,00:54:24
718,102,2437,8,0,N,25.713690,-80.283928,8.60,04/15/2024,00:54:24
714,99,2422,7,0,N,25.713686,-80.283928,8.60,04/15/2024,00:54:25
717,98,2418,7,0,N,25.713686,-80.283928,8.60,04/15/2024,00:54:25
743,93,2415,7,0,N,25.713686,-80.283928,8.60,04/15/2024,00:54:25
694,51,2467,4,0,N,25.713686,-80.283928,8.60,04/15/2024,00:54:25
727,65,2422,5,0,N,25.713682,-80.283928,8.60,04/15/2024,00:54:25
739,31,2403,2,0,N,25.713682,-80.283928,8.50,04/15/2024,00:54:25
707,27,2437,2,0,N,25.713680,-80.283928,8.50,04/15/2024,00:54:25
712,17,2452,1,0,N,25.713680,-80.283928,8.60,04/15/2024,00:54:25
725,51,2418,4,0,N,25.713680,-80.283928,8.60,04/15/2024,00:54:25
721,43,2422,3,0,N,25.713680,-80.283928,8.60,04/15/2024,00:54:25
731,86,2430,6,0,N,25.713678,-80.283928,8.60,04/15/2024,00:54:26
712,120,2425,9,0,N,25.713678,-80.283928,8.60,04/15/2024,00:54:26
721,130,2437,10,0,N,25.713675,-80.283928,8.60,04/15/2024,00:54:26
730,116,2403,9,0,N,25.713675,-80.283928,8.40,04/15/2024,00:54:26
737,98,2378,7,0,N,25.713671,-80.283928,8.40,04/15/2024,00:54:26
696,69,2459,5,0,N,25.713671,-80.283928,8.30,04/15/2024,00:54:26
709,73,2482,5,0,N,25.713671,-80.283928,8.30,04/15/2024,00:54:26
694,76,2467,6,0,N,25.713671,-80.283928,8.30,04/15/2024,00:54:26
693,63,2455,5,0,N,25.713667,-80.283928,8.30,04/15/2024,00:54:27
714,85,2440,6,0,N,25.713667,-80.283928,8.40,04/15/2024,00:54:27
733,98,2445,7,0,N,25.713667,-80.283928,8.40,04/15/2024,00:54:27
718,80,2433,6,0,N,25.713667,-80.283928,8.30,04/15/2024,00:54:27
691,86,2459,7,0,N,25.713667,-80.283928,8.30,04/15/2024,00:54:27
688,108,2467,8,0,N,25.713667,-80.283928,8.30,04/15/2024,00:54:27
682,117,2455,9,0,N,25.713663,-80.283928,8.30,04/15/2024,00:54:27
688,129,2437,10,0,N,25.713663,-80.283928,8.30,04/15/2024,00:54:27
687,111,2485,9,0,N,25.713663,-80.283928,8.30,04/15/2024,00:54:27
696,106,2462,8,0,N,25.713663,-80.283928,8.30,04/15/2024,00:54:27
714,76,2462,6,0,N,25.713659,-80.283928,8.30,04/15/2024,00:54:28
694,31,2467,2,0,N,25.713659,-80.283928,8.40,04/15/2024,00:54:28
691,49,2448,4,0,N,25.713659,-80.283928,8.40,04/15/2024,00:54:28
727,59,2422,4,0,N,25.713659,-80.283928,8.40,04/15/2024,00:54:28
688,65,2459,5,0,N,25.713657,-80.283928,8.40,04/15/2024,00:54:28
703,109,2470,8,0,N,25.713657,-80.283928,8.50,04/15/2024,00:54:28
694,152,2482,12,0,N,25.713652,-80.283928,8.50,04/15/2024,00:54:28
682,166,2489,13,0,N,25.713652,-80.283928,8.60,04/15/2024,00:54:28
691,163,2482,13,0,N,25.713650,-80.283928,8.60,04/15/2024,00:54:28
678,141,2477,11,0,N,25.713650,-80.283928,8.50,04/15/2024,00:54:28
675,109,2459,9,0,N,25.713650,-80.283928,8.50,04/15/2024,00:54:28
694,98,2485,8,0,N,25.713650,-80.283928,8.50,04/15/2024,00:54:28
699,61,2477,4,0,N,25.713644,-80.283928,8.50,04/15/2024,00:54:29
699,49,2448,4,0,N,25.713644,-80.283928,8.20,04/15/2024,00:54:29
721,86,2440,6,0,N,25.713644,-80.283928,8.20,04/15/2024,00:54:29
705,63,2462,5,0,N,25.713640,-80.283928,8.20,04/15/2024,00:54:29
707,104,2492,8,0,N,25.713640,-80.283928,8.30,04/15/2024,00:54:29
693,120,2482,9,0,N,25.713638,-80.283928,8.30,04/15/2024,00:54:29
687,160,2497,13,0,N,25.713638,-80.283928,8.40,04/15/2024,00:54:29
675,159,2482,13,0,N,25.713636,-80.283928,8.40,04/15/2024,00:54:30
693,146,2452,11,0,N,25.713636,-80.283928,8.30,04/15/2024,00:54:30
696,124,2474,10,0,N,25.713634,-80.283928,8.30,04/15/2024,00:54:30
709,93,2467,7,0,N,25.713634,-80.283928,8.40,04/15/2024,00:54:30
721,91,2462,7,0,N,25.713633,-80.283928,8.40,04/15/2024,00:54:30
709,72,2485,5,0,N,25.713633,-80.283928,8.40,04/15/2024,00:54:30
730,99,2455,7,0,N,25.713633,-80.283928,8.40,04/15/2024,00:54:30
714,116,2425,9,0,N,25.713633,-80.283928,8.40,04/15/2024,00:54:30
718,129,2448,10,0,N,25.713629,-80.283928,8.40,04/15/2024,00:54:30
712,152,2462,12,0,N,25.713629,-80.283928,8.40,04/15/2024,00:54:30
717,160,2462,12,0,N,25.713629,-80.283928,8.40,04/15/2024,00:54:30
707,159,2470,12,0,N,25.713629,-80.283928,8.40,04/15/2024,00:54:30
699,135,2455,10,0,N,25.713625,-80.283928,8.40,04/15/2024,00:54:31
678,111,2504,9,0,N,25.713625,-80.283928,8.30,04/15/2024,00:54:31
717,117,2452,9,0,N,25.713623,-80.283928,8.30,04/15/2024,00:54:31
721,69,2462,5,0,N,25.713623,-80.283928,8.30,04/15/2024,00:54:31
725,53,2445,4,0,N,25.713623,-80.283928,8.30,04/15/2024,00:54:31
725,51,2437,4,0,N,25.713623,-80.283928,8.30,04/15/2024,00:54:31
742,65,2403,5,0,N,25.713621,-80.283928,8.30,04/15/2024,00:54:31
735,38,2433,2,0,N,25.713621,-80.283928,8.30,04/15/2024,00:54:31
749,78,2433,5,0,N,25.713619,-80.283928,8.30,04/15/2024,00:54:31
737,99,2452,7,0,N,25.713619,-80.283928,8.30,04/15/2024,00:54:31
718,95,2455,7,0,N,25.713615,-80.283928,8.30,04/15/2024,00:54:32
712,93,2455,7,0,N,25.713615,-80.283928,8.10,04/15/2024,00:54:32
699,69,2470,5,0,N,25.713615,-80.283928,8.10,04/15/2024,00:54:32
714,69,2422,5,0,N,25.713615,-80.283928,8.10,04/15/2024,00:54:32
751,53,2433,4,0,N,25.713612,-80.283928,8.10,04/15/2024,00:54:32
742,36,2392,2,0,N,25.713612,-80.283928,8.30,04/15/2024,00:54:32
749,18,2410,1,0,N,25.713612,-80.283928,8.30,04/15/2024,00:54:32
748,44,2403,3,0,N,25.713612,-80.283928,8.30,04/15/2024,00:54:32
769,36,2395,2,0,N,25.713612,-80.283928,8.30,04/15/2024,00:54:32
778,49,2381,3,0,N,25.713612,-80.283928,8.30,04/15/2024,00:54:32
753,82,2403,6,0,N,25.713608,-80.283928,8.30,04/15/2024,00:54:33
735,73,2418,5,0,N,25.713608,-80.283928,8.50,04/15/2024,00:54:33
733,69,2433,5,0,N,25.713608,-80.283928,8.50,04/15/2024,00:54:33
727,67,2422,5,0,N,25.713608,-80.283928,8.50,04/15/2024,00:54:33
735,44,2437,3,0,N,25.713604,-80.283928,8.50,04/15/2024,00:54:33
743,34,2403,2,0,N,25.713604,-80.283928,8.50,04/15/2024,00:54:33
755,6,2388,0,0,N,25.713604,-80.283928,8.50,04/15/2024,00:54:33
768,0,2385,0,0,N,25.713604,-80.283928,8.50,04/15/2024,00:54:33
755,-26,2370,-1,15,NNW,25.713602,-80.283928,8.50,04/15/2024,00:54:33
782,-30,2355,-2,15,NNW,25.713602,-80.283928,8.50,04/15/2024,00:54:33
776,-39,2358,-2,15,NNW,25.713598,-80.283928,8.50,04/15/2024,00:54:34
796,-16,2333,-1,15,NNW,25.713598,-80.283928,8.50,04/15/2024,00:54:34
794,18,2351,1,0,N,25.713596,-80.283928,8.50,04/15/2024,00:54:34
774,34,2385,2,0,N,25.713596,-80.283928,8.50,04/15/2024,00:54:34
753,30,2392,2,0,N,25.713596,-80.283928,8.50,04/15/2024,00:54:34
757,10,2395,0,0,N,25.713596,-80.283928,8.50,04/15/2024,00:54:34
753,0,2400,0,0,N,25.713593,-80.283928,8.50,04/15/2024,00:54:34
760,-13,2381,0,0,N,25.713593,-80.283928,8.40,04/15/2024,00:54:34
768,-50,2370,-3,15,NNW,25.713593,-80.283928,8.40,04/15/2024,00:54:34
761,-26,2355,-1,15,NNW,25.713593,-80.283928,8.40,04/15/2024,00:54:34
768,-50,2373,-3,15,NNW,25.713587,-80.283928,8.40,04/15/2024,00:54:35
776,-48,2351,-3,15,NNW,25.713587,-80.283928,8.40,04/15/2024,00:54:35
769,-67,2351,-4,15,NNW,25.713585,-80.283928,8.40,04/15/2024,00:54:35
768,-48,2385,-3,15,NNW,25.713585,-80.283928,8.40,04/15/2024,00:54:35
764,-7,2381,0,0,N,25.713585,-80.283928,8.50,04/15/2024,00:54:35
757,1,2381,0,0,N,25.713583,-80.283928,8.50,04/15/2024,00:54:35
760,0,2378,0,0,N,25.713583,-80.283928,8.60,04/15/2024,00:54:35
769,-26,2363,-1,15,NNW,25.713579,-80.283928,8.60,04/15/2024,00:54:36
739,-62,2395,-4,15,NNW,25.713579,-80.283928,8.40,04/15/2024,00:54:36
751,-86,2388,-6,15,NNW,25.713579,-80.283928,8.40,04/15/2024,00:54:36
739,-77,2378,-5,15,NNW,25.713579,-80.283928,8.40,04/15/2024,00:54:36
751,-29,2385,-2,15,NNW,25.713575,-80.283928,8.40,04/15/2024,00:54:36
772,27,2378,2,0,N,25.713575,-80.283928,8.50,04/15/2024,00:54:36
742,23,2407,1,0,N,25.713575,-80.283928,8.50,04/15/2024,00:54:36
735,80,2462,6,0,N,25.713575,-80.283928,8.50,04/15/2024,00:54:36
718,108,2448,8,0,N,25.713575,-80.283928,8.50,04/15/2024,00:54:36
717,109,2467,8,0,N,25.713575,-80.283928,9.20,04/15/2024,00:54:36
717,99,2445,7,0,N,25.713575,-80.283928,9.20,04/15/2024,00:54:37
717,69,2440,5,0,N,25.713575,-80.283928,9.30,04/15/2024,00:54:37
712,38,2452,3,0,N,25.713575,-80.283928,9.30,04/15/2024,00:54:37
731,34,2433,2,0,N,25.713575,-80.283928,9.30,04/15/2024,00:54:37
721,21,2433,1,0,N,25.713573,-80.283928,9.30,04/15/2024,00:54:37
735,31,2430,2,0,N,25.713573,-80.283928,9.40,04/15/2024,00:54:37
733,38,2418,2,0,N,25.713572,-80.283928,9.40,04/15/2024,00:54:37
746,69,2400,5,0,N,25.713572,-80.283928,9.40,04/15/2024,00:54:37
700,38,2462,3,0,N,25.713566,-80.283928,9.40,04/15/2024,00:54:37
718,99,2452,7,0,N,25.713566,-80.283928,9.30,04/15/2024,00:54:37
725,126,2440,9,0,N,25.713566,-80.283928,9.30,04/15/2024,00:54:37
712,126,2459,10,0,N,25.713566,-80.283928,9.30,04/15/2024,00:54:37
721,130,2440,10,0,N,25.713564,-80.283928,9.30,04/15/2024,00:54:38
721,104,2467,8,0,N,25.713564,-80.283928,9.40,04/15/2024,00:54:38
712,93,2455,7,0,N,25.713562,-80.283928,9.40,04/15/2024,00:54:38
717,69,2459,5,0,N,25.713562,-80.283928,9.30,04/15/2024,00:54:38
714,69,2455,5,0,N,25.713562,-80.283928,9.30,04/15/2024,00:54:38
709,65,2455,5,0,N,25.713562,-80.283928,9.30,04/15/2024,00:54:38
723,104,2452,8,0,N,25.713558,-80.283920,9.30,04/15/2024,00:54:38
707,108,2448,8,0,N,25.713558,-80.283920,9.30,04/15/2024,00:54:38
725,156,2467,12,0,N,25.713558,-80.283920,9.30,04/15/2024,00:54:38
703,163,2482,13,0,N,25.713558,-80.283920,9.30,04/15/2024,00:54:38
691,171,2482,13,0,N,25.713556,-80.283920,9.30,04/15/2024,00:54:39
699,163,2462,13,0,N,25.713556,-80.283920,9.50,04/15/2024,00:54:39
707,126,2477,10,0,N,25.713556,-80.283920,9.50,04/15/2024,00:54:39
700,108,2474,8,0,N,25.713556,-80.283920,9.50,04/15/2024,00:54:39
746,109,2433,8,0,N,25.713554,-80.283920,9.50,04/15/2024,00:54:39
733,63,2437,4,0,N,25.713554,-80.283920,9.40,04/15/2024,00:54:39
725,40,2437,3,0,N,25.713551,-80.283928,9.40,04/15/2024,00:54:39
712,25,2433,2,0,N,25.713551,-80.283928,9.20,04/15/2024,00:54:39
730,59,2440,4,0,N,25.713549,-80.283920,9.20,04/15/2024,00:54:40
718,38,2448,3,0,N,25.713549,-80.283920,9.30,04/15/2024,00:54:40
743,76,2433,5,0,N,25.713549,-80.283920,9.30,04/15/2024,00:54:40
735,73,2430,5,0,N,25.713549,-80.283920,9.30,04/15/2024,00:54:40
742,55,2410,4,0,N,25.713545,-80.283920,9.30,04/15/2024,00:54:40
731,40,2422,3,0,N,25.713545,-80.283920,9.50,04/15/2024,00:54:40
735,30,2433,2,0,N,25.713545,-80.283920,9.50,04/15/2024,00:54:40
760,27,2403,2,0,N,25.713545,-80.283920,9.50,04/15/2024,00:54:40
757,14,2392,1,0,N,25.713541,-80.283928,9.50,04/15/2024,00:54:40
755,17,2403,1,0,N,25.713541,-80.283928,9.40,04/15/2024,00:54:40
766,27,2392,2,0,N,25.713539,-80.283920,9.40,04/15/2024,00:54:41
766,51,2385,3,0,N,25.713539,-80.283920,9.40,04/15/2024,00:54:41
785,40,2366,2,0,N,25.713537,-80.283920,9.40,04/15/2024,00:54:41
766,72,2395,5,0,N,25.713537,-80.283920,9.40,04/15/2024,00:54:41
739,99,2437,7,0,N,25.713535,-80.283920,9.40,04/15/2024,00:54:41
735,159,2425,12,0,N,25.713535,-80.283920,9.40,04/15/2024,00:54:41
714,163,2455,12,0,N,25.713533,-80.283920,9.40,04/15/2024,00:54:41
725,156,2440,12,0,N,25.713533,-80.283920,9.40,04/15/2024,00:54:41
717,106,2455,8,0,N,25.713533,-80.283920,9.40,04/15/2024,00:54:41
764,111,2395,8,0,N,25.713533,-80.283920,9.40,04/15/2024,00:54:41
743,80,2430,6,0,N,25.713530,-80.283920,9.40,04/15/2024,00:54:42
723,72,2452,5,0,N,25.713530,-80.283920,9.40,04/15/2024,00:54:42
735,82,2422,6,0,N,25.713530,-80.283920,9.40,04/15/2024,00:54:42
727,67,2422,5,0,N,25.713528,-80.283920,9.40,04/15/2024,00:54:42
735,99,2437,7,0,N,25.713528,-80.283920,9.40,04/15/2024,00:54:42
723,141,2440,11,0,N,25.713526,-80.283920,9.40,04/15/2024,00:54:42
721,156,2459,12,0,N,25.713526,-80.283920,9.40,04/15/2024,00:54:42
725,146,2433,11,0,N,25.713526,-80.283920,9.40,04/15/2024,00:54:42
714,109,2425,8,0,N,25.713524,-80.283920,9.40,04/15/2024,00:54:42
743,63,2448,4,0,N,25.713524,-80.283920,9.40,04/15/2024,00:54:42
703,0,2470,0,0,N,25.713522,-80.283920,9.40,04/15/2024,00:54:43
696,-24,2455,-1,15,NNW,25.713522,-80.283920,9.50,04/15/2024,00:54:43
693,-30,2470,-2,15,NNW,25.713520,-80.283920,9.50,04/15/2024,00:54:43
703,-30,2452,-2,15,NNW,25.713520,-80.283920,9.50,04/15/2024,00:54:43
730,4,2422,0,0,N,25.713520,-80.283920,9.50,04/15/2024,00:54:43
730,43,2440,3,0,N,25.713520,-80.283920,9.50,04/15/2024,00:54:43
730,49,2418,3,0,N,25.713514,-80.283920,9.50,04/15/2024,00:54:43
703,36,2455,2,0,N,25.713514,-80.283920,9.40,04/15/2024,00:54:43
705,30,2470,2,0,N,25.713511,-80.283920,9.40,04/15/2024,00:54:44
721,10,2433,0,0,N,25.713511,-80.283920,9.30,04/15/2024,00:54:44
739,14,2433,1,0,N,25.713511,-80.283920,9.30,04/15/2024,00:54:44
733,18,2407,1,0,N,25.713507,-80.283920,9.30,04/15/2024,00:54:44
757,21,2415,1,0,N,25.713507,-80.283920,9.40,04/15/2024,00:54:44
742,30,2418,2,0,N,25.713507,-80.283920,9.40,04/15/2024,00:54:44
760,36,2388,2,0,N,25.713507,-80.283920,9.40,04/15/2024,00:54:44
733,17,2418,1,0,N,25.713503,-80.283920,9.40,04/15/2024,00:54:44
730,43,2415,3,0,N,25.713503,-80.283920,9.40,04/15/2024,00:54:44
730,43,2422,3,0,N,25.713503,-80.283920,9.40,04/15/2024,00:54:44
733,30,2433,2,0,N,25.713503,-80.283920,9.40,04/15/2024,00:54:44
723,10,2422,0,0,N,25.713503,-80.283920,9.40,04/15/2024,00:54:45
694,-16,2474,-1,15,NNW,25.713503,-80.283920,9.60,04/15/2024,00:54:45
714,21,2445,1,0,N,25.713499,-80.283920,9.60,04/15/2024,00:54:45
731,-20,2418,-1,15,NNW,25.713499,-80.283920,9.50,04/15/2024,00:54:45
735,-22,2418,-1,15,NNW,25.713497,-80.283920,9.50,04/15/2024,00:54:45
723,-13,2440,-1,15,NNW,25.713497,-80.283920,9.50,04/15/2024,00:54:45
748,53,2410,4,0,N,25.713497,-80.283920,9.50,04/15/2024,00:54:45
748,56,2415,4,0,N,25.713497,-80.283920,9.50,04/15/2024,00:54:45
774,102,2381,7,0,N,25.713493,-80.283920,9.50,04/15/2024,00:54:46
753,150,2410,11,0,N,25.713493,-80.283920,9.40,04/15/2024,00:54:46
760,159,2392,11,0,N,25.713493,-80.283920,9.40,04/15/2024,00:54:46
753,137,2415,10,0,N,25.713493,-80.283920,9.40,04/15/2024,00:54:46
753,135,2400,10,0,N,25.713490,-80.283920,9.40,04/15/2024,00:54:46
739,106,2437,8,0,N,25.713490,-80.283920,9.40,04/15/2024,00:54:46
743,76,2430,5,0,N,25.713488,-80.283920,9.40,04/15/2024,00:54:46
755,27,2400,2,0,N,25.713488,-80.283920,9.50,04/15/2024,00:54:46
739,0,2415,0,0,N,25.713486,-80.283920,9.50,04/15/2024,00:54:46
761,30,2403,2,0,N,25.713486,-80.283920,9.50,04/15/2024,00:54:46
785,34,2373,2,0,N,25.713484,-80.283920,9.50,04/15/2024,00:54:47
780,51,2385,3,0,N,25.713484,-80.283920,9.50,04/15/2024,00:54:47
768,78,2400,5,0,N,25.713482,-80.283920,9.50,04/15/2024,00:54:47
768,130,2395,9,0,N,25.713482,-80.283920,9.50,04/15/2024,00:54:47
786,146,2373,10,0,N,25.713482,-80.283920,9.50,04/15/2024,00:54:47
772,130,2370,9,0,N,25.713482,-80.283920,9.50,04/15/2024,00:54:47
749,102,2437,7,0,N,25.713478,-80.283920,9.50,04/15/2024,00:54:47
764,91,2430,6,0,N,25.713478,-80.283920,9.50,04/15/2024,00:54:47
746,23,2410,1,0,N,25.713478,-80.283920,9.50,04/15/2024,00:54:47
757,1,2422,0,0,N,25.713476,-80.283920,9.50,04/15/2024,00:54:47
748,-5,2437,0,0,N,25.713474,-80.283920,9.50,04/15/2024,00:54:48
782,17,2400,1,0,N,25.713474,-80.283920,9.60,04/15/2024,00:54:48
776,25,2430,1,0,N,25.713474,-80.283920,9.60,04/15/2024,00:54:48
755,67,2467,5,0,N,25.713474,-80.283920,9.80,04/15/2024,00:54:48
757,93,2430,7,0,N,25.713474,-80.283920,9.80,04/15/2024,00:54:48
778,111,2410,8,0,N,25.713474,-80.283920,9.80,04/15/2024,00:54:48
782,99,2403,7,0,N,25.713472,-80.283920,9.80,04/15/2024,00:54:48
755,78,2418,5,0,N,25.713472,-80.283920,9.80,04/15/2024,00:54:48
768,67,2433,4,0,N,25.713470,-80.283920,9.80,04/15/2024,00:54:48
749,21,2433,1,0,N,25.713470,-80.283920,9.90,04/15/2024,00:54:48
749,49,2433,3,0,N,25.713467,-80.283920,9.90,04/15/2024,00:54:49
751,53,2437,4,0,N,25.713467,-80.283920,9.90,04/15/2024,00:54:49
761,80,2415,6,0,N,25.713467,-80.283920,9.90,04/15/2024,00:54:49
749,93,2440,7,0,N,25.713467,-80.283920,9.90,04/15/2024,00:54:49
749,146,2448,11,0,N,25.713463,-80.283920,9.90,04/15/2024,00:54:49
718,192,2448,14,0,N,25.713463,-80.283920,9.70,04/15/2024,00:54:49
723,198,2455,15,0,N,25.713461,-80.283920,9.70,04/15/2024,00:54:49
737,179,2418,13,0,N,25.713461,-80.283920,9.70,04/15/2024,00:54:49
737,133,2430,10,0,N,25.713461,-80.283920,9.70,04/15/2024,00:54:49
753,111,2422,8,0,N,25.713461,-80.283920,9.70,04/15/2024,00:54:49
761,99,2381,7,0,N,25.713457,-80.283920,9.70,04/15/2024,00:54:50
760,59,2373,4,0,N,25.713457,-80.283920,9.90,04/15/2024,00:54:50
764,38,2392,2,0,N,25.713457,-80.283920,9.90,04/15/2024,00:54:50
746,31,2395,2,0,N,25.713457,-80.283913,9.90,04/15/2024,00:54:50
761,47,2395,3,0,N,25.713457,-80.283913,9.90,04/15/2024,00:54:50
757,36,2381,2,0,N,25.713457,-80.283913,10.40,04/15/2024,00:54:50
742,102,2430,7,0,N,25.713457,-80.283913,10.40,04/15/2024,00:54:50
733,91,2422,7,0,N,25.713455,-80.283913,10.40,04/15/2024,00:54:50
718,44,2440,3,0,N,25.713455,-80.283913,10.50,04/15/2024,00:54:50
731,8,2415,0,0,N,25.713451,-80.283913,10.50,04/15/2024,00:54:51
725,-86,2415,-6,15,NNW,25.713451,-80.283913,10.40,04/15/2024,00:54:51
742,-129,2385,-9,15,NNW,25.713449,-80.283913,10.40,04/15/2024,00:54:51
727,-151,2366,-11,15,NNW,25.713449,-80.283913,10.40,04/15/2024,00:54:51
705,-159,2407,-12,15,NNW,25.713449,-80.283913,10.40,04/15/2024,00:54:51
682,-163,2418,-13,15,NNW,25.713448,-80.283913,10.40,04/15/2024,00:54:51
687,-158,2433,-12,15,NNW,25.713444,-80.283913,10.40,04/15/2024,00:54:51
664,-142,2440,-12,15,NNW,25.713444,-80.283913,10.00,04/15/2024,00:54:51
673,-81,2485,-6,15,NNW,25.713444,-80.283913,10.00,04/15/2024,00:54:51
687,-71,2477,-5,15,NNW,25.713440,-80.283913,10.00,04/15/2024,00:54:52
673,-84,2474,-7,15,NNW,25.713440,-80.283913,10.00,04/15/2024,00:54:52
657,-136,2482,-11,15,NNW,25.713438,-80.283913,10.00,04/15/2024,00:54:52
652,-176,2440,-15,15,NNW,25.713438,-80.283913,9.80,04/15/2024,00:54:52
638,-202,2470,-17,15,NNW,25.713436,-80.283913,9.80,04/15/2024,00:54:52
614,-269,2462,-23,14,NW,25.713436,-80.283913,9.80,04/15/2024,00:54:52
575,-312,2448,-28,14,NW,25.713434,-80.283913,9.80,04/15/2024,00:54:52
561,-316,2452,-29,14,NW,25.713434,-80.283913,9.90,04/15/2024,00:54:52
548,-189,2527,-19,15,NNW,25.713430,-80.283913,9.90,04/15/2024,00:54:52
564,-20,2589,-2,15,NNW,25.713430,-80.283913,9.70,04/15/2024,00:54:52
638,34,2497,3,0,N,25.713430,-80.283913,9.70,04/15/2024,00:54:52
718,44,2430,3,0,N,25.713428,-80.283913,9.70,04/15/2024,00:54:53
737,56,2388,4,0,N,25.713427,-80.283913,9.70,04/15/2024,00:54:53
518,-60,2631,-6,15,NNW,25.713427,-80.283913,9.80,04/15/2024,00:54:53
-235,-559,2410,-112,11,WSW,25.713427,-80.283913,9.80,04/15/2024,00:54:53
-511,-753,1871,-124,10,SW,25.713423,-80.283913,9.80,04/15/2024,00:54:53
-634,-873,604,-125,10,SW,25.713423,-80.283913,9.60,04/15/2024,00:54:53
-604,-858,445,-125,10,SW,25.713423,-80.283913,9.60,04/15/2024,00:54:53
-614,-899,575,-124,10,SW,25.713423,-80.283913,9.60,04/15/2024,00:54:53
-579,-865,326,-123,10,SW,25.713423,-80.283913,9.60,04/15/2024,00:54:53
-662,-700,20,-133,10,SW,25.713421,-80.283913,9.60,04/15/2024,00:54:54
-739,-473,-154,-147,9,SSW,25.713421,-80.283913,9.50,04/15/2024,00:54:54
-764,-439,-147,-150,9,SSW,25.713417,-80.283913,9.50,04/15/2024,00:54:54
-734,-425,-180,-149,9,SSW,25.713417,-80.283913,9.40,04/15/2024,00:54:54
-752,-402,-217,-151,9,SSW,25.713415,-80.283913,9.40,04/15/2024,00:54:54
-732,-349,-259,-154,9,SSW,25.713415,-80.283913,9.40,04/15/2024,00:54:54
-758,-312,-251,-157,9,SSW,25.713415,-80.283913,9.40,04/15/2024,00:54:54
-786,-248,-247,-162,8,S,25.713411,-80.283913,9.40,04/15/2024,00:54:55
-828,-222,-169,-164,8,S,25.713411,-80.283913,9.60,04/15/2024,00:54:55
-849,-220,-150,-165,8,S,25.713409,-80.283913,9.60,04/15/2024,00:54:55
-874,-172,-73,-168,8,S,25.713409,-80.283913,9.50,04/15/2024,00:54:55
-902,-138,-28,-171,8,S,25.713409,-80.283913,9.50,04/15/2024,00:54:55
-917,-119,-1,-172,8,S,25.713409,-80.283913,9.50,04/15/2024,00:54:55
-921,-121,16,-172,8,S,25.713408,-80.283913,9.50,04/15/2024,00:54:55
-902,-116,-28,-172,8,S,25.713408,-80.283913,9.80,04/15/2024,00:54:55
-880,-55,-50,-176,8,S,25.713408,-80.283913,9.80,04/15/2024,00:54:55
-896,-33,-46,-177,8,S,25.713408,-80.283913,9.80,04/15/2024,00:54:55
-901,-12,-61,-179,8,S,25.713404,-80.283913,9.80,04/15/2024,00:54:56
-940,18,-80,178,7,SSE,25.713404,-80.283913,9.80,04/15/2024,00:54:56
-988,12,-143,179,7,SSE,25.713404,-80.283913,9.80,04/15/2024,00:54:56
-1004,0,-180,180,8,S,25.713402,-80.283913,9.80,04/15/2024,00:54:56
-958,-24,-262,-178,8,S,25.713402,-80.283913,9.70,04/15/2024,00:54:56
-953,-24,-292,-178,8,S,25.713402,-80.283913,9.70,04/15/2024,00:54:56
-974,-16,-274,-179,8,S,25.713400,-80.283913,9.70,04/15/2024,00:54:56
-1000,-54,-269,-176,8,S,25.713400,-80.283913,9.60,04/15/2024,00:54:56
-1000,-52,-262,-177,8,S,25.713398,-80.283913,9.60,04/15/2024,00:54:56
-1000,-50,-232,-177,8,S,25.713398,-80.283913,9.50,04/15/2024,00:54:56
-990,-68,-229,-176,8,S,25.713398,-80.283913,9.50,04/15/2024,00:54:56
-995,-67,-224,-176,8,S,25.713394,-80.283913,9.50,04/15/2024,00:54:57
-976,-75,-229,-175,8,S,25.713394,-80.283913,9.20,04/15/2024,00:54:57
-^C971,-81,-202,-175,8,S,25.713394,-80.283913,9.20,04/15/2024,00:54:57
-974,-79,-202,-175,8,S,25.713394,-80.283913,9.20,04/15/2024,00:54:57
-956,-68,-199,-175,8,S,25.713392,-80.283913,9.20,04/15/2024,00:54:57
-970,-79,-169,-175,8,S,25.713392,-80.283913,9.10,04/15/2024,00:54:57
-956,-81,-199,-175,8,S,25.713390,-80.283913,9.10,04/15/2024,00:54:57
-947,-88,-184,-174,8,S,25.713390,-80.283913,9.20,04/15/2024,00:54:57
-945,-92,-165,-174,8,S,25.713390,-80.283913,9.20,04/15/2024,00:54:58
-943,-86,-169,-174,8,S,25.713390,-80.283913,9.10,04/15/2024,00:54:58
-933,-73,-187,-175,8,S,25.713392,-80.283913,9.10,04/15/2024,00:54:58
-913,-68,-210,-175,8,S,25.713392,-80.283913,9.10,04/15/2024,00:54:58
-915,-79,-187,-175,8,S,25.713392,-80.283913,9.10,04/15/2024,00:54:58
-917,-88,-180,-174,8,S,25.713392,-80.283913,9.10,04/15/2024,00:54:58
-924,-98,-162,-173,8,S,25.713392,-80.283913,9.10,04/15/2024,00:54:58
-913,-67,-192,-175,8,S,25.713392,-80.283913,9.10,04/15/2024,00:54:58
-902,-79,-217,-174,8,S,25.713392,-80.283913,9.30,04/15/2024,00:54:58
-917,-92,-180,-174,8,S,25.713392,-80.283913,9.30,04/15/2024,00:54:58
-917,-86,-187,-174,8,S,25.713392,-80.283913,9.30,04/15/2024,00:54:58
-917,-75,-154,-175,8,S,25.713392,-80.283913,9.30,04/15/2024,00:54:59
-917,-90,-157,-174,8,S,25.713392,-80.283913,9.20,04/15/2024,00:54:59
-927,-86,-132,-174,8,S,25.713392,-80.283913,9.20,04/15/2024,00:54:59
-924,-97,-120,-174,8,S,25.713392,-80.283913,9.10,04/15/2024,00:54:59
-924,-86,-132,-174,8,S,25.713392,-80.283913,9.10,04/15/2024,00:54:59
-919,-88,-140,-174,8,S,25.713390,-80.283913,9.10,04/15/2024,00:54:59
-919,-101,-132,-173,8,S,25.713390,-80.283913,9.20,04/15/2024,00:54:59
-913,-103,-110,-173,8,S,25.713390,-80.283913,9.20,04/15/2024,00:54:59
-922,-92,-120,-174,8,S,25.713390,-80.283913,9.20,04/15/2024,00:54:59
-927,-106,-105,-173,8,S,25.713388,-80.283913,9.20,04/15/2024,00:55:00
-904,-101,-110,-173,8,S,25.713388,-80.283913,9.10,04/15/2024,00:55:00
-910,-110,-120,-173,8,S,25.713388,-80.283913,9.10,04/15/2024,00:55:00
-902,-105,-147,-173,8,S,25.713388,-80.283913,9.10,04/15/2024,00:55:00
-915,-103,-128,-173,8,S,25.713388,-80.283913,9.10,04/15/2024,00:55:00
-906,-106,-132,-173,8,S,25.713388,-80.283913,9.00,04/15/2024,00:55:00
-917,-98,-154,-173,8,S,25.713387,-80.283913,9.00,04/15/2024,00:55:00
-915,-98,-154,-173,8,S,25.713387,-80.283913,8.90,04/15/2024,00:55:00
-921,-103,-140,-173,8,S,25.713387,-80.283913,8.90,04/15/2024,00:55:00
-922,-97,-157,-173,8,S,25.713387,-80.283913,8.90,04/15/2024,00:55:00
-927,-98,-150,-173,8,S,25.713387,-80.283913,8.90,04/15/2024,00:55:01
-924,-98,-140,-173,8,S,25.713387,-80.283913,8.80,04/15/2024,00:55:01
-922,-105,-154,-173,8,S,25.713387,-80.283913,8.80,04/15/2024,00:55:01
-921,-101,-135,-173,8,S,25.713387,-80.283913,8.80,04/15/2024,00:55:01
-937,-94,-150,-174,8,S,25.713385,-80.283920,8.80,04/15/2024,00:55:01
-922,-97,-128,-173,8,S,25.713385,-80.283920,8.80,04/15/2024,00:55:01